{
  "n_trials": 36,
  "n_ok": 36,
  "best": {
    "trial": 19,
    "status": "ok",
    "req_low": 1,
    "confirm_s": 0.6,
    "min_lying": 0.3,
    "max_motion": 0.12,
    "ap": 0.845283982748319,
    "f1": 0.823529411764706,
    "recall": 0.7777777777777778,
    "precision": 0.875,
    "fa24h": 581.5843243262096,
    "mean_delay_s": 1.7228535669190543,
    "score": 0.705539566785829,
    "ops_yaml": "artifacts/reports/tuning/le2i_tcn_op2_quickgrid/cg_t019.yaml",
    "metrics_json": "artifacts/reports/tuning/le2i_tcn_op2_quickgrid/cg_t019.json"
  },
  "top5": [
    {
      "trial": 19,
      "status": "ok",
      "req_low": 1,
      "confirm_s": 0.6,
      "min_lying": 0.3,
      "max_motion": 0.12,
      "ap": 0.845283982748319,
      "f1": 0.823529411764706,
      "recall": 0.7777777777777778,
      "precision": 0.875,
      "fa24h": 581.5843243262096,
      "mean_delay_s": 1.7228535669190543,
      "score": 0.705539566785829,
      "ops_yaml": "artifacts/reports/tuning/le2i_tcn_op2_quickgrid/cg_t019.yaml",
      "metrics_json": "artifacts/reports/tuning/le2i_tcn_op2_quickgrid/cg_t019.json"
    },
    {
      "trial": 20,
      "status": "ok",
      "req_low": 1,
      "confirm_s": 0.6,
      "min_lying": 0.3,
      "max_motion": 0.2,
      "ap": 0.845283982748319,
      "f1": 0.823529411764706,
      "recall": 0.7777777777777778,
      "precision": 0.875,
      "fa24h": 581.5843243262096,
      "mean_delay_s": 1.7228535669190543,
      "score": 0.705539566785829,
      "ops_yaml": "artifacts/reports/tuning/le2i_tcn_op2_quickgrid/cg_t020.yaml",
      "metrics_json": "artifacts/reports/tuning/le2i_tcn_op2_quickgrid/cg_t020.json"
    },
    {
      "trial": 21,
      "status": "ok",
      "req_low": 1,
      "confirm_s": 0.6,
      "min_lying": 0.5,
      "max_motion": 0.12,
      "ap": 0.845283982748319,
      "f1": 0.823529411764706,
      "recall": 0.7777777777777778,
      "precision": 0.875,
      "fa24h": 581.5843243262096,
      "mean_delay_s": 1.7228535669190543,
      "score": 0.705539566785829,
      "ops_yaml": "artifacts/reports/tuning/le2i_tcn_op2_quickgrid/cg_t021.yaml",
      "metrics_json": "artifacts/reports/tuning/le2i_tcn_op2_quickgrid/cg_t021.json"
    },
    {
      "trial": 22,
      "status": "ok",
      "req_low": 1,
      "confirm_s": 0.6,
      "min_lying": 0.5,
      "max_motion": 0.2,
      "ap": 0.845283982748319,
      "f1": 0.823529411764706,
      "recall": 0.7777777777777778,
      "precision": 0.875,
      "fa24h": 581.5843243262096,
      "mean_delay_s": 1.7228535669190543,
      "score": 0.705539566785829,
      "ops_yaml": "artifacts/reports/tuning/le2i_tcn_op2_quickgrid/cg_t022.yaml",
      "metrics_json": "artifacts/reports/tuning/le2i_tcn_op2_quickgrid/cg_t022.json"
    },
    {
      "trial": 23,
      "status": "ok",
      "req_low": 1,
      "confirm_s": 0.6,
      "min_lying": 0.65,
      "max_motion": 0.12,
      "ap": 0.845283982748319,
      "f1": 0.823529411764706,
      "recall": 0.7777777777777778,
      "precision": 0.875,
      "fa24h": 581.5843243262096,
      "mean_delay_s": 1.7228535669190543,
      "score": 0.705539566785829,
      "ops_yaml": "artifacts/reports/tuning/le2i_tcn_op2_quickgrid/cg_t023.yaml",
      "metrics_json": "artifacts/reports/tuning/le2i_tcn_op2_quickgrid/cg_t023.json"
    }
  ]
}