{
  "tcn": {
    "n_windows": 14,
    "tau_low": 0.4757999777793884,
    "tau_high": 0.60999995470047,
    "confirm": 0,
    "max_p": 0.9998496770858765,
    "mean_p": 0.5693010030580419,
    "alert_span_idx": [
      9,
      13
    ],
    "alert_count": 5,
    "high_p_windows": [
      4,
      5,
      6,
      7,
      8,
      9
    ],
    "high_p_times_s": [
      2.859999895095825,
      3.3399999141693115,
      3.819999933242798,
      4.300000190734863,
      4.78000020980835,
      5.260000228881836
    ],
    "low_motion_windows": [
      8,
      9,
      10,
      11,
      12,
      13
    ],
    "high_lying_windows": [
      6,
      7,
      8,
      9,
      10,
      11,
      12,
      13
    ]
  },
  "gcn": {
    "n_windows": 14,
    "tau_low": 0.42899996042251587,
    "tau_high": 0.5499999523162842,
    "confirm": 0,
    "max_p": 0.9999996423721313,
    "mean_p": 0.6431857754609415,
    "alert_span_idx": [
      7,
      13
    ],
    "alert_count": 7,
    "high_p_windows": [
      4,
      5,
      6,
      7,
      8,
      9
    ],
    "high_p_times_s": [
      2.859999895095825,
      3.3399999141693115,
      3.819999933242798,
      4.300000190734863,
      4.78000020980835,
      5.260000228881836
    ],
    "low_motion_windows": [
      8,
      9,
      10,
      11,
      12,
      13
    ],
    "high_lying_windows": [
      6,
      7,
      8,
      9,
      10,
      11,
      12,
      13
    ]
  }
}