{
  "sweep": {
    "thr": [
      0.6000000238418579,
      0.6050000190734863,
      0.6100000143051147,
      0.6150000095367432,
      0.6200000047683716,
      0.625,
      0.6299999952316284,
      0.6349999904632568,
      0.6399999856948853,
      0.6449999809265137,
      0.6499999761581421,
      0.6549999713897705,
      0.6599999666213989,
      0.6649999618530273,
      0.6699999570846558,
      0.6749999523162842,
      0.6799999475479126,
      0.684999942779541,
      0.6899999380111694,
      0.6949999332427979,
      0.6999999284744263,
      0.7049999237060547,
      0.7099999189376831,
      0.7149999141693115,
      0.7199999094009399,
      0.7249999046325684,
      0.7299998998641968,
      0.7349998950958252,
      0.7399998903274536,
      0.744999885559082,
      0.7499998807907104,
      0.7549998760223389,
      0.7599998712539673,
      0.7649998664855957,
      0.7699998617172241,
      0.7749998569488525,
      0.779999852180481,
      0.7849998474121094,
      0.7899998426437378,
      0.7949998378753662,
      0.7999998331069946,
      0.804999828338623,
      0.8099998235702515,
      0.8149998188018799,
      0.8199998140335083,
      0.8249998092651367,
      0.8299998044967651,
      0.8349997997283936,
      0.839999794960022,
      0.8449997901916504,
      0.8499997854232788,
      0.8549997806549072,
      0.8599997758865356,
      0.8649997711181641,
      0.8699997663497925,
      0.8749997615814209,
      0.8799997568130493,
      0.8849997520446777,
      0.8899997472763062,
      0.8949997425079346,
      0.899999737739563,
      0.9049997329711914,
      0.9099997282028198,
      0.9149997234344482,
      0.9199997186660767,
      0.9249997138977051,
      0.9299997091293335,
      0.9349997043609619,
      0.9399996995925903,
      0.9449996948242188,
      0.9499996900558472,
      0.9549996852874756,
      0.959999680519104,
      0.9649996757507324,
      0.9699996709823608,
      0.9749996662139893,
      0.9799996614456177,
      0.9849996566772461,
      0.9899996519088745,
      0.9949996471405029
    ],
    "tau_low": [
      0.5100000202655792,
      0.5142500162124634,
      0.5185000121593475,
      0.5227500081062316,
      0.5270000040531159,
      0.53125,
      0.5354999959468841,
      0.5397499918937683,
      0.5439999878406524,
      0.5482499837875366,
      0.5524999797344208,
      0.5567499756813049,
      0.560999971628189,
      0.5652499675750732,
      0.5694999635219574,
      0.5737499594688416,
      0.5779999554157257,
      0.5822499513626098,
      0.586499947309494,
      0.5907499432563782,
      0.5949999392032623,
      0.5992499351501465,
      0.6034999310970306,
      0.6077499270439147,
      0.611999922990799,
      0.6162499189376831,
      0.6204999148845672,
      0.6247499108314514,
      0.6289999067783355,
      0.6332499027252197,
      0.6374998986721039,
      0.641749894618988,
      0.6459998905658721,
      0.6502498865127563,
      0.6544998824596405,
      0.6587498784065247,
      0.6629998743534088,
      0.6672498703002929,
      0.6714998662471771,
      0.6757498621940613,
      0.6799998581409454,
      0.6842498540878296,
      0.6884998500347137,
      0.6927498459815978,
      0.6969998419284821,
      0.7012498378753662,
      0.7054998338222503,
      0.7097498297691345,
      0.7139998257160186,
      0.7182498216629029,
      0.722499817609787,
      0.7267498135566711,
      0.7309998095035553,
      0.7352498054504394,
      0.7394998013973236,
      0.7437497973442078,
      0.7479997932910919,
      0.752249789237976,
      0.7564997851848602,
      0.7607497811317444,
      0.7649997770786285,
      0.7692497730255127,
      0.7734997689723968,
      0.7777497649192809,
      0.7819997608661652,
      0.7862497568130493,
      0.7904997527599334,
      0.7947497487068176,
      0.7989997446537017,
      0.803249740600586,
      0.8074997365474701,
      0.8117497324943542,
      0.8159997284412384,
      0.8202497243881225,
      0.8244997203350067,
      0.8287497162818909,
      0.832999712228775,
      0.8372497081756591,
      0.8414997041225433,
      0.8457497000694275
    ],
    "precision": [
      1.0,
      1.0,
      1.0,
      1.0,
      1.0,
      1.0,
      1.0,
      1.0,
      1.0,
      1.0,
      1.0,
      1.0,
      1.0,
      1.0,
      1.0,
      1.0,
      1.0,
      1.0,
      1.0,
      1.0,
      1.0,
      1.0,
      1.0,
      null,
      null,
      null,
      null,
      null,
      null,
      null,
      null,
      null,
      null,
      null,
      null,
      null,
      null,
      null,
      null,
      null,
      null,
      null,
      null,
      null,
      null,
      null,
      null,
      null,
      null,
      null,
      null,
      null,
      null,
      null,
      null,
      null,
      null,
      null,
      null,
      null,
      null,
      null,
      null,
      null,
      null,
      null,
      null,
      null,
      null,
      null,
      null,
      null,
      null,
      null,
      null,
      null,
      null,
      null,
      null,
      null
    ],
    "recall": [
      0.2,
      0.2,
      0.2,
      0.2,
      0.2,
      0.2,
      0.2,
      0.2,
      0.2,
      0.2,
      0.2,
      0.2,
      0.2,
      0.2,
      0.2,
      0.2,
      0.2,
      0.2,
      0.2,
      0.2,
      0.2,
      0.2,
      0.2,
      0.0,
      0.0,
      0.0,
      0.0,
      0.0,
      0.0,
      0.0,
      0.0,
      0.0,
      0.0,
      0.0,
      0.0,
      0.0,
      0.0,
      0.0,
      0.0,
      0.0,
      0.0,
      0.0,
      0.0,
      0.0,
      0.0,
      0.0,
      0.0,
      0.0,
      0.0,
      0.0,
      0.0,
      0.0,
      0.0,
      0.0,
      0.0,
      0.0,
      0.0,
      0.0,
      0.0,
      0.0,
      0.0,
      0.0,
      0.0,
      0.0,
      0.0,
      0.0,
      0.0,
      0.0,
      0.0,
      0.0,
      0.0,
      0.0,
      0.0,
      0.0,
      0.0,
      0.0,
      0.0,
      0.0,
      0.0,
      0.0
    ],
    "f1": [
      0.33333333333333337,
      0.33333333333333337,
      0.33333333333333337,
      0.33333333333333337,
      0.33333333333333337,
      0.33333333333333337,
      0.33333333333333337,
      0.33333333333333337,
      0.33333333333333337,
      0.33333333333333337,
      0.33333333333333337,
      0.33333333333333337,
      0.33333333333333337,
      0.33333333333333337,
      0.33333333333333337,
      0.33333333333333337,
      0.33333333333333337,
      0.33333333333333337,
      0.33333333333333337,
      0.33333333333333337,
      0.33333333333333337,
      0.33333333333333337,
      0.33333333333333337,
      null,
      null,
      null,
      null,
      null,
      null,
      null,
      null,
      null,
      null,
      null,
      null,
      null,
      null,
      null,
      null,
      null,
      null,
      null,
      null,
      null,
      null,
      null,
      null,
      null,
      null,
      null,
      null,
      null,
      null,
      null,
      null,
      null,
      null,
      null,
      null,
      null,
      null,
      null,
      null,
      null,
      null,
      null,
      null,
      null,
      null,
      null,
      null,
      null,
      null,
      null,
      null,
      null,
      null,
      null,
      null,
      null
    ],