split,path,stem,video_id,seq_stem,y,w_start,w_end,fps,overlap_frames,overlap_frac,valid_frac,avg_conf,valid_conf_mean,frame_valid_min,frame_valid_p10,low_frame_frac_25,low_frame_frac_50,zero_valid_frames,motion_mag_mean,motion_mag_p95,low_quality
train,train\Subject.10__Fall_backwards__ba208b73__w000000_000047.npz,Subject.10__Fall_backwards__ba208b73__w000000_000047,Subject.10/Fall backwards,Subject.10__Fall_backwards__ba208b73,0,0,47,23.0,0,0.0,0.8301767706871033,0.723545253276825,0.8645888566970825,0.7878787878787878,0.7878787878787878,0.0,0.0,0,0.027316678315401077,0.07292621843516826,False
train,train\Subject.10__Fall_backwards__ba208b73__w000012_000059.npz,Subject.10__Fall_backwards__ba208b73__w000012_000059,Subject.10/Fall backwards,Subject.10__Fall_backwards__ba208b73,0,12,59,23.0,0,0.0,0.8377525210380554,0.7442002892494202,0.8791512846946716,0.7272727272727273,0.8181818181818182,0.0,0.0,0,0.037415023893117905,0.10599403716623783,False
train,train\Subject.10__Fall_backwards__ba208b73__w000024_000071.npz,Subject.10__Fall_backwards__ba208b73__w000024_000071,Subject.10/Fall backwards,Subject.10__Fall_backwards__ba208b73,0,24,71,23.0,0,0.0,0.8125,0.7369487881660461,0.8961516618728638,0.6666666666666666,0.7181818181818183,0.0,0.0,0,0.04597683995962143,0.11208355985581861,False
train,train\Subject.10__Fall_backwards__ba208b73__w000036_000083.npz,Subject.10__Fall_backwards__ba208b73__w000036_000083,Subject.10/Fall backwards,Subject.10__Fall_backwards__ba208b73,1,36,83,23.0,6,0.125,0.814393937587738,0.7345460653305054,0.8896527886390686,0.6666666666666666,0.696969696969697,0.0,0.0,0,0.058840636163949966,0.13367478996515272,False
train,train\Subject.10__Fall_backwards__ba208b73__w000048_000095.npz,Subject.10__Fall_backwards__ba208b73__w000048_000095,Subject.10/Fall backwards,Subject.10__Fall_backwards__ba208b73,1,48,95,23.0,18,0.375,0.8510100841522217,0.7670132517814636,0.8906789422035217,0.6666666666666666,0.696969696969697,0.0,0.0,0,0.060593001544475555,0.13062178716063494,False
train,train\Subject.10__Fall_backwards__ba208b73__w000060_000107.npz,Subject.10__Fall_backwards__ba208b73__w000060_000107,Subject.10/Fall backwards,Subject.10__Fall_backwards__ba208b73,1,60,107,23.0,30,0.625,0.8920454382896423,0.7938311696052551,0.8837181329727173,0.6666666666666666,0.696969696969697,0.0,0.0,0,0.05049014836549759,0.12019648142158985,False
train,train\Subject.10__Fall_backwards__ba208b73__w000072_000119.npz,Subject.10__Fall_backwards__ba208b73__w000072_000119,Subject.10/Fall backwards,Subject.10__Fall_backwards__ba208b73,1,72,119,23.0,42,0.875,0.9621211886405945,0.8455640077590942,0.8757953643798828,0.6666666666666666,0.8181818181818182,0.0,0.0,0,0.04228883981704712,0.11765209957957268,False
train,train\Subject.10__Fall_backwards__ba208b73__w000084_000131.npz,Subject.10__Fall_backwards__ba208b73__w000084_000131,Subject.10/Fall backwards,Subject.10__Fall_backwards__ba208b73,1,84,131,23.0,48,1.0,0.9987373948097229,0.8774586915969849,0.8783831596374512,0.9696969696969697,1.0,0.0,0.0,0,0.03014311194419861,0.09702284932136532,False
train,train\Subject.10__Fall_backwards__ba208b73__w000096_000143.npz,Subject.10__Fall_backwards__ba208b73__w000096_000143,Subject.10/Fall backwards,Subject.10__Fall_backwards__ba208b73,1,96,143,23.0,48,1.0,0.9898989796638489,0.857472836971283,0.8652297258377075,0.9393939393939394,0.9393939393939394,0.0,0.0,0,0.028428716585040092,0.08252059556543824,False
train,train\Subject.10__Fall_backwards__ba208b73__w000108_000155.npz,Subject.10__Fall_backwards__ba208b73__w000108_000155,Subject.10/Fall backwards,Subject.10__Fall_backwards__ba208b73,1,108,155,23.0,48,1.0,0.940025269985199,0.7983905673027039,0.8436092138290405,0.7272727272727273,0.7484848484848485,0.0,0.0,0,0.047653935849666595,0.12105909287929531,False
train,train\Subject.10__Fall_backwards__ba208b73__w000120_000167.npz,Subject.10__Fall_backwards__ba208b73__w000120_000167,Subject.10/Fall backwards,Subject.10__Fall_backwards__ba208b73,1,120,167,23.0,48,1.0,0.8819444179534912,0.7249800562858582,0.8137004375457764,0.6666666666666666,0.7272727272727273,0.0,0.0,0,0.09607274830341339,0.5049679428339005,False
train,train\Subject.10__Fall_backwards__ba208b73__w000132_000179.npz,Subject.10__Fall_backwards__ba208b73__w000132_000179,Subject.10/Fall backwards,Subject.10__Fall_backwards__ba208b73,1,132,179,23.0,48,1.0,0.8383838534355164,0.6602977514266968,0.775789737701416,0.6666666666666666,0.7272727272727273,0.0,0.0,0,0.11616169661283493,0.5143730491399765,False
train,train\Subject.10__Fall_backwards__ba208b73__w000144_000191.npz,Subject.10__Fall_backwards__ba208b73__w000144_000191,Subject.10/Fall backwards,Subject.10__Fall_backwards__ba208b73,1,144,191,23.0,48,1.0,0.8390151262283325,0.647548496723175,0.7605035901069641,0.6666666666666666,0.7272727272727273,0.0,0.0,0,0.11429861187934875,0.5139233767986296,False
train,train\Subject.10__Fall_backwards__ba208b73__w000156_000203.npz,Subject.10__Fall_backwards__ba208b73__w000156_000203,Subject.10/Fall backwards,Subject.10__Fall_backwards__ba208b73,1,156,203,23.0,48,1.0,0.8869949579238892,0.7159268260002136,0.8011698126792908,0.6666666666666666,0.7575757575757576,0.0,0.0,0,0.09622688591480255,0.5019789218902587,False
train,train\Subject.10__Fall_backwards__ba208b73__w000168_000215.npz,Subject.10__Fall_backwards__ba208b73__w000168_000215,Subject.10/Fall backwards,Subject.10__Fall_backwards__ba208b73,1,168,215,23.0,48,1.0,0.9450757503509521,0.8118544816970825,0.8555147647857666,0.7272727272727273,0.7575757575757576,0.0,0.0,0,0.04194505885243416,0.09290238954126818,False
train,train\Subject.10__Fall_backwards__ba208b73__w000180_000227.npz,Subject.10__Fall_backwards__ba208b73__w000180_000227,Subject.10/Fall backwards,Subject.10__Fall_backwards__ba208b73,1,180,227,23.0,48,1.0,0.9886363744735718,0.8728024959564209,0.8820440769195557,0.9393939393939394,0.9696969696969697,0.0,0.0,0,0.023780912160873413,0.06330517753958702,False
train,train\Subject.10__Fall_backwards__ba208b73__w000192_000239.npz,Subject.10__Fall_backwards__ba208b73__w000192_000239,Subject.10/Fall backwards,Subject.10__Fall_backwards__ba208b73,1,192,239,23.0,48,1.0,0.998106062412262,0.900519609451294,0.9020152688026428,0.9696969696969697,1.0,0.0,0.0,0,0.020259585231542587,0.056694564595818474,False
train,train\Subject.10__Fall_backwards__ba208b73__w000204_000251.npz,Subject.10__Fall_backwards__ba208b73__w000204_000251,Subject.10/Fall backwards,Subject.10__Fall_backwards__ba208b73,1,204,251,23.0,48,1.0,1.0,0.8965768814086914,0.8965768814086914,1.0,1.0,0.0,0.0,0,0.015675336122512817,0.03843337818980216,False
train,train\Subject.10__Fall_backwards__ba208b73__w000216_000263.npz,Subject.10__Fall_backwards__ba208b73__w000216_000263,Subject.10/Fall backwards,Subject.10__Fall_backwards__ba208b73,1,216,263,23.0,48,1.0,1.0,0.8733037114143372,0.8733037114143372,1.0,1.0,0.0,0.0,0,0.018071172758936882,0.048030090890824696,False
train,train\Subject.10__Fall_forward__7071261d__w000000_000047.npz,Subject.10__Fall_forward__7071261d__w000000_000047,Subject.10/Fall forward,Subject.10__Fall_forward__7071261d,0,0,47,23.0,0,0.0,0.9614899158477783,0.7924575209617615,0.8214008808135986,0.8787878787878788,0.9,0.0,0.0,0,0.09475085884332657,0.4330514490604397,False
train,train\Subject.10__Fall_forward__7071261d__w000012_000059.npz,Subject.10__Fall_forward__7071261d__w000012_000059,Subject.10/Fall forward,Subject.10__Fall_forward__7071261d,1,12,59,23.0,7,0.1458333283662796,0.8970959782600403,0.7029016613960266,0.7778698205947876,0.5757575757575758,0.7181818181818183,0.0,0.0,0,0.1309170424938202,0.4857948169112205,False
train,train\Subject.10__Fall_forward__7071261d__w000024_000071.npz,Subject.10__Fall_forward__7071261d__w000024_000071,Subject.10/Fall forward,Subject.10__Fall_forward__7071261d,1,24,71,23.0,19,0.3958333432674408,0.8863636255264282,0.6855977177619934,0.766758382320404,0.5757575757575758,0.7181818181818183,0.0,0.0,0,0.14184561371803284,0.4871382430195807,False
train,train\Subject.10__Fall_forward__7071261d__w000036_000083.npz,Subject.10__Fall_forward__7071261d__w000036_000083,Subject.10/Fall forward,Subject.10__Fall_forward__7071261d,1,36,83,23.0,31,0.6458333134651184,0.8800504803657532,0.6655500531196594,0.749658465385437,0.5757575757575758,0.7181818181818183,0.0,0.0,0,0.12594352662563324,0.48704857230186444,False
train,train\Subject.10__Fall_forward__7071261d__w000048_000095.npz,Subject.10__Fall_forward__7071261d__w000048_000095,Subject.10/Fall forward,Subject.10__Fall_forward__7071261d,1,48,95,23.0,43,0.8958333134651184,0.8914141654968262,0.7146273255348206,0.7952930927276611,0.5757575757575758,0.7181818181818183,0.0,0.0,0,0.07599011063575745,0.29275923222303385,False
train,train\Subject.10__Fall_forward__7071261d__w000060_000107.npz,Subject.10__Fall_forward__7071261d__w000060_000107,Subject.10/Fall forward,Subject.10__Fall_forward__7071261d,1,60,107,23.0,48,1.0,0.9501262903213501,0.7707462310791016,0.8069232106208801,0.8484848484848485,0.8787878787878788,0.0,0.0,0,0.03930297866463661,0.10207238681614393,False
train,train\Subject.10__Fall_forward__7071261d__w000072_000119.npz,Subject.10__Fall_forward__7071261d__w000072_000119,Subject.10/Fall forward,Subject.10__Fall_forward__7071261d,1,72,119,23.0,48,1.0,0.9387626051902771,0.7363221049308777,0.7786113023757935,0.8484848484848485,0.8484848484848485,0.0,0.0,0,0.028033806011080742,0.05843203850090504,False
train,train\Subject.10__Fall_forward__7071261d__w000084_000131.npz,Subject.10__Fall_forward__7071261d__w000084_000131,Subject.10/Fall forward,Subject.10__Fall_forward__7071261d,1,84,131,23.0,48,1.0,0.9539141654968262,0.7394177913665771,0.7703106999397278,0.8484848484848485,0.8696969696969697,0.0,0.0,0,0.02571536786854267,0.06884106844663615,False
train,train\Subject.10__Fall_forward__7071261d__w000096_000143.npz,Subject.10__Fall_forward__7071261d__w000096_000143,Subject.10/Fall forward,Subject.10__Fall_forward__7071261d,1,96,143,23.0,48,1.0,0.9583333134651184,0.7399852871894836,0.7678948044776917,0.8484848484848485,0.8696969696969697,0.0,0.0,0,0.020037254318594933,0.04203746430575833,False
train,train\Subject.10__Fall_forward__7071261d__w000108_000155.npz,Subject.10__Fall_forward__7071261d__w000108_000155,Subject.10/Fall forward,Subject.10__Fall_forward__7071261d,1,108,155,23.0,48,1.0,0.9507575631141663,0.7352555394172668,0.7684909701347351,0.8484848484848485,0.9,0.0,0.0,0,0.02136988192796707,0.0544185098260641,False
train,train\Subject.10__Fall_forward__7071261d__w000120_000167.npz,Subject.10__Fall_forward__7071261d__w000120_000167,Subject.10/Fall forward,Subject.10__Fall_forward__7071261d,1,120,167,23.0,48,1.0,0.9507575631141663,0.7642213702201843,0.7986578941345215,0.8787878787878788,0.9090909090909091,0.0,0.0,0,0.016281260177493095,0.05174041353166103,False
train,train\Subject.10__Fall_forward__7071261d__w000132_000179.npz,Subject.10__Fall_forward__7071261d__w000132_000179,Subject.10/Fall forward,Subject.10__Fall_forward__7071261d,1,132,179,23.0,48,1.0,0.9160353541374207,0.7479525208473206,0.8083445429801941,0.7575757575757576,0.7878787878787878,0.0,0.0,0,0.020845329388976097,0.03863602466881272,False
train,train\Subject.10__Fall_forward__7071261d__w000144_000191.npz,Subject.10__Fall_forward__7071261d__w000144_000191,Subject.10/Fall forward,Subject.10__Fall_forward__7071261d,1,144,191,23.0,48,1.0,0.8838383555412292,0.7318907380104065,0.818897008895874,0.7575757575757576,0.7878787878787878,0.0,0.0,0,0.02160848118364811,0.03857424650341272,False
train,train\Subject.10__Fall_forward__7071261d__w000156_000203.npz,Subject.10__Fall_forward__7071261d__w000156_000203,Subject.10/Fall forward,Subject.10__Fall_forward__7071261d,1,156,203,23.0,48,1.0,0.872474730014801,0.7390178442001343,0.8369759917259216,0.7575757575757576,0.7878787878787878,0.0,0.0,0,0.026040446013212204,0.03855203744024038,False
train,train\Subject.10__Fall_forward__7071261d__w000168_000215.npz,Subject.10__Fall_forward__7071261d__w000168_000215,Subject.10/Fall forward,Subject.10__Fall_forward__7071261d,1,168,215,23.0,48,1.0,0.8939393758773804,0.7596122622489929,0.8425843119621277,0.7575757575757576,0.7878787878787878,0.0,0.0,0,0.029152121394872665,0.05003029890358446,False
train,train\Subject.10__Fall_forward__7071261d__w000180_000227.npz,Subject.10__Fall_forward__7071261d__w000180_000227,Subject.10/Fall forward,Subject.10__Fall_forward__7071261d,1,180,227,23.0,48,1.0,0.9261363744735718,0.8008752465248108,0.85986328125,0.7878787878787878,0.8484848484848485,0.0,0.0,0,0.025418078526854515,0.05171829257160419,False
train,train\Subject.10__Fall_forward__7071261d__w000192_000239.npz,Subject.10__Fall_forward__7071261d__w000192_000239,Subject.10/Fall forward,Subject.10__Fall_forward__7071261d,1,192,239,23.0,48,1.0,0.9614899158477783,0.8451727628707886,0.8751581311225891,0.8484848484848485,0.9090909090909091,0.0,0.0,0,0.025833748281002045,0.054473312385380224,False
train,train\Subject.10__Fall_left__ed17846b__w000000_000047.npz,Subject.10__Fall_left__ed17846b__w000000_000047,Subject.10/Fall left,Subject.10__Fall_left__ed17846b,0,0,47,23.0,0,0.0,0.8390151262283325,0.7233155369758606,0.8537724614143372,0.7272727272727273,0.8,0.0,0.0,0,0.06000129505991936,0.15040319114923473,False
train,train\Subject.10__Fall_left__ed17846b__w000012_000059.npz,Subject.10__Fall_left__ed17846b__w000012_000059,Subject.10/Fall left,Subject.10__Fall_left__ed17846b,1,12,59,23.0,10,0.2083333283662796,0.8390151262283325,0.7068042755126953,0.8356772661209106,0.7272727272727273,0.8,0.0,0.0,0,0.07037632167339325,0.16949211657047264,False
train,train\Subject.10__Fall_left__ed17846b__w000024_000071.npz,Subject.10__Fall_left__ed17846b__w000024_000071,Subject.10/Fall left,Subject.10__Fall_left__ed17846b,1,24,71,23.0,22,0.4583333432674408,0.8453282713890076,0.6858805418014526,0.8064343929290771,0.696969696969697,0.8181818181818182,0.0,0.0,0,0.07144276797771454,0.1647492237389086,False
train,train\Subject.10__Fall_left__ed17846b__w000036_000083.npz,Subject.10__Fall_left__ed17846b__w000036_000083,Subject.10/Fall left,Subject.10__Fall_left__ed17846b,1,36,83,23.0,34,0.7083333134651184,0.8023989796638489,0.6198428869247437,0.76665198802948,0.6666666666666666,0.6666666666666666,0.0,0.0,0,0.08404480665922165,0.3182351991534224,False
train,train\Subject.10__Fall_left__ed17846b__w000048_000095.npz,Subject.10__Fall_left__ed17846b__w000048_000095,Subject.10/Fall left,Subject.10__Fall_left__ed17846b,1,48,95,23.0,46,0.9583333134651184,0.7657828330993652,0.5612897276878357,0.7274783253669739,0.6666666666666666,0.6666666666666666,0.0,0.0,0,0.11921162158250809,0.6875861734151839,False
train,train\Subject.10__Fall_left__ed17846b__w000060_000107.npz,Subject.10__Fall_left__ed17846b__w000060_000107,Subject.10/Fall left,Subject.10__Fall_left__ed17846b,1,60,107,23.0,48,1.0,0.7361111044883728,0.5333856344223022,0.7163084745407104,0.6666666666666666,0.6666666666666666,0.0,0.0,0,0.12006805837154388,0.7108371138572692,False
train,train\Subject.10__Fall_left__ed17846b__w000072_000119.npz,Subject.10__Fall_left__ed17846b__w000072_000119,Subject.10/Fall left,Subject.10__Fall_left__ed17846b,1,72,119,23.0,48,1.0,0.7026515007019043,0.5197995901107788,0.7284197807312012,0.6666666666666666,0.6666666666666666,0.0,0.0,0,0.1101476401090622,0.7100878298282622,False
train,train\Subject.10__Fall_left__ed17846b__w000084_000131.npz,Subject.10__Fall_left__ed17846b__w000084_000131,Subject.10/Fall left,Subject.10__Fall_left__ed17846b,1,84,131,23.0,48,1.0,0.7184343338012695,0.5365707874298096,0.7370205521583557,0.6666666666666666,0.6666666666666666,0.0,0.0,0,0.08830193430185318,0.5766326338052747,False
train,train\Subject.10__Fall_left__ed17846b__w000096_000143.npz,Subject.10__Fall_left__ed17846b__w000096_000143,Subject.10/Fall left,Subject.10__Fall_left__ed17846b,1,96,143,23.0,48,1.0,0.7411616444587708,0.5765435099601746,0.7682552337646484,0.6666666666666666,0.6666666666666666,0.0,0.0,0,0.04468223825097084,0.061351351253688326,False
train,train\Subject.10__Fall_left__ed17846b__w000108_000155.npz,Subject.10__Fall_left__ed17846b__w000108_000155,Subject.10/Fall left,Subject.10__Fall_left__ed17846b,1,108,155,23.0,48,1.0,0.7948232293128967,0.6224385499954224,0.7762616276741028,0.6666666666666666,0.6666666666666666,0.0,0.0,0,0.0479855015873909,0.11703072413802068,False
train,train\Subject.10__Fall_left__ed17846b__w000120_000167.npz,Subject.10__Fall_left__ed17846b__w000120_000167,Subject.10/Fall left,Subject.10__Fall_left__ed17846b,1,120,167,23.0,48,1.0,0.8535353541374207,0.6466423869132996,0.753757894039154,0.7272727272727273,0.7272727272727273,0.0,0.0,0,0.11850550770759583,0.5955766052007674,False
train,train\Subject.10__Fall_left__ed17846b__w000132_000179.npz,Subject.10__Fall_left__ed17846b__w000132_000179,Subject.10/Fall left,Subject.10__Fall_left__ed17846b,1,132,179,23.0,48,1.0,0.8573232293128967,0.6651563048362732,0.7697849869728088,0.6363636363636364,0.7272727272727273,0.0,0.0,0,0.15287287533283234,0.6247802704572677,False
train,train\Subject.10__Fall_left__ed17846b__w000144_000191.npz,Subject.10__Fall_left__ed17846b__w000144_000191,Subject.10/Fall left,Subject.10__Fall_left__ed17846b,1,144,191,23.0,48,1.0,0.8131313323974609,0.6335853934288025,0.7687152624130249,0.5151515151515151,0.5878787878787879,0.0,0.0,0,0.17640894651412964,0.6493728220462798,False
train,train\Subject.10__Fall_left__ed17846b__w000156_000203.npz,Subject.10__Fall_left__ed17846b__w000156_000203,Subject.10/Fall left,Subject.10__Fall_left__ed17846b,1,156,203,23.0,48,1.0,0.8125,0.6389464735984802,0.7761634588241577,0.5151515151515151,0.5878787878787879,0.0,0.0,0,0.18165799975395203,0.6541709631681442,False
train,train\Subject.10__Fall_right__8c86f675__w000000_000047.npz,Subject.10__Fall_right__8c86f675__w000000_000047,Subject.10/Fall right,Subject.10__Fall_right__8c86f675,0,0,47,23.0,0,0.0,0.8522727489471436,0.7943025231361389,0.9176000356674194,0.696969696969697,0.8181818181818182,0.0,0.0,0,0.0471753291785717,0.07236222177743909,False
train,train\Subject.10__Fall_right__8c86f675__w000012_000059.npz,Subject.10__Fall_right__8c86f675__w000012_000059,Subject.10/Fall right,Subject.10__Fall_right__8c86f675,0,12,59,23.0,0,0.0,0.8566918969154358,0.8121829628944397,0.933873176574707,0.8181818181818182,0.8181818181818182,0.0,0.0,0,0.054028868675231934,0.09504281394183624,False
train,train\Subject.10__Fall_right__8c86f675__w000024_000071.npz,Subject.10__Fall_right__8c86f675__w000024_000071,Subject.10/Fall right,Subject.10__Fall_right__8c86f675,0,24,71,23.0,0,0.0,0.8598484992980957,0.7793095111846924,0.8949505090713501,0.7878787878787878,0.8181818181818182,0.0,0.0,0,0.06838255375623703,0.14946515038609498,False
train,train\Subject.10__Fall_right__8c86f675__w000036_000083.npz,Subject.10__Fall_right__8c86f675__w000036_000083,Subject.10/Fall right,Subject.10__Fall_right__8c86f675,1,36,83,23.0,10,0.2083333283662796,0.8409090638160706,0.7264695763587952,0.8524873852729797,0.696969696969697,0.7575757575757576,0.0,0.0,0,0.08655120432376862,0.21334784924983968,False
train,train\Subject.10__Fall_right__8c86f675__w000048_000095.npz,Subject.10__Fall_right__8c86f675__w000048_000095,Subject.10/Fall right,Subject.10__Fall_right__8c86f675,1,48,95,23.0,22,0.4583333432674408,0.8535353541374207,0.7029834985733032,0.8139092326164246,0.696969696969697,0.7393939393939394,0.0,0.0,0,0.08608689904212952,0.21334784924983968,False
train,train\Subject.10__Fall_right__8c86f675__w000060_000107.npz,Subject.10__Fall_right__8c86f675__w000060_000107,Subject.10/Fall right,Subject.10__Fall_right__8c86f675,1,60,107,23.0,34,0.7083333134651184,0.8661616444587708,0.692453920841217,0.7906755805015564,0.696969696969697,0.7393939393939394,0.0,0.0,0,0.0846361294388771,0.2400035075843331,False
train,train\Subject.10__Fall_right__8c86f675__w000072_000119.npz,Subject.10__Fall_right__8c86f675__w000072_000119,Subject.10/Fall right,Subject.10__Fall_right__8c86f675,1,72,119,23.0,46,0.9583333134651184,0.877525269985199,0.7052643299102783,0.7950609922409058,0.696969696969697,0.7393939393939394,0.0,0.0,0,0.06236494332551956,0.15221293196082114,False
train,train\Subject.10__Fall_right__8c86f675__w000084_000131.npz,Subject.10__Fall_right__8c86f675__w000084_000131,Subject.10/Fall right,Subject.10__Fall_right__8c86f675,1,84,131,23.0,48,1.0,0.9229797720909119,0.7399683594703674,0.795001208782196,0.696969696969697,0.8787878787878788,0.0,0.0,0,0.04020695760846138,0.08174789734184734,False
train,train\Subject.10__Fall_right__8c86f675__w000096_000143.npz,Subject.10__Fall_right__8c86f675__w000096_000143,Subject.10/Fall right,Subject.10__Fall_right__8c86f675,1,96,143,23.0,48,1.0,0.9324495196342468,0.7496380805969238,0.7980725765228271,0.8787878787878788,0.8787878787878788,0.0,0.0,0,0.032225385308265686,0.05731883198022838,False
train,train\Subject.10__Fall_right__8c86f675__w000108_000155.npz,Subject.10__Fall_right__8c86f675__w000108_000155,Subject.10/Fall right,Subject.10__Fall_right__8c86f675,1,108,155,23.0,48,1.0,0.9412878751754761,0.7452660799026489,0.7881073951721191,0.8181818181818182,0.9090909090909091,0.0,0.0,0,0.025047222152352333,0.048791963048279284,False
train,train\Subject.10__Fall_right__8c86f675__w000120_000167.npz,Subject.10__Fall_right__8c86f675__w000120_000167,Subject.10/Fall right,Subject.10__Fall_right__8c86f675,1,120,167,23.0,48,1.0,0.9116161465644836,0.6996504664421082,0.7622228264808655,0.7575757575757576,0.8181818181818182,0.0,0.0,0,0.025057995691895485,0.04337156061083077,False
train,train\Subject.10__Fall_right__8c86f675__w000132_000179.npz,Subject.10__Fall_right__8c86f675__w000132_000179,Subject.10/Fall right,Subject.10__Fall_right__8c86f675,1,132,179,23.0,48,1.0,0.8964646458625793,0.6685651540756226,0.738702118396759,0.7575757575757576,0.8181818181818182,0.0,0.0,0,0.026177890598773956,0.03893909510225056,False
train,train\Subject.10__Fall_right__8c86f675__w000144_000191.npz,Subject.10__Fall_right__8c86f675__w000144_000191,Subject.10/Fall right,Subject.10__Fall_right__8c86f675,1,144,191,23.0,48,1.0,0.8270202279090881,0.6101873517036438,0.725256085395813,0.6060606060606061,0.6272727272727273,0.0,0.0,0,0.03565272316336632,0.04137236457318067,False
train,train\Subject.10__Fall_sitting__1f2765d1__w000000_000047.npz,Subject.10__Fall_sitting__1f2765d1__w000000_000047,Subject.10/Fall sitting,Subject.10__Fall_sitting__1f2765d1,0,0,47,23.0,0,0.0,0.8093434572219849,0.633756160736084,0.7706965208053589,0.6363636363636364,0.7272727272727273,0.0,0.0,0,0.11704951524734497,0.3925163984298703,False
train,train\Subject.10__Fall_sitting__1f2765d1__w000012_000059.npz,Subject.10__Fall_sitting__1f2765d1__w000012_000059,Subject.10/Fall sitting,Subject.10__Fall_sitting__1f2765d1,0,12,59,23.0,0,0.0,0.754419207572937,0.5944459438323975,0.7728132605552673,0.5151515151515151,0.6060606060606061,0.0,0.0,0,0.11894947290420532,0.5201649188995342,False
train,train\Subject.10__Fall_sitting__1f2765d1__w000024_000071.npz,Subject.10__Fall_sitting__1f2765d1__w000024_000071,Subject.10/Fall sitting,Subject.10__Fall_sitting__1f2765d1,0,24,71,23.0,0,0.0,0.7803030014038086,0.6006761193275452,0.7565255165100098,0.5151515151515151,0.6060606060606061,0.0,0.0,0,0.15334999561309814,0.7307384759187695,False
train,train\Subject.10__Fall_sitting__1f2765d1__w000036_000083.npz,Subject.10__Fall_sitting__1f2765d1__w000036_000083,Subject.10/Fall sitting,Subject.10__Fall_sitting__1f2765d1,1,36,83,23.0,8,0.1666666716337204,0.8251262903213501,0.6325746178627014,0.7565357685089111,0.5151515151515151,0.6060606060606061,0.0,0.0,0,0.15868650376796722,0.7307384759187695,False
train,train\Subject.10__Fall_sitting__1f2765d1__w000048_000095.npz,Subject.10__Fall_sitting__1f2765d1__w000048_000095,Subject.10/Fall sitting,Subject.10__Fall_sitting__1f2765d1,1,48,95,23.0,20,0.4166666567325592,0.8648989796638489,0.6859304904937744,0.7859986424446106,0.5151515151515151,0.6060606060606061,0.0,0.0,0,0.15872643887996674,0.6860283792018889,False
train,train\Subject.10__Fall_sitting__1f2765d1__w000060_000107.npz,Subject.10__Fall_sitting__1f2765d1__w000060_000107,Subject.10/Fall sitting,Subject.10__Fall_sitting__1f2765d1,1,60,107,23.0,32,0.6666666865348816,0.9570707082748413,0.7586320042610168,0.7894994020462036,0.6060606060606061,0.8787878787878788,0.0,0.0,0,0.13059645891189575,0.4706362724304198,False
train,train\Subject.10__Fall_sitting__1f2765d1__w000072_000119.npz,Subject.10__Fall_sitting__1f2765d1__w000072_000119,Subject.10/Fall sitting,Subject.10__Fall_sitting__1f2765d1,1,72,119,23.0,44,0.9166666865348816,0.9823232293128967,0.8182064294815063,0.8314288854598999,0.8787878787878788,0.9393939393939394,0.0,0.0,0,0.07167451083660126,0.16894511282443994,False
train,train\Subject.10__Fall_sitting__1f2765d1__w000084_000131.npz,Subject.10__Fall_sitting__1f2765d1__w000084_000131,Subject.10/Fall sitting,Subject.10__Fall_sitting__1f2765d1,1,84,131,23.0,48,1.0,0.9861111044883728,0.8437037467956543,0.854587197303772,0.9393939393939394,0.9606060606060607,0.0,0.0,0,0.06815604865550995,0.16936033219099042,False
train,train\Subject.10__Fall_sitting__1f2765d1__w000096_000143.npz,Subject.10__Fall_sitting__1f2765d1__w000096_000143,Subject.10/Fall sitting,Subject.10__Fall_sitting__1f2765d1,1,96,143,23.0,48,1.0,0.9797979593276978,0.8231150507926941,0.8387042880058289,0.8787878787878788,0.9393939393939394,0.0,0.0,0,0.06475057452917099,0.1634853847324848,False
train,train\Subject.10__Fall_sitting__1f2765d1__w000108_000155.npz,Subject.10__Fall_sitting__1f2765d1__w000108_000155,Subject.10/Fall sitting,Subject.10__Fall_sitting__1f2765d1,1,108,155,23.0,48,1.0,0.9501262903213501,0.8163418173789978,0.8569326400756836,0.8181818181818182,0.8484848484848485,0.0,0.0,0,0.06274276226758957,0.1634938709437847,False
train,train\Subject.10__Fall_sitting__1f2765d1__w000120_000167.npz,Subject.10__Fall_sitting__1f2765d1__w000120_000167,Subject.10/Fall sitting,Subject.10__Fall_sitting__1f2765d1,1,120,167,23.0,48,1.0,0.9261363744735718,0.7993724346160889,0.8584327101707458,0.8181818181818182,0.8393939393939395,0.0,0.0,0,0.06144854053854942,0.1634938709437847,False
train,train\Subject.10__Fall_sitting__1f2765d1__w000132_000179.npz,Subject.10__Fall_sitting__1f2765d1__w000132_000179,Subject.10/Fall sitting,Subject.10__Fall_sitting__1f2765d1,1,132,179,23.0,48,1.0,0.9071969985961914,0.8026696443557739,0.8763900995254517,0.8181818181818182,0.8393939393939395,0.0,0.0,0,0.05693088844418526,0.12044194042682639,False
train,train\Subject.10__Fall_sitting__1f2765d1__w000144_000191.npz,Subject.10__Fall_sitting__1f2765d1__w000144_000191,Subject.10/Fall sitting,Subject.10__Fall_sitting__1f2765d1,1,144,191,23.0,48,1.0,0.8762626051902771,0.7827269434928894,0.8825509548187256,0.8181818181818182,0.8393939393939395,0.0,0.0,0,0.05776975676417351,0.09604112282395356,False
train,train\Subject.10__Fall_sitting__1f2765d1__w000156_000203.npz,Subject.10__Fall_sitting__1f2765d1__w000156_000203,Subject.10/Fall sitting,Subject.10__Fall_sitting__1f2765d1,1,156,203,23.0,48,1.0,0.9103535413742065,0.8043646216392517,0.8743806481361389,0.8181818181818182,0.8484848484848485,0.0,0.0,0,0.05162171646952629,0.10268739238381375,False
train,train\Subject.10__Fall_sitting__1f2765d1__w000168_000215.npz,Subject.10__Fall_sitting__1f2765d1__w000168_000215,Subject.10/Fall sitting,Subject.10__Fall_sitting__1f2765d1,1,168,215,23.0,48,1.0,0.9185606241226196,0.8102725744247437,0.8734519481658936,0.8484848484848485,0.8484848484848485,0.0,0.0,0,0.04693926125764847,0.09116093069314944,False
train,train\Subject.10__Fall_sitting__1f2765d1__w000180_000227.npz,Subject.10__Fall_sitting__1f2765d1__w000180_000227,Subject.10/Fall sitting,Subject.10__Fall_sitting__1f2765d1,1,180,227,23.0,48,1.0,0.9191918969154358,0.8026830554008484,0.8654035925865173,0.8484848484848485,0.8484848484848485,0.0,0.0,0,0.04169128090143204,0.08225310295820232,False
train,train\Subject.10__Fall_sitting__1f2765d1__w000192_000239.npz,Subject.10__Fall_sitting__1f2765d1__w000192_000239,Subject.10/Fall sitting,Subject.10__Fall_sitting__1f2765d1,1,192,239,23.0,48,1.0,0.9564393758773804,0.8409532308578491,0.8739499449729919,0.8484848484848485,0.8484848484848485,0.0,0.0,0,0.030882004648447037,0.050046908110380164,False
train,train\Subject.10__Fall_sitting__1f2765d1__w000204_000251.npz,Subject.10__Fall_sitting__1f2765d1__w000204_000251,Subject.10/Fall sitting,Subject.10__Fall_sitting__1f2765d1,1,204,251,23.0,48,1.0,0.9570707082748413,0.8320401310920715,0.8641511797904968,0.8484848484848485,0.8484848484848485,0.0,0.0,0,0.030973007902503014,0.05124089792370796,False
train,train\Subject.10__Fall_sitting__1f2765d1__w000216_000263.npz,Subject.10__Fall_sitting__1f2765d1__w000216_000263,Subject.10/Fall sitting,Subject.10__Fall_sitting__1f2765d1,1,216,263,23.0,48,1.0,0.9722222089767456,0.8360466361045837,0.856549859046936,0.8484848484848485,0.8787878787878788,0.0,0.0,0,0.030582239851355553,0.07100050710141655,False
train,train\Subject.10__Fall_sitting__1f2765d1__w000228_000275.npz,Subject.10__Fall_sitting__1f2765d1__w000228_000275,Subject.10/Fall sitting,Subject.10__Fall_sitting__1f2765d1,1,228,275,23.0,48,1.0,0.9779040217399597,0.828041136264801,0.8452089428901672,0.8181818181818182,0.9333333333333333,0.0,0.0,0,0.058504775166511536,0.1888253569602966,False
train,train\Subject.10__Fall_sitting__1f2765d1__w000240_000287.npz,Subject.10__Fall_sitting__1f2765d1__w000240_000287,Subject.10/Fall sitting,Subject.10__Fall_sitting__1f2765d1,1,240,287,23.0,48,1.0,0.9779040217399597,0.8197643160820007,0.8367450833320618,0.8181818181818182,0.9333333333333333,0.0,0.0,0,0.07602748274803162,0.2277943328022956,False
train,train\Subject.10__Hop__70d6028a__w000000_000047.npz,Subject.10__Hop__70d6028a__w000000_000047,Subject.10/Hop,Subject.10__Hop__70d6028a,0,0,47,23.0,0,0.0,0.9084596037864685,0.7929434776306152,0.8673437833786011,0.7272727272727273,0.7272727272727273,0.0,0.0,0,0.035256341099739075,0.08147242739796634,False
train,train\Subject.10__Hop__70d6028a__w000012_000059.npz,Subject.10__Hop__70d6028a__w000012_000059,Subject.10/Hop,Subject.10__Hop__70d6028a,0,12,59,23.0,0,0.0,0.940025269985199,0.8410282135009766,0.8910036683082581,0.7272727272727273,0.7484848484848485,0.0,0.0,0,0.036352623254060745,0.07847554571926593,False
train,train\Subject.10__Hop__70d6028a__w000024_000071.npz,Subject.10__Hop__70d6028a__w000024_000071,Subject.10/Hop,Subject.10__Hop__70d6028a,0,24,71,23.0,0,0.0,0.9835858345031738,0.8549162149429321,0.8679973483085632,0.9090909090909091,0.9303030303030303,0.0,0.0,0,0.056044597178697586,0.11920438036322585,False
train,train\Subject.10__Hop__70d6028a__w000036_000083.npz,Subject.10__Hop__70d6028a__w000036_000083,Subject.10/Hop,Subject.10__Hop__70d6028a,0,36,83,23.0,0,0.0,0.9476010203361511,0.8291681408882141,0.8719505071640015,0.7575757575757576,0.8181818181818182,0.0,0.0,0,0.06717433035373688,0.18318182602524702,False
train,train\Subject.10__Hop__70d6028a__w000048_000095.npz,Subject.10__Hop__70d6028a__w000048_000095,Subject.10/Hop,Subject.10__Hop__70d6028a,0,48,95,23.0,0,0.0,0.8806818127632141,0.7650483846664429,0.8618857264518738,0.696969696969697,0.7272727272727273,0.0,0.0,0,0.0655004233121872,0.19403619468212072,False
train,train\Subject.10__Hop__70d6028a__w000060_000107.npz,Subject.10__Hop__70d6028a__w000060_000107,Subject.10/Hop,Subject.10__Hop__70d6028a,0,60,107,23.0,0,0.0,0.8282828330993652,0.6902620196342468,0.8244758248329163,0.696969696969697,0.696969696969697,0.0,0.0,0,0.06517064571380615,0.24312500581145235,False
train,train\Subject.10__Hop__70d6028a__w000072_000119.npz,Subject.10__Hop__70d6028a__w000072_000119,Subject.10/Hop,Subject.10__Hop__70d6028a,0,72,119,23.0,0,0.0,0.8055555820465088,0.7031140327453613,0.8620058298110962,0.696969696969697,0.696969696969697,0.0,0.0,0,0.04374014213681221,0.11700688600540156,False
train,train\Subject.10__Hop__70d6028a__w000084_000131.npz,Subject.10__Hop__70d6028a__w000084_000131,Subject.10/Hop,Subject.10__Hop__70d6028a,0,84,131,23.0,0,0.0,0.8522727489471436,0.7449621558189392,0.8669312596321106,0.696969696969697,0.696969696969697,0.0,0.0,0,0.03111443854868412,0.07442475892603397,False
train,train\Subject.10__Hop__70d6028a__w000096_000143.npz,Subject.10__Hop__70d6028a__w000096_000143,Subject.10/Hop,Subject.10__Hop__70d6028a,0,96,143,23.0,0,0.0,0.9191918969154358,0.8257656097412109,0.8950901031494141,0.696969696969697,0.7818181818181819,0.0,0.0,0,0.029070010408759117,0.06594595126807687,False
train,train\Subject.10__Hop__70d6028a__w000108_000155.npz,Subject.10__Hop__70d6028a__w000108_000155,Subject.10/Hop,Subject.10__Hop__70d6028a,0,108,155,23.0,0,0.0,0.9715909361839294,0.8962565660476685,0.9207703471183777,0.8181818181818182,0.8393939393939395,0.0,0.0,0,0.027183013036847115,0.06857578940689557,False
train,train\Subject.10__Hop__70d6028a__w000120_000167.npz,Subject.10__Hop__70d6028a__w000120_000167,Subject.10/Hop,Subject.10__Hop__70d6028a,0,120,167,23.0,0,0.0,0.9962121248245239,0.9008742570877075,0.9040906429290771,0.9696969696969697,0.9696969696969697,0.0,0.0,0,0.03842954337596893,0.09133148565888403,False
train,train\Subject.10__Hop__70d6028a__w000132_000179.npz,Subject.10__Hop__70d6028a__w000132_000179,Subject.10/Hop,Subject.10__Hop__70d6028a,0,132,179,23.0,0,0.0,0.9444444179534912,0.8399634957313538,0.8866449594497681,0.7575757575757576,0.7878787878787878,0.0,0.0,0,0.053784336894750595,0.12292453348636576,False
train,train\Subject.10__Hop__70d6028a__w000144_000191.npz,Subject.10__Hop__70d6028a__w000144_000191,Subject.10/Hop,Subject.10__Hop__70d6028a,0,144,191,23.0,0,0.0,0.8895202279090881,0.7595316767692566,0.8490284085273743,0.7272727272727273,0.7575757575757576,0.0,0.0,0,0.059154730290174484,0.1537000067532062,False
train,train\Subject.10__Hop__70d6028a__w000156_000203.npz,Subject.10__Hop__70d6028a__w000156_000203,Subject.10/Hop,Subject.10__Hop__70d6028a,0,156,203,23.0,0,0.0,0.7897727489471436,0.6575976014137268,0.8220473527908325,0.5151515151515151,0.6060606060606061,0.0,0.0,0,0.0625419020652771,0.18348057195544212,False
train,train\Subject.10__Hop__70d6028a__w000168_000215.npz,Subject.10__Hop__70d6028a__w000168_000215,Subject.10/Hop,Subject.10__Hop__70d6028a,0,168,215,23.0,0,0.0,0.7260100841522217,0.6170513033866882,0.8350900411605835,0.5151515151515151,0.5151515151515151,0.0,0.0,0,0.053933508694171906,0.1422984600067137,False
train,train\Subject.10__Hop__70d6028a__w000180_000227.npz,Subject.10__Hop__70d6028a__w000180_000227,Subject.10/Hop,Subject.10__Hop__70d6028a,0,180,227,23.0,0,0.0,0.7550504803657532,0.6497033834457397,0.8485975861549377,0.5151515151515151,0.5151515151515151,0.0,0.0,0,0.04232487082481384,0.09197808057069773,False
train,train\Subject.10__Hop__70d6028a__w000192_000239.npz,Subject.10__Hop__70d6028a__w000192_000239,Subject.10/Hop,Subject.10__Hop__70d6028a,0,192,239,23.0,0,0.0,0.8005050420761108,0.6882558465003967,0.8497822880744934,0.5151515151515151,0.5151515151515151,0.0,0.0,0,0.0366155244410038,0.08375792764127254,False
train,train\Subject.10__Kneel__d6107390__w000000_000047.npz,Subject.10__Kneel__d6107390__w000000_000047,Subject.10/Kneel,Subject.10__Kneel__d6107390,0,0,47,23.0,0,0.0,0.8857323527336121,0.7379105687141418,0.8276581168174744,0.5454545454545454,0.696969696969697,0.0,0.0,0,0.10884817689657211,0.3354615107178686,False
train,train\Subject.10__Kneel__d6107390__w000012_000059.npz,Subject.10__Kneel__d6107390__w000012_000059,Subject.10/Kneel,Subject.10__Kneel__d6107390,0,12,59,23.0,0,0.0,0.8358585834503174,0.6707165837287903,0.7944671511650085,0.5454545454545454,0.5878787878787879,0.0,0.0,0,0.12958475947380066,0.4181203961372373,False
train,train\Subject.10__Kneel__d6107390__w000024_000071.npz,Subject.10__Kneel__d6107390__w000024_000071,Subject.10/Kneel,Subject.10__Kneel__d6107390,0,24,71,23.0,0,0.0,0.7897727489471436,0.6295409798622131,0.7861112356185913,0.5454545454545454,0.5878787878787879,0.0,0.0,0,0.17013005912303925,0.6692503899335854,False
train,train\Subject.10__Kneel__d6107390__w000036_000083.npz,Subject.10__Kneel__d6107390__w000036_000083,Subject.10/Kneel,Subject.10__Kneel__d6107390,0,36,83,23.0,0,0.0,0.752525269985199,0.600434422492981,0.7840585112571716,0.5454545454545454,0.5878787878787879,0.0,0.0,0,0.2118893563747406,0.7181912809610352,False
train,train\Subject.10__Kneel__d6107390__w000048_000095.npz,Subject.10__Kneel__d6107390__w000048_000095,Subject.10/Kneel,Subject.10__Kneel__d6107390,0,48,95,23.0,0,0.0,0.7746211886405945,0.6355053186416626,0.8082380890846252,0.5454545454545454,0.6272727272727273,0.0,0.0,0,0.18106183409690857,0.6816589206457134,False
train,train\Subject.10__Kneel__d6107390__w000060_000107.npz,Subject.10__Kneel__d6107390__w000060_000107,Subject.10/Kneel,Subject.10__Kneel__d6107390,0,60,107,23.0,0,0.0,0.7891414165496826,0.6228306889533997,0.7792962789535522,0.6060606060606061,0.696969696969697,0.0,0.0,0,0.22702281177043915,0.7674759209156035,False
train,train\Subject.10__Kneel__d6107390__w000072_000119.npz,Subject.10__Kneel__d6107390__w000072_000119,Subject.10/Kneel,Subject.10__Kneel__d6107390,0,72,119,23.0,0,0.0,0.8055555820465088,0.6135371923446655,0.752895712852478,0.6363636363636364,0.696969696969697,0.0,0.0,0,0.25251078605651855,0.8861424505710601,False
train,train\Subject.10__Kneel__d6107390__w000084_000131.npz,Subject.10__Kneel__d6107390__w000084_000131,Subject.10/Kneel,Subject.10__Kneel__d6107390,0,84,131,23.0,0,0.0,0.818813145160675,0.6357126832008362,0.768962025642395,0.7272727272727273,0.7272727272727273,0.0,0.0,0,0.2137821912765503,0.8665125101804733,False
train,train\Subject.10__Kneel__d6107390__w000096_000143.npz,Subject.10__Kneel__d6107390__w000096_000143,Subject.10/Kneel,Subject.10__Kneel__d6107390,0,96,143,23.0,0,0.0,0.8327020406723022,0.6658961772918701,0.7921903133392334,0.7575757575757576,0.7575757575757576,0.0,0.0,0,0.2058277726173401,0.8304942667484282,False
train,train\Subject.10__Kneel__d6107390__w000108_000155.npz,Subject.10__Kneel__d6107390__w000108_000155,Subject.10/Kneel,Subject.10__Kneel__d6107390,0,108,155,23.0,0,0.0,0.8383838534355164,0.7130959033966064,0.8433420658111572,0.7575757575757576,0.7878787878787878,0.0,0.0,0,0.1594354212284088,0.7248082786798471,False
train,train\Subject.10__Kneel__d6107390__w000120_000167.npz,Subject.10__Kneel__d6107390__w000120_000167,Subject.10/Kneel,Subject.10__Kneel__d6107390,0,120,167,23.0,0,0.0,0.8642676472663879,0.7709606289863586,0.8867173194885254,0.7878787878787878,0.8181818181818182,0.0,0.0,0,0.0997878834605217,0.30596489012241335,False
train,train\Subject.10__Kneel__d6107390__w000132_000179.npz,Subject.10__Kneel__d6107390__w000132_000179,Subject.10/Kneel,Subject.10__Kneel__d6107390,0,132,179,23.0,0,0.0,0.8800504803657532,0.7789199352264404,0.880859911441803,0.7878787878787878,0.8090909090909091,0.0,0.0,0,0.11477518826723099,0.3534004643559456,False
train,train\Subject.10__Kneel__d6107390__w000144_000191.npz,Subject.10__Kneel__d6107390__w000144_000191,Subject.10/Kneel,Subject.10__Kneel__d6107390,0,144,191,23.0,0,0.0,0.8787878751754761,0.7746890187263489,0.8769298195838928,0.7878787878787878,0.7878787878787878,0.0,0.0,0,0.13241516053676605,0.3541398137807846,False
train,train\Subject.10__Kneel__d6107390__w000156_000203.npz,Subject.10__Kneel__d6107390__w000156_000203,Subject.10/Kneel,Subject.10__Kneel__d6107390,0,156,203,23.0,0,0.0,0.8611111044883728,0.7661821246147156,0.8837518095970154,0.7272727272727273,0.7272727272727273,0.0,0.0,0,0.13641579449176788,0.47190861850976723,False
train,train\Subject.10__Kneel__d6107390__w000168_000215.npz,Subject.10__Kneel__d6107390__w000168_000215,Subject.10/Kneel,Subject.10__Kneel__d6107390,0,168,215,23.0,0,0.0,0.8289141654968262,0.7317091822624207,0.8736317753791809,0.7272727272727273,0.7272727272727273,0.0,0.0,0,0.1666678637266159,0.5001707449555396,False
train,train\Subject.10__Kneel__d6107390__w000180_000227.npz,Subject.10__Kneel__d6107390__w000180_000227,Subject.10/Kneel,Subject.10__Kneel__d6107390,0,180,227,23.0,0,0.0,0.8308081030845642,0.7103129625320435,0.8459250330924988,0.7272727272727273,0.7272727272727273,0.0,0.0,0,0.18085834383964539,0.5102364778518673,False
train,train\Subject.10__Kneel__d6107390__w000192_000239.npz,Subject.10__Kneel__d6107390__w000192_000239,Subject.10/Kneel,Subject.10__Kneel__d6107390,0,192,239,23.0,0,0.0,0.8314393758773804,0.7072869539260864,0.8417088389396667,0.7272727272727273,0.7272727272727273,0.0,0.0,0,0.1973000317811966,0.5586280524730668,False
train,train\Subject.10__Kneel__d6107390__w000204_000251.npz,Subject.10__Kneel__d6107390__w000204_000251,Subject.10/Kneel,Subject.10__Kneel__d6107390,0,204,251,23.0,0,0.0,0.8876262903213501,0.7611126899719238,0.8512825965881348,0.7272727272727273,0.8181818181818182,0.0,0.0,0,0.17075656354427338,0.48856871426105486,False
train,train\Subject.10__Pick_up_object__8783919a__w000000_000047.npz,Subject.10__Pick_up_object__8783919a__w000000_000047,Subject.10/Pick up object,Subject.10__Pick_up_object__8783919a,0,0,47,23.0,0,0.0,1.0,0.9069254994392395,0.9069254994392395,1.0,1.0,0.0,0.0,0,0.044650692492723465,0.1509927563369274,False
train,train\Subject.10__Pick_up_object__8783919a__w000012_000059.npz,Subject.10__Pick_up_object__8783919a__w000012_000059,Subject.10/Pick up object,Subject.10__Pick_up_object__8783919a,0,12,59,23.0,0,0.0,0.9715909361839294,0.8551156520843506,0.8792961835861206,0.5454545454545454,1.0,0.0,0.0,0,0.09836171567440033,0.4616220787167547,False
train,train\Subject.10__Pick_up_object__8783919a__w000024_000071.npz,Subject.10__Pick_up_object__8783919a__w000024_000071,Subject.10/Pick up object,Subject.10__Pick_up_object__8783919a,0,24,71,23.0,0,0.0,0.8579545617103577,0.7446740865707397,0.8638428449630737,0.45454545454545453,0.5454545454545454,0.0,0.041666666666666664,0,0.11077301949262619,0.50870688855648,False
train,train\Subject.10__Pick_up_object__8783919a__w000036_000083.npz,Subject.10__Pick_up_object__8783919a__w000036_000083,Subject.10/Pick up object,Subject.10__Pick_up_object__8783919a,0,36,83,23.0,0,0.0,0.7462121248245239,0.6302934288978577,0.8357154726982117,0.45454545454545453,0.45454545454545453,0.0,0.14583333333333334,0,0.12751604616641998,0.5916172146797178,False
train,train\Subject.10__Pick_up_object__8783919a__w000048_000095.npz,Subject.10__Pick_up_object__8783919a__w000048_000095,Subject.10/Pick up object,Subject.10__Pick_up_object__8783919a,0,48,95,23.0,0,0.0,0.6666666865348816,0.5247407555580139,0.7736474871635437,0.45454545454545453,0.45454545454545453,0.0,0.14583333333333334,0,0.1410098373889923,0.6135578513145447,False
train,train\Subject.10__Pick_up_object__8783919a__w000060_000107.npz,Subject.10__Pick_up_object__8783919a__w000060_000107,Subject.10/Pick up object,Subject.10__Pick_up_object__8783919a,0,60,107,23.0,0,0.0,0.6597222089767456,0.5305643081665039,0.7883281111717224,0.45454545454545453,0.45454545454545453,0.0,0.14583333333333334,0,0.10989577323198318,0.3162385329604149,False
train,train\Subject.10__Pick_up_object__8783919a__w000072_000119.npz,Subject.10__Pick_up_object__8783919a__w000072_000119,Subject.10/Pick up object,Subject.10__Pick_up_object__8783919a,0,72,119,23.0,0,0.0,0.6691918969154358,0.5271836519241333,0.769692599773407,0.45454545454545453,0.49696969696969695,0.0,0.10416666666666667,0,0.12321604043245316,0.3536045089364051,False
train,train\Subject.10__Pick_up_object__8783919a__w000084_000131.npz,Subject.10__Pick_up_object__8783919a__w000084_000131,Subject.10/Pick up object,Subject.10__Pick_up_object__8783919a,0,84,131,23.0,0,0.0,0.6792929172515869,0.5376818180084229,0.7743637561798096,0.5454545454545454,0.5454545454545454,0.0,0.0,0,0.1349424123764038,0.38879870027303637,False
train,train\Subject.10__Pick_up_object__8783919a__w000096_000143.npz,Subject.10__Pick_up_object__8783919a__w000096_000143,Subject.10/Pick up object,Subject.10__Pick_up_object__8783919a,0,96,143,23.0,0,0.0,0.7013888955116272,0.5374427437782288,0.7494153380393982,0.5454545454545454,0.5454545454545454,0.0,0.0,0,0.15087559819221497,0.6765797555446595,False
train,train\Subject.10__Pick_up_object__8783919a__w000108_000155.npz,Subject.10__Pick_up_object__8783919a__w000108_000155,Subject.10/Pick up object,Subject.10__Pick_up_object__8783919a,0,108,155,23.0,0,0.0,0.6717171669006348,0.49519747495651245,0.7202849388122559,0.5454545454545454,0.5454545454545454,0.0,0.0,0,0.14995086193084717,0.7091994941234577,False
train,train\Subject.10__Pick_up_object__8783919a__w000120_000167.npz,Subject.10__Pick_up_object__8783919a__w000120_000167,Subject.10/Pick up object,Subject.10__Pick_up_object__8783919a,0,120,167,23.0,0,0.0,0.7304292917251587,0.4984648823738098,0.6689063906669617,0.5454545454545454,0.5454545454545454,0.0,0.0,0,0.18011397123336792,0.7127936184406278,False
train,train\Subject.10__Pick_up_object__8783919a__w000132_000179.npz,Subject.10__Pick_up_object__8783919a__w000132_000179,Subject.10/Pick up object,Subject.10__Pick_up_object__8783919a,0,132,179,23.0,0,0.0,0.7228535413742065,0.4935884475708008,0.6660093069076538,0.45454545454545453,0.45454545454545453,0.0,0.125,0,0.18624170124530792,0.7154795646667478,False
train,train\Subject.10__Pick_up_object__8783919a__w000144_000191.npz,Subject.10__Pick_up_object__8783919a__w000144_000191,Subject.10/Pick up object,Subject.10__Pick_up_object__8783919a,0,144,191,23.0,0,0.0,0.6685606241226196,0.48376941680908203,0.7032046914100647,0.45454545454545453,0.45454545454545453,0.0,0.1875,0,0.1668754369020462,0.6567672491073597,False
train,train\Subject.10__Pick_up_object__8783919a__w000156_000203.npz,Subject.10__Pick_up_object__8783919a__w000156_000203,Subject.10/Pick up object,Subject.10__Pick_up_object__8783919a,0,156,203,23.0,0,0.0,0.6306818127632141,0.47796574234962463,0.734858512878418,0.45454545454545453,0.45454545454545453,0.0,0.20833333333333334,0,0.12906691431999207,0.44238171279430305,False
train,train\Subject.10__Pick_up_object__8783919a__w000168_000215.npz,Subject.10__Pick_up_object__8783919a__w000168_000215,Subject.10/Pick up object,Subject.10__Pick_up_object__8783919a,0,168,215,23.0,0,0.0,0.5934343338012695,0.5051697492599487,0.8291600942611694,0.45454545454545453,0.45454545454545453,0.0,0.3541666666666667,0,0.12606383860111237,0.43231872171163555,False
train,train\Subject.10__Pick_up_object__8783919a__w000180_000227.npz,Subject.10__Pick_up_object__8783919a__w000180_000227,Subject.10/Pick up object,Subject.10__Pick_up_object__8783919a,0,180,227,23.0,0,0.0,0.7026515007019043,0.5934598445892334,0.8330075144767761,0.45454545454545453,0.45454545454545453,0.0,0.22916666666666666,0,0.10989206284284592,0.3360884174704551,False
train,train\Subject.10__Pick_up_object__8783919a__w000192_000239.npz,Subject.10__Pick_up_object__8783919a__w000192_000239,Subject.10/Pick up object,Subject.10__Pick_up_object__8783919a,0,192,239,23.0,0,0.0,0.814393937587738,0.6989641189575195,0.8530809879302979,0.45454545454545453,0.45454545454545453,0.0,0.16666666666666666,0,0.0984686091542244,0.2802039399743076,False
train,train\Subject.10__Pick_up_object__8783919a__w000204_000251.npz,Subject.10__Pick_up_object__8783919a__w000204_000251,Subject.10/Pick up object,Subject.10__Pick_up_object__8783919a,0,204,251,23.0,0,0.0,0.9172979593276978,0.8115912675857544,0.8831474781036377,0.45454545454545453,0.45454545454545453,0.0,0.14583333333333334,0,0.09171199053525925,0.2520828276872634,False
train,train\Subject.10__Pick_up_object__8783919a__w000216_000263.npz,Subject.10__Pick_up_object__8783919a__w000216_000263,Subject.10/Pick up object,Subject.10__Pick_up_object__8783919a,0,216,263,23.0,0,0.0,1.0,0.9061410427093506,0.9061410427093506,1.0,1.0,0.0,0.0,0,0.0397152416408062,0.13015287891030308,False
train,train\Subject.10__Pick_up_object__8783919a__w000228_000275.npz,Subject.10__Pick_up_object__8783919a__w000228_000275,Subject.10/Pick up object,Subject.10__Pick_up_object__8783919a,0,228,275,23.0,0,0.0,0.9930555820465088,0.9106013774871826,0.9166242480278015,0.9696969696969697,0.9696969696969697,0.0,0.0,0,0.02701389417052269,0.08754002079367623,False
train,train\Subject.10__Pick_up_object__8783919a__w000240_000287.npz,Subject.10__Pick_up_object__8783919a__w000240_000287,Subject.10/Pick up object,Subject.10__Pick_up_object__8783919a,0,240,287,23.0,0,0.0,0.9842171669006348,0.8989695310592651,0.9118127822875977,0.9393939393939394,0.9606060606060607,0.0,0.0,0,0.023175887763500214,0.05329399164766071,False
train,train\Subject.10__Sit_down__1ee7a10a__w000000_000047.npz,Subject.10__Sit_down__1ee7a10a__w000000_000047,Subject.10/Sit down,Subject.10__Sit_down__1ee7a10a,0,0,47,23.0,0,0.0,0.7739899158477783,0.6782263517379761,0.8639428019523621,0.6060606060606061,0.6696969696969698,0.0,0.0,0,0.05355984345078468,0.12257287167012684,False
train,train\Subject.10__Sit_down__1ee7a10a__w000012_000059.npz,Subject.10__Sit_down__1ee7a10a__w000012_000059,Subject.10/Sit down,Subject.10__Sit_down__1ee7a10a,0,12,59,23.0,0,0.0,0.7885100841522217,0.6890329718589783,0.8636372089385986,0.696969696969697,0.696969696969697,0.0,0.0,0,0.05119121074676514,0.14958593994379044,False
train,train\Subject.10__Sit_down__1ee7a10a__w000024_000071.npz,Subject.10__Sit_down__1ee7a10a__w000024_000071,Subject.10/Sit down,Subject.10__Sit_down__1ee7a10a,0,24,71,23.0,0,0.0,0.7916666865348816,0.685051679611206,0.855421245098114,0.696969696969697,0.7181818181818183,0.0,0.0,0,0.05273080989718437,0.15625845864415155,False
train,train\Subject.10__Sit_down__1ee7a10a__w000036_000083.npz,Subject.10__Sit_down__1ee7a10a__w000036_000083,Subject.10/Sit down,Subject.10__Sit_down__1ee7a10a,0,36,83,23.0,0,0.0,0.7556818127632141,0.6447969675064087,0.840666651725769,0.5151515151515151,0.5363636363636364,0.0,0.0,0,0.09324285387992859,0.430737647414207,False
train,train\Subject.10__Sit_down__1ee7a10a__w000048_000095.npz,Subject.10__Sit_down__1ee7a10a__w000048_000095,Subject.10/Sit down,Subject.10__Sit_down__1ee7a10a,0,48,95,23.0,0,0.0,0.7556818127632141,0.61670982837677,0.8040071129798889,0.5151515151515151,0.5363636363636364,0.0,0.0,0,0.10734649002552032,0.507515144348144,False
train,train\Subject.10__Sit_down__1ee7a10a__w000060_000107.npz,Subject.10__Sit_down__1ee7a10a__w000060_000107,Subject.10/Sit down,Subject.10__Sit_down__1ee7a10a,0,60,107,23.0,0,0.0,0.7784090638160706,0.6374998092651367,0.8063846826553345,0.5151515151515151,0.5363636363636364,0.0,0.0,0,0.09947767853736877,0.5139812380075455,False
train,train\Subject.10__Sit_down__1ee7a10a__w000072_000119.npz,Subject.10__Sit_down__1ee7a10a__w000072_000119,Subject.10/Sit down,Subject.10__Sit_down__1ee7a10a,0,72,119,23.0,0,0.0,0.8238636255264282,0.6839970350265503,0.8190585970878601,0.5151515151515151,0.5363636363636364,0.0,0.0,0,0.09208166599273682,0.4944917619228358,False
train,train\Subject.10__Sit_down__1ee7a10a__w000084_000131.npz,Subject.10__Sit_down__1ee7a10a__w000084_000131,Subject.10/Sit down,Subject.10__Sit_down__1ee7a10a,0,84,131,23.0,0,0.0,0.9267676472663879,0.7793483734130859,0.8341165781021118,0.6363636363636364,0.8484848484848485,0.0,0.0,0,0.04513506963849068,0.18616060912609078,False
train,train\Subject.10__Sit_down__1ee7a10a__w000096_000143.npz,Subject.10__Sit_down__1ee7a10a__w000096_000143,Subject.10/Sit down,Subject.10__Sit_down__1ee7a10a,0,96,143,23.0,0,0.0,0.9236111044883728,0.7818127274513245,0.8398779630661011,0.8484848484848485,0.8484848484848485,0.0,0.0,0,0.030767129734158516,0.08185800276696681,False
train,train\Subject.10__Sit_down__1ee7a10a__w000108_000155.npz,Subject.10__Sit_down__1ee7a10a__w000108_000155,Subject.10/Sit down,Subject.10__Sit_down__1ee7a10a,0,108,155,23.0,0,0.0,0.9128788113594055,0.7622069716453552,0.8297823071479797,0.8484848484848485,0.8484848484848485,0.0,0.0,0,0.03209105506539345,0.09414053596556186,False
train,train\Subject.10__Sit_down__1ee7a10a__w000120_000167.npz,Subject.10__Sit_down__1ee7a10a__w000120_000167,Subject.10/Sit down,Subject.10__Sit_down__1ee7a10a,0,120,167,23.0,0,0.0,0.8888888955116272,0.7271334528923035,0.8129569888114929,0.8181818181818182,0.8484848484848485,0.0,0.0,0,0.034831542521715164,0.09578238613903521,False
train,train\Subject.10__Sit_down__1ee7a10a__w000132_000179.npz,Subject.10__Sit_down__1ee7a10a__w000132_000179,Subject.10/Sit down,Subject.10__Sit_down__1ee7a10a,0,132,179,23.0,0,0.0,0.8535353541374207,0.6876670718193054,0.7991099953651428,0.8181818181818182,0.8484848484848485,0.0,0.0,0,0.03859379515051842,0.09986171796917911,False
train,train\Subject.10__Sit_down__1ee7a10a__w000144_000191.npz,Subject.10__Sit_down__1ee7a10a__w000144_000191,Subject.10/Sit down,Subject.10__Sit_down__1ee7a10a,0,144,191,23.0,0,0.0,0.8446969985961914,0.6822559237480164,0.799815833568573,0.7272727272727273,0.8181818181818182,0.0,0.0,0,0.03293565288186073,0.09448818005621422,False
train,train\Subject.10__Sit_down__1ee7a10a__w000156_000203.npz,Subject.10__Sit_down__1ee7a10a__w000156_000203,Subject.10/Sit down,Subject.10__Sit_down__1ee7a10a,0,156,203,23.0,0,0.0,0.8087121248245239,0.6549447774887085,0.7979019284248352,0.6060606060606061,0.6909090909090909,0.0,0.0,0,0.0393538773059845,0.13784499466419212,False
train,train\Subject.10__Sit_down__1ee7a10a__w000168_000215.npz,Subject.10__Sit_down__1ee7a10a__w000168_000215,Subject.10/Sit down,Subject.10__Sit_down__1ee7a10a,0,168,215,23.0,0,0.0,0.7424242496490479,0.5937533378601074,0.784213125705719,0.5151515151515151,0.6060606060606061,0.0,0.0,0,0.07191227376461029,0.28683166056871395,False
train,train\Subject.10__Sit_down__1ee7a10a__w000180_000227.npz,Subject.10__Sit_down__1ee7a10a__w000180_000227,Subject.10/Sit down,Subject.10__Sit_down__1ee7a10a,0,180,227,23.0,0,0.0,0.7645202279090881,0.6144034266471863,0.7889639139175415,0.5151515151515151,0.6060606060606061,0.0,0.0,0,0.08735653758049011,0.3199683845043177,False
train,train\Subject.10__Walk__106b1eb3__w000000_000047.npz,Subject.10__Walk__106b1eb3__w000000_000047,Subject.10/Walk,Subject.10__Walk__106b1eb3,0,0,47,23.0,0,0.0,0.9507575631141663,0.8099106550216675,0.8499067425727844,0.8484848484848485,0.8484848484848485,0.0,0.0,0,0.06515280157327652,0.3517413601279248,False
train,train\Subject.10__Walk__106b1eb3__w000012_000059.npz,Subject.10__Walk__106b1eb3__w000012_000059,Subject.10/Walk,Subject.10__Walk__106b1eb3,0,12,59,23.0,0,0.0,0.9532828330993652,0.7999076247215271,0.8373103737831116,0.8484848484848485,0.8484848484848485,0.0,0.0,0,0.06620971858501434,0.34042371660470955,False
train,train\Subject.10__Walk__106b1eb3__w000024_000071.npz,Subject.10__Walk__106b1eb3__w000024_000071,Subject.10/Walk,Subject.10__Walk__106b1eb3,0,24,71,23.0,0,0.0,0.9570707082748413,0.8133074641227722,0.8481786847114563,0.8484848484848485,0.8484848484848485,0.0,0.0,0,0.0687260851264,0.32244752794504,False
train,train\Subject.10__Walk__106b1eb3__w000036_000083.npz,Subject.10__Walk__106b1eb3__w000036_000083,Subject.10/Walk,Subject.10__Walk__106b1eb3,0,36,83,23.0,0,0.0,0.9747474789619446,0.800805926322937,0.8199681639671326,0.8484848484848485,0.8484848484848485,0.0,0.0,0,0.11647924780845642,0.5530259072780608,False
train,train\Subject.10__Walk__106b1eb3__w000048_000095.npz,Subject.10__Walk__106b1eb3__w000048_000095,Subject.10/Walk,Subject.10__Walk__106b1eb3,0,48,95,23.0,0,0.0,0.9526515007019043,0.7907995581626892,0.8271284699440002,0.8484848484848485,0.8484848484848485,0.0,0.0,0,0.14761216938495636,0.61193967461586,False
train,train\Subject.10__Walk__106b1eb3__w000060_000107.npz,Subject.10__Walk__106b1eb3__w000060_000107,Subject.10/Walk,Subject.10__Walk__106b1eb3,0,60,107,23.0,0,0.0,0.9198232293128967,0.7517428994178772,0.812352180480957,0.8484848484848485,0.8484848484848485,0.0,0.0,0,0.14855054020881653,0.6162402540445323,False
train,train\Subject.10__Walk__106b1eb3__w000072_000119.npz,Subject.10__Walk__106b1eb3__w000072_000119,Subject.10/Walk,Subject.10__Walk__106b1eb3,0,72,119,23.0,0,0.0,0.8895202279090881,0.7153864502906799,0.7977218627929688,0.7575757575757576,0.8484848484848485,0.0,0.0,0,0.12309682369232178,0.6026303261518474,False
train,train\Subject.10__Walk__106b1eb3__w000084_000131.npz,Subject.10__Walk__106b1eb3__w000084_000131,Subject.10/Walk,Subject.10__Walk__106b1eb3,0,84,131,23.0,0,0.0,0.8207070827484131,0.6956612467765808,0.834391176700592,0.6666666666666666,0.6666666666666666,0.0,0.0,0,0.06830251216888428,0.3464386045932764,False
train,train\Subject.10__Walk__106b1eb3__w000096_000143.npz,Subject.10__Walk__106b1eb3__w000096_000143,Subject.10/Walk,Subject.10__Walk__106b1eb3,0,96,143,23.0,0,0.0,0.806186854839325,0.6790425181388855,0.8279125690460205,0.6666666666666666,0.6666666666666666,0.0,0.0,0,0.034654200077056885,0.08679544664919374,False
train,train\Subject.10__Walk__106b1eb3__w000108_000155.npz,Subject.10__Walk__106b1eb3__w000108_000155,Subject.10/Walk,Subject.10__Walk__106b1eb3,0,108,155,23.0,0,0.0,0.7834596037864685,0.6677981019020081,0.8359488248825073,0.6666666666666666,0.6666666666666666,0.0,0.0,0,0.028270641341805458,0.06769613064825535,False
train,train\Subject.10__Walk__106b1eb3__w000120_000167.npz,Subject.10__Walk__106b1eb3__w000120_000167,Subject.10/Walk,Subject.10__Walk__106b1eb3,0,120,167,23.0,0,0.0,0.7821969985961914,0.6692068576812744,0.8395658135414124,0.6666666666666666,0.6666666666666666,0.0,0.0,0,0.05046622082591057,0.39673833549022675,False
train,train\Subject.10__Walk__106b1eb3__w000132_000179.npz,Subject.10__Walk__106b1eb3__w000132_000179,Subject.10/Walk,Subject.10__Walk__106b1eb3,0,132,179,23.0,0,0.0,0.8560606241226196,0.7361626029014587,0.8517251014709473,0.696969696969697,0.7575757575757576,0.0,0.0,0,0.05966610834002495,0.42931469529867167,False
train,train\Subject.10__Walk__106b1eb3__w000144_000191.npz,Subject.10__Walk__106b1eb3__w000144_000191,Subject.10/Walk,Subject.10__Walk__106b1eb3,0,144,191,23.0,0,0.0,0.9084596037864685,0.8030776381492615,0.8792321681976318,0.7575757575757576,0.7575757575757576,0.0,0.0,0,0.059170808643102646,0.4285783588886261,False
train,train\Subject.10__Walk__106b1eb3__w000156_000203.npz,Subject.10__Walk__106b1eb3__w000156_000203,Subject.10/Walk,Subject.10__Walk__106b1eb3,0,156,203,23.0,0,0.0,0.9640151262283325,0.8638447523117065,0.8946725130081177,0.8181818181818182,0.8181818181818182,0.0,0.0,0,0.059242118149995804,0.4285783588886261,False
train,train\Subject.10__Walk__106b1eb3__w000168_000215.npz,Subject.10__Walk__106b1eb3__w000168_000215,Subject.10/Walk,Subject.10__Walk__106b1eb3,0,168,215,23.0,0,0.0,1.0,0.9151799082756042,0.9151799082756042,1.0,1.0,0.0,0.0,0,0.03706366941332817,0.08877884298562996,False
train,train\Subject.1__Fall_backwards__5f82f2cb__w000000_000047.npz,Subject.1__Fall_backwards__5f82f2cb__w000000_000047,Subject.1/Fall backwards,Subject.1__Fall_backwards__5f82f2cb,0,0,47,23.0,0,0.0,0.8093434572219849,0.6889771223068237,0.8446277379989624,0.6666666666666666,0.7272727272727273,0.0,0.0,0,0.039619989693164825,0.07443733513355252,False
train,train\Subject.1__Fall_backwards__5f82f2cb__w000012_000059.npz,Subject.1__Fall_backwards__5f82f2cb__w000012_000059,Subject.1/Fall backwards,Subject.1__Fall_backwards__5f82f2cb,1,12,59,23.0,2,0.0416666679084301,0.808080792427063,0.670890212059021,0.8223465085029602,0.6666666666666666,0.696969696969697,0.0,0.0,0,0.05030043423175812,0.08146126009523867,False
train,train\Subject.1__Fall_backwards__5f82f2cb__w000024_000071.npz,Subject.1__Fall_backwards__5f82f2cb__w000024_000071,Subject.1/Fall backwards,Subject.1__Fall_backwards__5f82f2cb,1,24,71,23.0,14,0.2916666567325592,0.8068181872367859,0.6697997450828552,0.8204357028007507,0.6666666666666666,0.696969696969697,0.0,0.0,0,0.06343580037355423,0.10541791096329688,False
train,train\Subject.1__Fall_backwards__5f82f2cb__w000036_000083.npz,Subject.1__Fall_backwards__5f82f2cb__w000036_000083,Subject.1/Fall backwards,Subject.1__Fall_backwards__5f82f2cb,1,36,83,23.0,26,0.5416666865348816,0.8617424368858337,0.7287991642951965,0.8383470773696899,0.6666666666666666,0.696969696969697,0.0,0.0,0,0.06265682727098465,0.1232047405093907,False
train,train\Subject.1__Fall_backwards__5f82f2cb__w000048_000095.npz,Subject.1__Fall_backwards__5f82f2cb__w000048_000095,Subject.1/Fall backwards,Subject.1__Fall_backwards__5f82f2cb,1,48,95,23.0,38,0.7916666865348816,0.9179292917251587,0.7974583506584167,0.8642135858535767,0.696969696969697,0.7272727272727273,0.0,0.0,0,0.043687183409929276,0.10059055201709267,False
train,train\Subject.1__Fall_backwards__5f82f2cb__w000060_000107.npz,Subject.1__Fall_backwards__5f82f2cb__w000060_000107,Subject.1/Fall backwards,Subject.1__Fall_backwards__5f82f2cb,1,60,107,23.0,48,1.0,0.9577020406723022,0.8529326915740967,0.8881409168243408,0.7272727272727273,0.8121212121212121,0.0,0.0,0,0.02881927601993084,0.09120037518441677,False
train,train\Subject.1__Fall_backwards__5f82f2cb__w000072_000119.npz,Subject.1__Fall_backwards__5f82f2cb__w000072_000119,Subject.1/Fall backwards,Subject.1__Fall_backwards__5f82f2cb,1,72,119,23.0,48,1.0,0.9968434572219849,0.9015684723854065,0.904110848903656,0.9696969696969697,0.990909090909091,0.0,0.0,0,0.015335075557231903,0.04341447502374648,False
train,train\Subject.1__Fall_forward__80e1655b__w000000_000047.npz,Subject.1__Fall_forward__80e1655b__w000000_000047,Subject.1/Fall forward,Subject.1__Fall_forward__80e1655b,0,0,47,23.0,0,0.0,1.0,0.9029505848884583,0.9029505848884583,1.0,1.0,0.0,0.0,0,0.007176670711487532,0.015606661327183245,False
train,train\Subject.1__Fall_forward__80e1655b__w000012_000059.npz,Subject.1__Fall_forward__80e1655b__w000012_000059,Subject.1/Fall forward,Subject.1__Fall_forward__80e1655b,0,12,59,23.0,0,0.0,1.0,0.8707178831100464,0.8707178831100464,1.0,1.0,0.0,0.0,0,0.00697260070592165,0.015963212866336104,False
train,train\Subject.1__Fall_forward__80e1655b__w000024_000071.npz,Subject.1__Fall_forward__80e1655b__w000024_000071,Subject.1/Fall forward,Subject.1__Fall_forward__80e1655b,0,24,71,23.0,0,0.0,1.0,0.8707836270332336,0.8707836270332336,1.0,1.0,0.0,0.0,0,0.009607945568859577,0.026741367392241897,False
train,train\Subject.1__Fall_forward__80e1655b__w000036_000083.npz,Subject.1__Fall_forward__80e1655b__w000036_000083,Subject.1/Fall forward,Subject.1__Fall_forward__80e1655b,0,36,83,23.0,0,0.0,1.0,0.8822815418243408,0.8822815418243408,1.0,1.0,0.0,0.0,0,0.01191987656056881,0.03101249150931833,False
train,train\Subject.1__Fall_forward__80e1655b__w000048_000095.npz,Subject.1__Fall_forward__80e1655b__w000048_000095,Subject.1/Fall forward,Subject.1__Fall_forward__80e1655b,0,48,95,23.0,0,0.0,1.0,0.9083552360534668,0.9083552360534668,1.0,1.0,0.0,0.0,0,0.014943069778382778,0.03956404067575929,False
train,train\Subject.1__Fall_forward__80e1655b__w000060_000107.npz,Subject.1__Fall_forward__80e1655b__w000060_000107,Subject.1/Fall forward,Subject.1__Fall_forward__80e1655b,0,60,107,23.0,0,0.0,0.995580792427063,0.924264132976532,0.9279240369796753,0.9696969696969697,0.9696969696969697,0.0,0.0,0,0.018817048519849777,0.042568013072013855,False
train,train\Subject.1__Fall_forward__80e1655b__w000072_000119.npz,Subject.1__Fall_forward__80e1655b__w000072_000119,Subject.1/Fall forward,Subject.1__Fall_forward__80e1655b,0,72,119,23.0,0,0.0,0.9728535413742065,0.8973612189292908,0.9211112856864929,0.7575757575757576,0.9393939393939394,0.0,0.0,0,0.02682310715317726,0.05762075688689938,False
train,train\Subject.1__Fall_forward__80e1655b__w000084_000131.npz,Subject.1__Fall_forward__80e1655b__w000084_000131,Subject.1/Fall forward,Subject.1__Fall_forward__80e1655b,1,84,131,23.0,1,0.02083333395421505,0.9172979593276978,0.8359307050704956,0.9079930782318115,0.7575757575757576,0.7575757575757576,0.0,0.0,0,0.048538558185100555,0.15716482326388354,False
train,train\Subject.1__Fall_forward__80e1655b__w000096_000143.npz,Subject.1__Fall_forward__80e1655b__w000096_000143,Subject.1/Fall forward,Subject.1__Fall_forward__80e1655b,1,96,143,23.0,13,0.2708333432674408,0.8661616444587708,0.7637937664985657,0.8760294318199158,0.6666666666666666,0.6666666666666666,0.0,0.0,0,0.09223270416259766,0.3029936015605925,False
train,train\Subject.1__Fall_forward__80e1655b__w000108_000155.npz,Subject.1__Fall_forward__80e1655b__w000108_000155,Subject.1/Fall forward,Subject.1__Fall_forward__80e1655b,1,108,155,23.0,25,0.5208333134651184,0.870580792427063,0.763146698474884,0.8713456988334656,0.6666666666666666,0.6666666666666666,0.0,0.0,0,0.09383267164230347,0.29865013509988775,False
train,train\Subject.1__Fall_forward__80e1655b__w000120_000167.npz,Subject.1__Fall_forward__80e1655b__w000120_000167,Subject.1/Fall forward,Subject.1__Fall_forward__80e1655b,1,120,167,23.0,37,0.7708333134651184,0.8933081030845642,0.7746689915657043,0.8629866242408752,0.6666666666666666,0.6666666666666666,0.0,0.0,0,0.10757113993167877,0.5307594001293173,False
train,train\Subject.1__Fall_forward__80e1655b__w000132_000179.npz,Subject.1__Fall_forward__80e1655b__w000132_000179,Subject.1/Fall forward,Subject.1__Fall_forward__80e1655b,1,132,179,23.0,48,1.0,0.9488636255264282,0.8184751272201538,0.8604975938796997,0.6666666666666666,0.6666666666666666,0.0,0.0,0,0.09122969210147858,0.5421279370784755,False
train,train\Subject.1__Fall_left__976f341e__w000000_000047.npz,Subject.1__Fall_left__976f341e__w000000_000047,Subject.1/Fall left,Subject.1__Fall_left__976f341e,1,0,47,23.0,4,0.0833333358168602,0.8409090638160706,0.7513383626937866,0.8878409266471863,0.6060606060606061,0.6272727272727273,0.0,0.0,0,0.05357085168361664,0.1890163131058216,False
train,train\Subject.1__Fall_left__976f341e__w000012_000059.npz,Subject.1__Fall_left__976f341e__w000012_000059,Subject.1/Fall left,Subject.1__Fall_left__976f341e,1,12,59,23.0,16,0.3333333432674408,0.8472222089767456,0.7466080784797668,0.8753354549407959,0.6060606060606061,0.6272727272727273,0.0,0.0,0,0.07337473332881927,0.21408256292343125,False
train,train\Subject.1__Fall_left__976f341e__w000024_000071.npz,Subject.1__Fall_left__976f341e__w000024_000071,Subject.1/Fall left,Subject.1__Fall_left__976f341e,1,24,71,23.0,28,0.5833333134651184,0.8434343338012695,0.7454345226287842,0.8772425651550293,0.6060606060606061,0.6272727272727273,0.0,0.0,0,0.07582627236843109,0.21507682949304574,False
train,train\Subject.1__Fall_left__976f341e__w000036_000083.npz,Subject.1__Fall_left__976f341e__w000036_000083,Subject.1/Fall left,Subject.1__Fall_left__976f341e,1,36,83,23.0,40,0.8333333134651184,0.8566918969154358,0.7401297092437744,0.8576183319091797,0.6060606060606061,0.6363636363636364,0.0,0.0,0,0.0663716271519661,0.20764146968722322,False
train,train\Subject.1__Fall_right__3b8c5ae1__w000000_000047.npz,Subject.1__Fall_right__3b8c5ae1__w000000_000047,Subject.1/Fall right,Subject.1__Fall_right__3b8c5ae1,0,0,47,23.0,0,0.0,0.9015151262283325,0.7452673316001892,0.8226321935653687,0.6363636363636364,0.7606060606060606,0.0,0.0,0,0.03668302297592163,0.11094189137220381,False
train,train\Subject.1__Fall_right__3b8c5ae1__w000012_000059.npz,Subject.1__Fall_right__3b8c5ae1__w000012_000059,Subject.1/Fall right,Subject.1__Fall_right__3b8c5ae1,1,12,59,23.0,4,0.0833333358168602,0.8371211886405945,0.7167025208473206,0.8499747514724731,0.6363636363636364,0.6787878787878788,0.0,0.0,0,0.03820209205150604,0.10705105476081371,False
train,train\Subject.1__Fall_right__3b8c5ae1__w000024_000071.npz,Subject.1__Fall_right__3b8c5ae1__w000024_000071,Subject.1/Fall right,Subject.1__Fall_right__3b8c5ae1,1,24,71,23.0,16,0.3333333432674408,0.7556818127632141,0.6535810828208923,0.8554746508598328,0.6363636363636364,0.6575757575757576,0.0,0.0,0,0.042669299989938736,0.12645527273416518,False
train,train\Subject.1__Fall_right__3b8c5ae1__w000036_000083.npz,Subject.1__Fall_right__3b8c5ae1__w000036_000083,Subject.1/Fall right,Subject.1__Fall_right__3b8c5ae1,1,36,83,23.0,28,0.5833333134651184,0.7020202279090881,0.6053387522697449,0.8506952524185181,0.6363636363636364,0.6363636363636364,0.0,0.0,0,0.04772574454545975,0.14057696312665932,False
train,train\Subject.1__Fall_right__3b8c5ae1__w000048_000095.npz,Subject.1__Fall_right__3b8c5ae1__w000048_000095,Subject.1/Fall right,Subject.1__Fall_right__3b8c5ae1,1,48,95,23.0,40,0.8333333134651184,0.6717171669006348,0.5684084892272949,0.8347858190536499,0.6363636363636364,0.6363636363636364,0.0,0.0,0,0.04537559300661087,0.2629036135971504,False
train,train\Subject.1__Fall_right__3b8c5ae1__w000060_000107.npz,Subject.1__Fall_right__3b8c5ae1__w000060_000107,Subject.1/Fall right,Subject.1__Fall_right__3b8c5ae1,1,60,107,23.0,48,1.0,0.6553030014038086,0.5414772629737854,0.8146535158157349,0.6363636363636364,0.6363636363636364,0.0,0.0,0,0.046193961054086685,0.3884677946567534,False
train,train\Subject.1__Fall_sitting__d7a162eb__w000000_000047.npz,Subject.1__Fall_sitting__d7a162eb__w000000_000047,Subject.1/Fall sitting,Subject.1__Fall_sitting__d7a162eb,0,0,47,23.0,0,0.0,0.9406565427780151,0.8234608173370361,0.8697960376739502,0.8484848484848485,0.8787878787878788,0.0,0.0,0,0.025172576308250427,0.050854944065213195,False
train,train\Subject.1__Fall_sitting__d7a162eb__w000012_000059.npz,Subject.1__Fall_sitting__d7a162eb__w000012_000059,Subject.1/Fall sitting,Subject.1__Fall_sitting__d7a162eb,0,12,59,23.0,0,0.0,0.9659090638160706,0.8350534439086914,0.8610842227935791,0.9090909090909091,0.9090909090909091,0.0,0.0,0,0.022833028808236122,0.052487056516110873,False
train,train\Subject.1__Fall_sitting__d7a162eb__w000024_000071.npz,Subject.1__Fall_sitting__d7a162eb__w000024_000071,Subject.1/Fall sitting,Subject.1__Fall_sitting__d7a162eb,0,24,71,23.0,0,0.0,0.9842171669006348,0.84938645362854,0.8608443737030029,0.9090909090909091,0.9696969696969697,0.0,0.0,0,0.025683840736746788,0.06084071807563303,False
train,train\Subject.1__Fall_sitting__d7a162eb__w000036_000083.npz,Subject.1__Fall_sitting__d7a162eb__w000036_000083,Subject.1/Fall sitting,Subject.1__Fall_sitting__d7a162eb,0,36,83,23.0,0,0.0,0.9917929172515869,0.852519690990448,0.8584163784980774,0.9696969696969697,0.9696969696969697,0.0,0.0,0,0.04142971336841583,0.14232095852494236,False
train,train\Subject.1__Fall_sitting__d7a162eb__w000048_000095.npz,Subject.1__Fall_sitting__d7a162eb__w000048_000095,Subject.1/Fall sitting,Subject.1__Fall_sitting__d7a162eb,0,48,95,23.0,0,0.0,0.9785353541374207,0.8387824296951294,0.854897141456604,0.9090909090909091,0.9393939393939394,0.0,0.0,0,0.05588453635573387,0.15159877985715867,False
train,train\Subject.1__Fall_sitting__d7a162eb__w000060_000107.npz,Subject.1__Fall_sitting__d7a162eb__w000060_000107,Subject.1/Fall sitting,Subject.1__Fall_sitting__d7a162eb,1,60,107,23.0,10,0.2083333283662796,0.9273989796638489,0.7917757630348206,0.8493964672088623,0.5454545454545454,0.8151515151515152,0.0,0.0,0,0.1123460978269577,0.27293082177639,False
train,train\Subject.1__Fall_sitting__d7a162eb__w000072_000119.npz,Subject.1__Fall_sitting__d7a162eb__w000072_000119,Subject.1/Fall sitting,Subject.1__Fall_sitting__d7a162eb,1,72,119,23.0,22,0.4583333432674408,0.8655303120613098,0.7207510471343994,0.8262320756912231,0.5454545454545454,0.596969696969697,0.0,0.0,0,0.1236153244972229,0.2973346754908561,False
train,train\Subject.1__Fall_sitting__d7a162eb__w000084_000131.npz,Subject.1__Fall_sitting__d7a162eb__w000084_000131,Subject.1/Fall sitting,Subject.1__Fall_sitting__d7a162eb,1,84,131,23.0,34,0.7083333134651184,0.8371211886405945,0.6743043661117554,0.797234058380127,0.5454545454545454,0.596969696969697,0.0,0.0,0,0.11127034574747086,0.31379065662622446,False
train,train\Subject.1__Fall_sitting__d7a162eb__w000096_000143.npz,Subject.1__Fall_sitting__d7a162eb__w000096_000143,Subject.1/Fall sitting,Subject.1__Fall_sitting__d7a162eb,1,96,143,23.0,46,0.9583333134651184,0.8219696879386902,0.6550809144973755,0.786340594291687,0.5454545454545454,0.596969696969697,0.0,0.0,0,0.0938364639878273,0.3195067837834357,False
train,train\Subject.1__Fall_sitting__d7a162eb__w000108_000155.npz,Subject.1__Fall_sitting__d7a162eb__w000108_000155,Subject.1/Fall sitting,Subject.1__Fall_sitting__d7a162eb,1,108,155,23.0,48,1.0,0.8585858345031738,0.6777664422988892,0.7800217866897583,0.5757575757575758,0.7272727272727273,0.0,0.0,0,0.038526736199855804,0.10108777992427345,False
train,train\Subject.1__Fall_sitting__d7a162eb__w000120_000167.npz,Subject.1__Fall_sitting__d7a162eb__w000120_000167,Subject.1/Fall sitting,Subject.1__Fall_sitting__d7a162eb,1,120,167,23.0,48,1.0,0.8933081030845642,0.7172266840934753,0.7931578755378723,0.8181818181818182,0.8181818181818182,0.0,0.0,0,0.02498314343392849,0.05012015700340271,False
train,train\Subject.1__Fall_sitting__d7a162eb__w000132_000179.npz,Subject.1__Fall_sitting__d7a162eb__w000132_000179,Subject.1/Fall sitting,Subject.1__Fall_sitting__d7a162eb,1,132,179,23.0,48,1.0,0.8895202279090881,0.7277541756629944,0.8064640760421753,0.8181818181818182,0.8484848484848485,0.0,0.0,0,0.024093909189105034,0.05421217940747736,False
train,train\Subject.1__Hop__64ecb02a__w000000_000047.npz,Subject.1__Hop__64ecb02a__w000000_000047,Subject.1/Hop,Subject.1__Hop__64ecb02a,0,0,47,23.0,0,0.0,0.7417929172515869,0.6261454224586487,0.8298407196998596,0.6363636363636364,0.6363636363636364,0.0,0.0,0,0.03360455855727196,0.06222345773130655,False
train,train\Subject.1__Hop__64ecb02a__w000012_000059.npz,Subject.1__Hop__64ecb02a__w000012_000059,Subject.1/Hop,Subject.1__Hop__64ecb02a,0,12,59,23.0,0,0.0,0.7297979593276978,0.6188593506813049,0.833195149898529,0.6363636363636364,0.6363636363636364,0.0,0.0,0,0.03778068348765373,0.06336832754313942,False
train,train\Subject.1__Hop__64ecb02a__w000024_000071.npz,Subject.1__Hop__64ecb02a__w000024_000071,Subject.1/Hop,Subject.1__Hop__64ecb02a,0,24,71,23.0,0,0.0,0.7405303120613098,0.6255109906196594,0.8316341042518616,0.6363636363636364,0.7272727272727273,0.0,0.0,0,0.03555566444993019,0.06491566449403763,False
train,train\Subject.1__Hop__64ecb02a__w000036_000083.npz,Subject.1__Hop__64ecb02a__w000036_000083,Subject.1/Hop,Subject.1__Hop__64ecb02a,0,36,83,23.0,0,0.0,0.7960858345031738,0.6827768683433533,0.8479675054550171,0.7272727272727273,0.7272727272727273,0.0,0.0,0,0.059912845492362976,0.3939631655812263,False
train,train\Subject.1__Hop__64ecb02a__w000048_000095.npz,Subject.1__Hop__64ecb02a__w000048_000095,Subject.1/Hop,Subject.1__Hop__64ecb02a,0,48,95,23.0,0,0.0,0.8579545617103577,0.7751377820968628,0.8968587517738342,0.7272727272727273,0.7272727272727273,0.0,0.0,0,0.05742502212524414,0.34919730275869343,False
train,train\Subject.1__Hop__64ecb02a__w000060_000107.npz,Subject.1__Hop__64ecb02a__w000060_000107,Subject.1/Hop,Subject.1__Hop__64ecb02a,0,60,107,23.0,0,0.0,0.9217171669006348,0.8642736673355103,0.933647096157074,0.7272727272727273,0.7272727272727273,0.0,0.0,0,0.056429218500852585,0.33870194554328886,False
train,train\Subject.1__Hop__64ecb02a__w000072_000119.npz,Subject.1__Hop__64ecb02a__w000072_000119,Subject.1/Hop,Subject.1__Hop__64ecb02a,0,72,119,23.0,0,0.0,0.9854797720909119,0.9518469572067261,0.9644232392311096,0.7878787878787878,1.0,0.0,0.0,0,0.054636821150779724,0.32562850713729846,False
train,train\Subject.1__Hop__64ecb02a__w000084_000131.npz,Subject.1__Hop__64ecb02a__w000084_000131,Subject.1/Hop,Subject.1__Hop__64ecb02a,0,84,131,23.0,0,0.0,1.0,0.9810944199562073,0.9810944199562073,1.0,1.0,0.0,0.0,0,0.02840019389986992,0.05923235695809119,False
train,train\Subject.1__Hop__64ecb02a__w000096_000143.npz,Subject.1__Hop__64ecb02a__w000096_000143,Subject.1/Hop,Subject.1__Hop__64ecb02a,0,96,143,23.0,0,0.0,0.9917929172515869,0.9502851963043213,0.9573475122451782,0.8181818181818182,0.990909090909091,0.0,0.0,0,0.03832775726914406,0.07654941305518144,False
train,train\Subject.1__Hop__64ecb02a__w000108_000155.npz,Subject.1__Hop__64ecb02a__w000108_000155,Subject.1/Hop,Subject.1__Hop__64ecb02a,0,108,155,23.0,0,0.0,0.9476010203361511,0.8936498761177063,0.9393794536590576,0.8181818181818182,0.8181818181818182,0.0,0.0,0,0.051890287548303604,0.19018636569380679,False
train,train\Subject.1__Hop__64ecb02a__w000120_000167.npz,Subject.1__Hop__64ecb02a__w000120_000167,Subject.1/Hop,Subject.1__Hop__64ecb02a,0,120,167,23.0,0,0.0,0.9059343338012695,0.8359156250953674,0.915620744228363,0.7878787878787878,0.8181818181818182,0.0,0.0,0,0.05401984602212906,0.24209694266319262,False
train,train\Subject.1__Hop__64ecb02a__w000132_000179.npz,Subject.1__Hop__64ecb02a__w000132_000179,Subject.1/Hop,Subject.1__Hop__64ecb02a,0,132,179,23.0,0,0.0,0.873106062412262,0.7785094976425171,0.8808814287185669,0.7878787878787878,0.8181818181818182,0.0,0.0,0,0.070628322660923,0.4819811642169951,False
train,train\Subject.1__Kneel__de82f857__w000000_000047.npz,Subject.1__Kneel__de82f857__w000000_000047,Subject.1/Kneel,Subject.1__Kneel__de82f857,0,0,47,23.0,0,0.0,0.8857323527336121,0.8014853000640869,0.897934079170227,0.7575757575757576,0.8181818181818182,0.0,0.0,0,0.04167575016617775,0.1073027454316616,False
train,train\Subject.1__Kneel__de82f857__w000012_000059.npz,Subject.1__Kneel__de82f857__w000012_000059,Subject.1/Kneel,Subject.1__Kneel__de82f857,0,12,59,23.0,0,0.0,0.8604797720909119,0.7535844445228577,0.8673802614212036,0.7575757575757576,0.8181818181818182,0.0,0.0,0,0.06940849125385284,0.3229003190994244,False
train,train\Subject.1__Kneel__de82f857__w000024_000071.npz,Subject.1__Kneel__de82f857__w000024_000071,Subject.1/Kneel,Subject.1__Kneel__de82f857,0,24,71,23.0,0,0.0,0.8535353541374207,0.7481203675270081,0.868818461894989,0.7575757575757576,0.8181818181818182,0.0,0.0,0,0.08106735348701477,0.4751644894480705,False
train,train\Subject.1__Kneel__de82f857__w000036_000083.npz,Subject.1__Kneel__de82f857__w000036_000083,Subject.1/Kneel,Subject.1__Kneel__de82f857,0,36,83,23.0,0,0.0,0.8390151262283325,0.7355855107307434,0.8684740662574768,0.7272727272727273,0.7272727272727273,0.0,0.0,0,0.08644633740186691,0.4782567799091339,False
train,train\Subject.1__Kneel__de82f857__w000048_000095.npz,Subject.1__Kneel__de82f857__w000048_000095,Subject.1/Kneel,Subject.1__Kneel__de82f857,0,48,95,23.0,0,0.0,0.8358585834503174,0.7056730389595032,0.8352802991867065,0.7272727272727273,0.7272727272727273,0.0,0.0,0,0.08126341551542282,0.4782567799091339,False
train,train\Subject.1__Kneel__de82f857__w000060_000107.npz,Subject.1__Kneel__de82f857__w000060_000107,Subject.1/Kneel,Subject.1__Kneel__de82f857,0,60,107,23.0,0,0.0,0.8289141654968262,0.7205414175987244,0.8595113158226013,0.7272727272727273,0.7272727272727273,0.0,0.0,0,0.048078492283821106,0.10434710793197155,False
train,train\Subject.1__Kneel__de82f857__w000072_000119.npz,Subject.1__Kneel__de82f857__w000072_000119,Subject.1/Kneel,Subject.1__Kneel__de82f857,0,72,119,23.0,0,0.0,0.8137626051902771,0.7081770300865173,0.860561728477478,0.7272727272727273,0.7272727272727273,0.0,0.0,0,0.03341174125671387,0.08103878609836095,False
train,train\Subject.1__Kneel__de82f857__w000084_000131.npz,Subject.1__Kneel__de82f857__w000084_000131,Subject.1/Kneel,Subject.1__Kneel__de82f857,0,84,131,23.0,0,0.0,0.8484848737716675,0.734549343585968,0.8581083416938782,0.7575757575757576,0.7575757575757576,0.0,0.0,0,0.05919157341122627,0.3709128618240355,False
train,train\Subject.1__Kneel__de82f857__w000096_000143.npz,Subject.1__Kneel__de82f857__w000096_000143,Subject.1/Kneel,Subject.1__Kneel__de82f857,0,96,143,23.0,0,0.0,0.8465909361839294,0.7683229446411133,0.9013311266899109,0.7575757575757576,0.7575757575757576,0.0,0.0,0,0.08864405751228333,0.4205781817436217,False
train,train\Subject.1__Kneel__de82f857__w000108_000155.npz,Subject.1__Kneel__de82f857__w000108_000155,Subject.1/Kneel,Subject.1__Kneel__de82f857,0,108,155,23.0,0,0.0,0.8661616444587708,0.766999363899231,0.8810141682624817,0.7575757575757576,0.7575757575757576,0.0,0.0,0,0.12011676281690598,0.4273552447557448,False
train,train\Subject.1__Kneel__de82f857__w000120_000167.npz,Subject.1__Kneel__de82f857__w000120_000167,Subject.1/Kneel,Subject.1__Kneel__de82f857,0,120,167,23.0,0,0.0,0.9116161465644836,0.7988780736923218,0.8736853003501892,0.7575757575757576,0.7575757575757576,0.0,0.0,0,0.1328665316104889,0.43247081637382506,False
train,train\Subject.1__Kneel__de82f857__w000132_000179.npz,Subject.1__Kneel__de82f857__w000132_000179,Subject.1/Kneel,Subject.1__Kneel__de82f857,0,132,179,23.0,0,0.0,0.9065656661987305,0.7849074006080627,0.8638956546783447,0.7575757575757576,0.7575757575757576,0.0,0.0,0,0.12195795029401779,0.44852078109979615,False
train,train\Subject.1__Kneel__de82f857__w000144_000191.npz,Subject.1__Kneel__de82f857__w000144_000191,Subject.1/Kneel,Subject.1__Kneel__de82f857,0,144,191,23.0,0,0.0,0.9015151262283325,0.7779051065444946,0.8611416220664978,0.7575757575757576,0.7575757575757576,0.0,0.0,0,0.10006943345069885,0.4632276028394699,False
train,train\Subject.1__Kneel__de82f857__w000156_000203.npz,Subject.1__Kneel__de82f857__w000156_000203,Subject.1/Kneel,Subject.1__Kneel__de82f857,0,156,203,23.0,0,0.0,0.8522727489471436,0.7671124935150146,0.8964266777038574,0.7272727272727273,0.7575757575757576,0.0,0.0,0,0.06949827075004578,0.464331167936325,False
train,train\Subject.1__Kneel__de82f857__w000168_000215.npz,Subject.1__Kneel__de82f857__w000168_000215,Subject.1/Kneel,Subject.1__Kneel__de82f857,0,168,215,23.0,0,0.0,0.7847222089767456,0.7241485118865967,0.9157760143280029,0.7272727272727273,0.7272727272727273,0.0,0.0,0,0.049732476472854614,0.4081751376390452,False
train,train\Subject.1__Pick_up_object__93fd9b41__w000000_000047.npz,Subject.1__Pick_up_object__93fd9b41__w000000_000047,Subject.1/Pick up object,Subject.1__Pick_up_object__93fd9b41,0,0,47,23.0,0,0.0,0.9962121248245239,0.9055536389350891,0.908899188041687,0.9090909090909091,1.0,0.0,0.0,0,0.03995998948812485,0.14202479273080823,False
train,train\Subject.1__Pick_up_object__93fd9b41__w000012_000059.npz,Subject.1__Pick_up_object__93fd9b41__w000012_000059,Subject.1/Pick up object,Subject.1__Pick_up_object__93fd9b41,0,12,59,23.0,0,0.0,0.9652777910232544,0.8154982924461365,0.8433917164802551,0.7878787878787878,0.8090909090909091,0.0,0.0,0,0.08508800715208054,0.35358852446079253,False
train,train\Subject.1__Pick_up_object__93fd9b41__w000024_000071.npz,Subject.1__Pick_up_object__93fd9b41__w000024_000071,Subject.1/Pick up object,Subject.1__Pick_up_object__93fd9b41,0,24,71,23.0,0,0.0,0.9280303120613098,0.7299667596817017,0.7829558849334717,0.7575757575757576,0.7878787878787878,0.0,0.0,0,0.13666795194149017,0.44268635660409905,False
train,train\Subject.1__Pick_up_object__93fd9b41__w000036_000083.npz,Subject.1__Pick_up_object__93fd9b41__w000036_000083,Subject.1/Pick up object,Subject.1__Pick_up_object__93fd9b41,0,36,83,23.0,0,0.0,0.9280303120613098,0.7350002527236938,0.7883798480033875,0.7575757575757576,0.7878787878787878,0.0,0.0,0,0.1479627788066864,0.44268635660409905,False
train,train\Subject.1__Pick_up_object__93fd9b41__w000048_000095.npz,Subject.1__Pick_up_object__93fd9b41__w000048_000095,Subject.1/Pick up object,Subject.1__Pick_up_object__93fd9b41,0,48,95,23.0,0,0.0,0.9318181872367859,0.7542898654937744,0.805980384349823,0.7575757575757576,0.7878787878787878,0.0,0.0,0,0.13935399055480957,0.4506808817386627,False
train,train\Subject.1__Pick_up_object__93fd9b41__w000060_000107.npz,Subject.1__Pick_up_object__93fd9b41__w000060_000107,Subject.1/Pick up object,Subject.1__Pick_up_object__93fd9b41,0,60,107,23.0,0,0.0,0.9627525210380554,0.8552147746086121,0.8862566947937012,0.7575757575757576,0.8181818181818182,0.0,0.0,0,0.0911344438791275,0.422008621692657,False
train,train\Subject.1__Sit_down__73694327__w000000_000047.npz,Subject.1__Sit_down__73694327__w000000_000047,Subject.1/Sit down,Subject.1__Sit_down__73694327,0,0,47,23.0,0,0.0,0.7039141654968262,0.6041247844696045,0.8446913957595825,0.6060606060606061,0.6060606060606061,0.0,0.0,0,0.06944543868303299,0.45365302562713616,False
train,train\Subject.1__Sit_down__73694327__w000012_000059.npz,Subject.1__Sit_down__73694327__w000012_000059,Subject.1/Sit down,Subject.1__Sit_down__73694327,0,12,59,23.0,0,0.0,0.7127525210380554,0.6035102009773254,0.8351577520370483,0.6060606060606061,0.6060606060606061,0.0,0.0,0,0.04640791192650795,0.1272862672805785,False
train,train\Subject.1__Sit_down__73694327__w000024_000071.npz,Subject.1__Sit_down__73694327__w000024_000071,Subject.1/Sit down,Subject.1__Sit_down__73694327,0,24,71,23.0,0,0.0,0.6837121248245239,0.5713779926300049,0.8236818909645081,0.48484848484848486,0.6060606060606061,0.0,0.020833333333333332,0,0.05542491003870964,0.39270053058862653,False
train,train\Subject.1__Sit_down__73694327__w000036_000083.npz,Subject.1__Sit_down__73694327__w000036_000083,Subject.1/Sit down,Subject.1__Sit_down__73694327,0,36,83,23.0,0,0.0,0.6742424368858337,0.5626513361930847,0.8209531307220459,0.48484848484848486,0.6060606060606061,0.0,0.020833333333333332,0,0.05674944818019867,0.4015567839145659,False
train,train\Subject.1__Sit_down__73694327__w000048_000095.npz,Subject.1__Sit_down__73694327__w000048_000095,Subject.1/Sit down,Subject.1__Sit_down__73694327,0,48,95,23.0,0,0.0,0.7083333134651184,0.5789778828620911,0.8063734173774719,0.48484848484848486,0.6272727272727273,0.0,0.020833333333333332,0,0.057351578027009964,0.38442415446043016,False
train,train\Subject.1__Sit_down__73694327__w000060_000107.npz,Subject.1__Sit_down__73694327__w000060_000107,Subject.1/Sit down,Subject.1__Sit_down__73694327,0,60,107,23.0,0,0.0,0.7316918969154358,0.6031371355056763,0.8131287097930908,0.48484848484848486,0.6272727272727273,0.0,0.020833333333333332,0,0.057930171489715576,0.23866196572780604,False
train,train\Subject.1__Sit_down__73694327__w000072_000119.npz,Subject.1__Sit_down__73694327__w000072_000119,Subject.1/Sit down,Subject.1__Sit_down__73694327,0,72,119,23.0,0,0.0,0.7594696879386902,0.6479492783546448,0.8429620265960693,0.6363636363636364,0.6878787878787879,0.0,0.0,0,0.03808914124965668,0.12125759385526176,False
train,train\Subject.1__Sit_down__73694327__w000084_000131.npz,Subject.1__Sit_down__73694327__w000084_000131,Subject.1/Sit down,Subject.1__Sit_down__73694327,0,84,131,23.0,0,0.0,0.7689393758773804,0.6662294268608093,0.8570185899734497,0.7272727272727273,0.7272727272727273,0.0,0.0,0,0.04018288105726242,0.12330030836164949,False
train,train\Subject.1__Sit_down__73694327__w000096_000143.npz,Subject.1__Sit_down__73694327__w000096_000143,Subject.1/Sit down,Subject.1__Sit_down__73694327,0,96,143,23.0,0,0.0,0.7771464586257935,0.6839761734008789,0.8712143301963806,0.7272727272727273,0.7272727272727273,0.0,0.0,0,0.037628546357154846,0.10162237659096708,False
train,train\Subject.1__Sit_down__73694327__w000108_000155.npz,Subject.1__Sit_down__73694327__w000108_000155,Subject.1/Sit down,Subject.1__Sit_down__73694327,0,108,155,23.0,0,0.0,0.7847222089767456,0.6953245401382446,0.8761971592903137,0.7272727272727273,0.7272727272727273,0.0,0.0,0,0.03276816010475159,0.052669891715049724,False
train,train\Subject.1__Sit_down__73694327__w000120_000167.npz,Subject.1__Sit_down__73694327__w000120_000167,Subject.1/Sit down,Subject.1__Sit_down__73694327,0,120,167,23.0,0,0.0,0.815025269985199,0.7148058414459229,0.868369460105896,0.7272727272727273,0.7272727272727273,0.0,0.0,0,0.022957153618335724,0.0398888705298304,False
train,train\Subject.1__Sit_down__73694327__w000132_000179.npz,Subject.1__Sit_down__73694327__w000132_000179,Subject.1/Sit down,Subject.1__Sit_down__73694327,0,132,179,23.0,0,0.0,0.8529040217399597,0.738798975944519,0.8583577871322632,0.7878787878787878,0.7878787878787878,0.0,0.0,0,0.01728147082030773,0.023903397656977174,False
train,train\Subject.1__Walk__f0b21e1e__w000000_000047.npz,Subject.1__Walk__f0b21e1e__w000000_000047,Subject.1/Walk,Subject.1__Walk__f0b21e1e,0,0,47,23.0,0,0.0,0.9526515007019043,0.8219225406646729,0.8595948815345764,0.6666666666666666,0.8181818181818182,0.0,0.0,0,0.022542288526892662,0.048326693288981884,False
train,train\Subject.1__Walk__f0b21e1e__w000012_000059.npz,Subject.1__Walk__f0b21e1e__w000012_000059,Subject.1/Walk,Subject.1__Walk__f0b21e1e,0,12,59,23.0,0,0.0,0.9823232293128967,0.8535597920417786,0.8668134212493896,0.9393939393939394,0.9393939393939394,0.0,0.0,0,0.020265230908989906,0.04803281202912328,False
train,train\Subject.1__Walk__f0b21e1e__w000024_000071.npz,Subject.1__Walk__f0b21e1e__w000024_000071,Subject.1/Walk,Subject.1__Walk__f0b21e1e,0,24,71,23.0,0,0.0,0.9608585834503174,0.8466134667396545,0.8773514032363892,0.8181818181818182,0.9121212121212122,0.0,0.0,0,0.019960934296250343,0.047150879539549335,False
train,train\Subject.1__Walk__f0b21e1e__w000036_000083.npz,Subject.1__Walk__f0b21e1e__w000036_000083,Subject.1/Walk,Subject.1__Walk__f0b21e1e,0,36,83,23.0,0,0.0,0.9090909361839294,0.8019416928291321,0.8756356239318848,0.7878787878787878,0.7878787878787878,0.0,0.0,0,0.019887728616595268,0.04503863900899887,False
train,train\Subject.1__Walk__f0b21e1e__w000048_000095.npz,Subject.1__Walk__f0b21e1e__w000048_000095,Subject.1/Walk,Subject.1__Walk__f0b21e1e,0,48,95,23.0,0,0.0,0.8800504803657532,0.7819415926933289,0.881103515625,0.7575757575757576,0.7878787878787878,0.0,0.0,0,0.028107689693570137,0.06132363434880966,False
train,train\Subject.1__Walk__f0b21e1e__w000060_000107.npz,Subject.1__Walk__f0b21e1e__w000060_000107,Subject.1/Walk,Subject.1__Walk__f0b21e1e,0,60,107,23.0,0,0.0,0.8825757503509521,0.7798527479171753,0.876687228679657,0.7575757575757576,0.7878787878787878,0.0,0.0,0,0.030871661379933357,0.07196934670209884,False
train,train\Subject.1__Walk__f0b21e1e__w000072_000119.npz,Subject.1__Walk__f0b21e1e__w000072_000119,Subject.1/Walk,Subject.1__Walk__f0b21e1e,0,72,119,23.0,0,0.0,0.8743686676025391,0.7666375637054443,0.8695062398910522,0.7575757575757576,0.7878787878787878,0.0,0.0,0,0.03837624564766884,0.08167354017496108,False
train,train\Subject.1__Walk__f0b21e1e__w000084_000131.npz,Subject.1__Walk__f0b21e1e__w000084_000131,Subject.1/Walk,Subject.1__Walk__f0b21e1e,0,84,131,23.0,0,0.0,0.8604797720909119,0.7541847825050354,0.8679421544075012,0.7272727272727273,0.7272727272727273,0.0,0.0,0,0.03952363505959511,0.081564012914896,False
train,train\Subject.1__Walk__f0b21e1e__w000096_000143.npz,Subject.1__Walk__f0b21e1e__w000096_000143,Subject.1/Walk,Subject.1__Walk__f0b21e1e,0,96,143,23.0,0,0.0,0.8453282713890076,0.7419278025627136,0.8690108060836792,0.7272727272727273,0.7272727272727273,0.0,0.0,0,0.03056005947291851,0.07006252817809577,False
train,train\Subject.1__Walk__f0b21e1e__w000108_000155.npz,Subject.1__Walk__f0b21e1e__w000108_000155,Subject.1/Walk,Subject.1__Walk__f0b21e1e,0,108,155,23.0,0,0.0,0.7443181872367859,0.6634647846221924,0.8777876496315002,0.5151515151515151,0.5454545454545454,0.0,0.0,0,0.035088684409856796,0.07228551134467123,False
train,train\Subject.1__Walk__f0b21e1e__w000120_000167.npz,Subject.1__Walk__f0b21e1e__w000120_000167,Subject.1/Walk,Subject.1__Walk__f0b21e1e,0,120,167,23.0,0,0.0,0.7020202279090881,0.6114500164985657,0.856389582157135,0.5151515151515151,0.5454545454545454,0.0,0.0,0,0.058340467512607574,0.22894914895296092,False
train,train\Subject.1__Walk__f0b21e1e__w000132_000179.npz,Subject.1__Walk__f0b21e1e__w000132_000179,Subject.1/Walk,Subject.1__Walk__f0b21e1e,0,132,179,23.0,0,0.0,0.7190656661987305,0.5895094275474548,0.8073792457580566,0.5151515151515151,0.5454545454545454,0.0,0.0,0,0.10690264403820038,0.6462076604366301,False
train,train\Subject.1__Walk__f0b21e1e__w000144_000191.npz,Subject.1__Walk__f0b21e1e__w000144_000191,Subject.1/Walk,Subject.1__Walk__f0b21e1e,0,144,191,23.0,0,0.0,0.689393937587738,0.5552175045013428,0.7920361161231995,0.5151515151515151,0.5454545454545454,0.0,0.0,0,0.11748988181352615,0.6500700920820236,False
train,train\Subject.1__Walk__f0b21e1e__w000156_000203.npz,Subject.1__Walk__f0b21e1e__w000156_000203,Subject.1/Walk,Subject.1__Walk__f0b21e1e,0,156,203,23.0,0,0.0,0.747474730014801,0.5926300883293152,0.7835363149642944,0.5151515151515151,0.6363636363636364,0.0,0.0,0,0.11124090850353241,0.6449248224496841,False
train,train\Subject.1__Walk__f0b21e1e__w000168_000215.npz,Subject.1__Walk__f0b21e1e__w000168_000215,Subject.1/Walk,Subject.1__Walk__f0b21e1e,0,168,215,23.0,0,0.0,0.7380050420761108,0.595728874206543,0.7971847057342529,0.6363636363636364,0.6363636363636364,0.0,0.0,0,0.0810275450348854,0.6235807985067368,False
train,train\Subject.1__Walk__f0b21e1e__w000180_000227.npz,Subject.1__Walk__f0b21e1e__w000180_000227,Subject.1/Walk,Subject.1__Walk__f0b21e1e,0,180,227,23.0,0,0.0,0.7108585834503174,0.5999186635017395,0.8346888422966003,0.6363636363636364,0.6363636363636364,0.0,0.0,0,0.03303322568535805,0.08238710165023798,False
train,train\Subject.1__Walk__f0b21e1e__w000192_000239.npz,Subject.1__Walk__f0b21e1e__w000192_000239,Subject.1/Walk,Subject.1__Walk__f0b21e1e,0,192,239,23.0,0,0.0,0.7228535413742065,0.6199911832809448,0.8492310643196106,0.6363636363636364,0.6363636363636364,0.0,0.0,0,0.02707027643918991,0.068313068524003,False
train,train\Subject.2__Fall_backwards__bb84f910__w000000_000047.npz,Subject.2__Fall_backwards__bb84f910__w000000_000047,Subject.2/Fall backwards,Subject.2__Fall_backwards__bb84f910,0,0,47,23.0,0,0.0,0.7657828330993652,0.666140079498291,0.8566442728042603,0.5757575757575758,0.6060606060606061,0.0,0.0,0,0.02650182507932186,0.03862307984381913,False
train,train\Subject.2__Fall_backwards__bb84f910__w000012_000059.npz,Subject.2__Fall_backwards__bb84f910__w000012_000059,Subject.2/Fall backwards,Subject.2__Fall_backwards__bb84f910,0,12,59,23.0,0,0.0,0.7739899158477783,0.6723181009292603,0.8555556535720825,0.5757575757575758,0.6060606060606061,0.0,0.0,0,0.0386512391269207,0.10017537958919992,False
train,train\Subject.2__Fall_backwards__bb84f910__w000024_000071.npz,Subject.2__Fall_backwards__bb84f910__w000024_000071,Subject.2/Fall backwards,Subject.2__Fall_backwards__bb84f910,1,24,71,23.0,9,0.1875,0.8017676472663879,0.7054317593574524,0.8675112128257751,0.5757575757575758,0.6060606060606061,0.0,0.0,0,0.0585133321583271,0.19082524254918096,False
train,train\Subject.2__Fall_backwards__bb84f910__w000036_000083.npz,Subject.2__Fall_backwards__bb84f910__w000036_000083,Subject.2/Fall backwards,Subject.2__Fall_backwards__bb84f910,1,36,83,23.0,21,0.4375,0.8440656661987305,0.7235097289085388,0.8483503460884094,0.5757575757575758,0.6060606060606061,0.0,0.0,0,0.06873317807912827,0.19876549243926958,False
train,train\Subject.2__Fall_backwards__bb84f910__w000048_000095.npz,Subject.2__Fall_backwards__bb84f910__w000048_000095,Subject.2/Fall backwards,Subject.2__Fall_backwards__bb84f910,1,48,95,23.0,33,0.6875,0.9185606241226196,0.772245466709137,0.8369630575180054,0.6363636363636364,0.8484848484848485,0.0,0.0,0,0.08683089911937714,0.25387603342533105,False
train,train\Subject.2__Fall_backwards__bb84f910__w000060_000107.npz,Subject.2__Fall_backwards__bb84f910__w000060_000107,Subject.2/Fall backwards,Subject.2__Fall_backwards__bb84f910,1,60,107,23.0,45,0.9375,0.9621211886405945,0.7870417833328247,0.8158177137374878,0.8484848484848485,0.8484848484848485,0.0,0.0,0,0.07715698331594467,0.2498406343162058,False
train,train\Subject.2__Fall_backwards__bb84f910__w000072_000119.npz,Subject.2__Fall_backwards__bb84f910__w000072_000119,Subject.2/Fall backwards,Subject.2__Fall_backwards__bb84f910,1,72,119,23.0,48,1.0,0.9873737096786499,0.7819414734840393,0.7908908724784851,0.9696969696969697,0.9696969696969697,0.0,0.0,0,0.05952223017811775,0.22553576454520197,False
train,train\Subject.2__Fall_forward__84f472cb__w000000_000047.npz,Subject.2__Fall_forward__84f472cb__w000000_000047,Subject.2/Fall forward,Subject.2__Fall_forward__84f472cb,1,0,47,23.0,24,0.5,0.8958333134651184,0.768495500087738,0.8516800999641418,0.696969696969697,0.7575757575757576,0.0,0.0,0,0.08373414725065231,0.32255984544754013,False
train,train\Subject.2__Fall_forward__84f472cb__w000012_000059.npz,Subject.2__Fall_forward__84f472cb__w000012_000059,Subject.2/Fall forward,Subject.2__Fall_forward__84f472cb,1,12,59,23.0,36,0.75,0.8945707082748413,0.7336523532867432,0.813744306564331,0.696969696969697,0.7575757575757576,0.0,0.0,0,0.07887629419565201,0.3208510428667068,False
train,train\Subject.2__Fall_forward__84f472cb__w000024_000071.npz,Subject.2__Fall_forward__84f472cb__w000024_000071,Subject.2/Fall forward,Subject.2__Fall_forward__84f472cb,1,24,71,23.0,48,1.0,0.9116161465644836,0.7286386489868164,0.7932810187339783,0.696969696969697,0.7787878787878788,0.0,0.0,0,0.03220311552286148,0.1497124008834362,False
train,train\Subject.2__Fall_forward__84f472cb__w000036_000083.npz,Subject.2__Fall_forward__84f472cb__w000036_000083,Subject.2/Fall forward,Subject.2__Fall_forward__84f472cb,1,36,83,23.0,48,1.0,0.9652777910232544,0.7666590809822083,0.7912819385528564,0.7878787878787878,0.8606060606060606,0.0,0.0,0,0.013539822772145271,0.025144011992961166,False
train,train\Subject.2__Fall_forward__84f472cb__w000048_000095.npz,Subject.2__Fall_forward__84f472cb__w000048_000095,Subject.2/Fall forward,Subject.2__Fall_forward__84f472cb,1,48,95,23.0,48,1.0,0.9898989796638489,0.7827297449111938,0.7894347310066223,0.9696969696969697,0.9696969696969697,0.0,0.0,0,0.0059759714640676975,0.012589991744607665,False
train,train\Subject.2__Fall_left__9a3f92e8__w000000_000047.npz,Subject.2__Fall_left__9a3f92e8__w000000_000047,Subject.2/Fall left,Subject.2__Fall_left__9a3f92e8,1,0,47,23.0,16,0.3333333432674408,0.9255050420761108,0.8055090308189392,0.8652485013008118,0.7272727272727273,0.7272727272727273,0.0,0.0,0,0.11193472146987915,0.2864052325487137,False
train,train\Subject.2__Fall_left__9a3f92e8__w000012_000059.npz,Subject.2__Fall_left__9a3f92e8__w000012_000059,Subject.2/Fall left,Subject.2__Fall_left__9a3f92e8,1,12,59,23.0,28,0.5833333134651184,0.9646464586257935,0.8440981507301331,0.8729811906814575,0.8484848484848485,0.8696969696969697,0.0,0.0,0,0.1129724308848381,0.2853779092431067,False
train,train\Subject.2__Fall_left__9a3f92e8__w000024_000071.npz,Subject.2__Fall_left__9a3f92e8__w000024_000071,Subject.2/Fall left,Subject.2__Fall_left__9a3f92e8,1,24,71,23.0,40,0.8333333134651184,0.9292929172515869,0.8380493521690369,0.8985400795936584,0.8484848484848485,0.8484848484848485,0.0,0.0,0,0.08810615539550781,0.25490629822015753,False
train,train\Subject.2__Fall_left__9a3f92e8__w000036_000083.npz,Subject.2__Fall_left__9a3f92e8__w000036_000083,Subject.2/Fall left,Subject.2__Fall_left__9a3f92e8,1,36,83,23.0,48,1.0,0.9053030014038086,0.8433902859687805,0.92684006690979,0.8484848484848485,0.8484848484848485,0.0,0.0,0,0.0530523881316185,0.18045449107885358,False
train,train\Subject.2__Fall_left__9a3f92e8__w000048_000095.npz,Subject.2__Fall_left__9a3f92e8__w000048_000095,Subject.2/Fall left,Subject.2__Fall_left__9a3f92e8,1,48,95,23.0,48,1.0,0.8693181872367859,0.8258630037307739,0.9433661103248596,0.8484848484848485,0.8484848484848485,0.0,0.0,0,0.03150241822004318,0.10370527319610089,False
train,train\Subject.2__Fall_left__9a3f92e8__w000060_000107.npz,Subject.2__Fall_left__9a3f92e8__w000060_000107,Subject.2/Fall left,Subject.2__Fall_left__9a3f92e8,1,60,107,23.0,48,1.0,0.8484848737716675,0.8215605020523071,0.9607862830162048,0.8484848484848485,0.8484848484848485,0.0,0.0,0,0.012033350765705109,0.05243415180593728,False
train,train\Subject.2__Fall_right__5ee26d91__w000000_000047.npz,Subject.2__Fall_right__5ee26d91__w000000_000047,Subject.2/Fall right,Subject.2__Fall_right__5ee26d91,1,0,47,23.0,15,0.3125,0.8005050420761108,0.6852263808250427,0.8448630571365356,0.696969696969697,0.7272727272727273,0.0,0.0,0,0.07602575421333313,0.1863651946187019,False
train,train\Subject.2__Fall_right__5ee26d91__w000012_000059.npz,Subject.2__Fall_right__5ee26d91__w000012_000059,Subject.2/Fall right,Subject.2__Fall_right__5ee26d91,1,12,59,23.0,27,0.5625,0.7765151262283325,0.6681153178215027,0.8505067229270935,0.696969696969697,0.696969696969697,0.0,0.0,0,0.0711413025856018,0.181947997957468,False
train,train\Subject.2__Fall_right__5ee26d91__w000024_000071.npz,Subject.2__Fall_right__5ee26d91__w000024_000071,Subject.2/Fall right,Subject.2__Fall_right__5ee26d91,1,24,71,23.0,39,0.8125,0.7424242496490479,0.6316773891448975,0.8401256203651428,0.696969696969697,0.696969696969697,0.0,0.0,0,0.06363468617200851,0.181947997957468,False
train,train\Subject.2__Fall_right__5ee26d91__w000036_000083.npz,Subject.2__Fall_right__5ee26d91__w000036_000083,Subject.2/Fall right,Subject.2__Fall_right__5ee26d91,1,36,83,23.0,48,1.0,0.7247474789619446,0.5987760424613953,0.8176229000091553,0.696969696969697,0.696969696969697,0.0,0.0,0,0.04161373898386955,0.11186296939849846,False
train,train\Subject.2__Fall_right__5ee26d91__w000048_000095.npz,Subject.2__Fall_right__5ee26d91__w000048_000095,Subject.2/Fall right,Subject.2__Fall_right__5ee26d91,1,48,95,23.0,48,1.0,0.7159090638160706,0.5878368020057678,0.8137394785881042,0.6666666666666666,0.696969696969697,0.0,0.0,0,0.01826339215040207,0.06390991508960708,False
train,train\Subject.2__Fall_right__5ee26d91__w000060_000107.npz,Subject.2__Fall_right__5ee26d91__w000060_000107,Subject.2/Fall right,Subject.2__Fall_right__5ee26d91,1,60,107,23.0,48,1.0,0.7058081030845642,0.5788232088088989,0.8113203644752502,0.6666666666666666,0.6666666666666666,0.0,0.0,0,0.012690000236034393,0.030568253155797667,False
train,train\Subject.2__Fall_right__5ee26d91__w000072_000119.npz,Subject.2__Fall_right__5ee26d91__w000072_000119,Subject.2/Fall right,Subject.2__Fall_right__5ee26d91,1,72,119,23.0,48,1.0,0.6843434572219849,0.568261981010437,0.8208982944488525,0.6060606060606061,0.6060606060606061,0.0,0.0,0,0.0169302336871624,0.037878427654504755,False
train,train\Subject.2__Fall_right__5ee26d91__w000084_000131.npz,Subject.2__Fall_right__5ee26d91__w000084_000131,Subject.2/Fall right,Subject.2__Fall_right__5ee26d91,1,84,131,23.0,48,1.0,0.6925504803657532,0.5772392153739929,0.8229321837425232,0.6060606060606061,0.6060606060606061,0.0,0.0,0,0.04098624363541603,0.3124488130211826,False
train,train\Subject.2__Fall_right__5ee26d91__w000096_000143.npz,Subject.2__Fall_right__5ee26d91__w000096_000143,Subject.2/Fall right,Subject.2__Fall_right__5ee26d91,1,96,143,23.0,48,1.0,0.7285353541374207,0.6021947264671326,0.817212700843811,0.6060606060606061,0.6060606060606061,0.0,0.0,0,0.05193882808089256,0.38021316081285456,False
train,train\Subject.2__Fall_sitting__81983c15__w000000_000047.npz,Subject.2__Fall_sitting__81983c15__w000000_000047,Subject.2/Fall sitting,Subject.2__Fall_sitting__81983c15,0,0,47,23.0,0,0.0,1.0,0.9393640160560608,0.9393640160560608,1.0,1.0,0.0,0.0,0,0.027118075639009476,0.0904715321958065,False
train,train\Subject.2__Fall_sitting__81983c15__w000012_000059.npz,Subject.2__Fall_sitting__81983c15__w000012_000059,Subject.2/Fall sitting,Subject.2__Fall_sitting__81983c15,0,12,59,23.0,0,0.0,0.997474730014801,0.9061049818992615,0.9082409143447876,0.9393939393939394,1.0,0.0,0.0,0,0.04173694923520088,0.10115310177206993,False
train,train\Subject.2__Fall_sitting__81983c15__w000024_000071.npz,Subject.2__Fall_sitting__81983c15__w000024_000071,Subject.2/Fall sitting,Subject.2__Fall_sitting__81983c15,0,24,71,23.0,0,0.0,0.9747474789619446,0.8744929432868958,0.8962695598602295,0.7575757575757576,0.9393939393939394,0.0,0.0,0,0.07302810996770859,0.24338076114654533,False
train,train\Subject.2__Fall_sitting__81983c15__w000036_000083.npz,Subject.2__Fall_sitting__81983c15__w000036_000083,Subject.2/Fall sitting,Subject.2__Fall_sitting__81983c15,1,36,83,23.0,3,0.0625,0.9387626051902771,0.8223050832748413,0.8725214004516602,0.7575757575757576,0.7878787878787878,0.0,0.0,0,0.10354136675596237,0.2609226122498512,False
train,train\Subject.2__Fall_sitting__81983c15__w000048_000095.npz,Subject.2__Fall_sitting__81983c15__w000048_000095,Subject.2/Fall sitting,Subject.2__Fall_sitting__81983c15,1,48,95,23.0,15,0.3125,0.9387626051902771,0.8170671463012695,0.8669418096542358,0.7575757575757576,0.7878787878787878,0.0,0.0,0,0.11490683257579803,0.26437948942184414,False
train,train\Subject.2__Fall_sitting__81983c15__w000060_000107.npz,Subject.2__Fall_sitting__81983c15__w000060_000107,Subject.2/Fall sitting,Subject.2__Fall_sitting__81983c15,1,60,107,23.0,27,0.5625,0.9412878751754761,0.8265960216522217,0.874906599521637,0.7575757575757576,0.7878787878787878,0.0,0.0,0,0.11485656350851059,0.24682052731513973,False
train,train\Subject.2__Fall_sitting__81983c15__w000072_000119.npz,Subject.2__Fall_sitting__81983c15__w000072_000119,Subject.2/Fall sitting,Subject.2__Fall_sitting__81983c15,1,72,119,23.0,39,0.8125,0.9640151262283325,0.8564174175262451,0.8859396576881409,0.7575757575757576,0.8181818181818182,0.0,0.0,0,0.07664112746715546,0.19541238471865638,False
train,train\Subject.2__Fall_sitting__81983c15__w000084_000131.npz,Subject.2__Fall_sitting__81983c15__w000084_000131,Subject.2/Fall sitting,Subject.2__Fall_sitting__81983c15,1,84,131,23.0,48,1.0,1.0,0.893534779548645,0.893534779548645,1.0,1.0,0.0,0.0,0,0.04234834015369415,0.15230510979890824,False
train,train\Subject.2__Fall_sitting__81983c15__w000096_000143.npz,Subject.2__Fall_sitting__81983c15__w000096_000143,Subject.2/Fall sitting,Subject.2__Fall_sitting__81983c15,1,96,143,23.0,48,1.0,1.0,0.8956252336502075,0.8956252336502075,1.0,1.0,0.0,0.0,0,0.025167759507894516,0.1117079637944698,False
train,train\Subject.2__Fall_sitting__81983c15__w000108_000155.npz,Subject.2__Fall_sitting__81983c15__w000108_000155,Subject.2/Fall sitting,Subject.2__Fall_sitting__81983c15,1,108,155,23.0,48,1.0,1.0,0.8980386257171631,0.8980386257171631,1.0,1.0,0.0,0.0,0,0.009324711747467518,0.02529880134388804,False
train,train\Subject.2__Hop__558d286d__w000000_000047.npz,Subject.2__Hop__558d286d__w000000_000047,Subject.2/Hop,Subject.2__Hop__558d286d,0,0,47,23.0,0,0.0,0.8459596037864685,0.7038290500640869,0.8197305798530579,0.7575757575757576,0.7878787878787878,0.0,0.0,0,0.05365912243723869,0.3260794207453719,False
train,train\Subject.2__Hop__558d286d__w000012_000059.npz,Subject.2__Hop__558d286d__w000012_000059,Subject.2/Hop,Subject.2__Hop__558d286d,0,12,59,23.0,0,0.0,0.8674242496490479,0.710747480392456,0.8092107772827148,0.7878787878787878,0.8181818181818182,0.0,0.0,0,0.07956577837467194,0.5230029225349424,False
train,train\Subject.2__Hop__558d286d__w000024_000071.npz,Subject.2__Hop__558d286d__w000024_000071,Subject.2/Hop,Subject.2__Hop__558d286d,0,24,71,23.0,0,0.0,0.9109848737716675,0.7580365538597107,0.8246164917945862,0.7878787878787878,0.8181818181818182,0.0,0.0,0,0.09156456589698792,0.552570632100105,False
train,train\Subject.2__Hop__558d286d__w000036_000083.npz,Subject.2__Hop__558d286d__w000036_000083,Subject.2/Hop,Subject.2__Hop__558d286d,0,36,83,23.0,0,0.0,0.9362373948097229,0.8022487163543701,0.8516757488250732,0.7878787878787878,0.8181818181818182,0.0,0.0,0,0.0720384493470192,0.4620196521282193,False
train,train\Subject.2__Hop__558d286d__w000048_000095.npz,Subject.2__Hop__558d286d__w000048_000095,Subject.2/Hop,Subject.2__Hop__558d286d,0,48,95,23.0,0,0.0,0.9589646458625793,0.8184316754341125,0.8499854803085327,0.7878787878787878,0.8484848484848485,0.0,0.0,0,0.07155100256204605,0.45763749182224217,False
train,train\Subject.2__Hop__558d286d__w000060_000107.npz,Subject.2__Hop__558d286d__w000060_000107,Subject.2/Hop,Subject.2__Hop__558d286d,0,60,107,23.0,0,0.0,0.9539141654968262,0.8397966623306274,0.8768675923347473,0.8484848484848485,0.8484848484848485,0.0,0.0,0,0.045027945190668106,0.09599671810865397,False
train,train\Subject.2__Hop__558d286d__w000072_000119.npz,Subject.2__Hop__558d286d__w000072_000119,Subject.2/Hop,Subject.2__Hop__558d286d,0,72,119,23.0,0,0.0,0.9292929172515869,0.819305419921875,0.8767194151878357,0.8484848484848485,0.8484848484848485,0.0,0.0,0,0.037598587572574615,0.08040981963276864,False
train,train\Subject.2__Hop__558d286d__w000084_000131.npz,Subject.2__Hop__558d286d__w000084_000131,Subject.2/Hop,Subject.2__Hop__558d286d,0,84,131,23.0,0,0.0,0.9122474789619446,0.8046482801437378,0.8751569390296936,0.8484848484848485,0.8484848484848485,0.0,0.0,0,0.037271223962306976,0.07545574270188808,False
train,train\Subject.2__Hop__558d286d__w000096_000143.npz,Subject.2__Hop__558d286d__w000096_000143,Subject.2/Hop,Subject.2__Hop__558d286d,0,96,143,23.0,0,0.0,0.9255050420761108,0.8483429551124573,0.9112018346786499,0.8484848484848485,0.8484848484848485,0.0,0.0,0,0.033022794872522354,0.06599366292357443,False
train,train\Subject.2__Hop__558d286d__w000108_000155.npz,Subject.2__Hop__558d286d__w000108_000155,Subject.2/Hop,Subject.2__Hop__558d286d,0,108,155,23.0,0,0.0,0.9570707082748413,0.8749276995658875,0.9108622670173645,0.8484848484848485,0.8484848484848485,0.0,0.0,0,0.033026572316884995,0.07278293035924434,False
train,train\Subject.2__Hop__558d286d__w000120_000167.npz,Subject.2__Hop__558d286d__w000120_000167,Subject.2/Hop,Subject.2__Hop__558d286d,0,120,167,23.0,0,0.0,0.9760100841522217,0.8846185803413391,0.9036209583282471,0.8484848484848485,0.9393939393939394,0.0,0.0,0,0.0305053498595953,0.06705696508288383,False
train,train\Subject.2__Kneel__7cf78fe8__w000000_000047.npz,Subject.2__Kneel__7cf78fe8__w000000_000047,Subject.2/Kneel,Subject.2__Kneel__7cf78fe8,0,0,47,23.0,0,0.0,0.8566918969154358,0.7062389254570007,0.8178555965423584,0.7575757575757576,0.7575757575757576,0.0,0.0,0,0.04362807050347328,0.1006068434566256,False
train,train\Subject.2__Kneel__7cf78fe8__w000012_000059.npz,Subject.2__Kneel__7cf78fe8__w000012_000059,Subject.2/Kneel,Subject.2__Kneel__7cf78fe8,0,12,59,23.0,0,0.0,0.8112373948097229,0.6460546851158142,0.7871346473693848,0.7575757575757576,0.7575757575757576,0.0,0.0,0,0.03976024314761162,0.09346579425036897,False
train,train\Subject.2__Kneel__7cf78fe8__w000024_000071.npz,Subject.2__Kneel__7cf78fe8__w000024_000071,Subject.2/Kneel,Subject.2__Kneel__7cf78fe8,0,24,71,23.0,0,0.0,0.8219696879386902,0.6732367277145386,0.808487594127655,0.7878787878787878,0.7878787878787878,0.0,0.0,0,0.03274548053741455,0.07588734813034527,False
train,train\Subject.2__Kneel__7cf78fe8__w000036_000083.npz,Subject.2__Kneel__7cf78fe8__w000036_000083,Subject.2/Kneel,Subject.2__Kneel__7cf78fe8,0,36,83,23.0,0,0.0,0.8295454382896423,0.7132031321525574,0.8451807498931885,0.8181818181818182,0.8181818181818182,0.0,0.0,0,0.016481449827551842,0.04791355878114693,False
train,train\Subject.2__Kneel__7cf78fe8__w000048_000095.npz,Subject.2__Kneel__7cf78fe8__w000048_000095,Subject.2/Kneel,Subject.2__Kneel__7cf78fe8,0,48,95,23.0,0,0.0,0.8358585834503174,0.7315994501113892,0.8576632738113403,0.8181818181818182,0.8181818181818182,0.0,0.0,0,0.01422576978802681,0.028688968811184153,False
train,train\Subject.2__Kneel__7cf78fe8__w000060_000107.npz,Subject.2__Kneel__7cf78fe8__w000060_000107,Subject.2/Kneel,Subject.2__Kneel__7cf78fe8,0,60,107,23.0,0,0.0,0.8383838534355164,0.7506120204925537,0.8755682706832886,0.8181818181818182,0.8181818181818182,0.0,0.0,0,0.015395116060972214,0.0321730675175786,False
train,train\Subject.2__Kneel__7cf78fe8__w000072_000119.npz,Subject.2__Kneel__7cf78fe8__w000072_000119,Subject.2/Kneel,Subject.2__Kneel__7cf78fe8,0,72,119,23.0,0,0.0,0.8308081030845642,0.7634053826332092,0.8992218375205994,0.8181818181818182,0.8181818181818182,0.0,0.0,0,0.018789416179060936,0.06134340334683656,False
train,train\Subject.2__Pick_up_object__2bc05956__w000000_000047.npz,Subject.2__Pick_up_object__2bc05956__w000000_000047,Subject.2/Pick up object,Subject.2__Pick_up_object__2bc05956,0,0,47,23.0,0,0.0,0.9545454382896423,0.8539173603057861,0.8909712433815002,0.696969696969697,0.7272727272727273,0.0,0.0,0,0.05503545328974724,0.15316266342997548,False
train,train\Subject.2__Pick_up_object__2bc05956__w000012_000059.npz,Subject.2__Pick_up_object__2bc05956__w000012_000059,Subject.2/Pick up object,Subject.2__Pick_up_object__2bc05956,0,12,59,23.0,0,0.0,0.8844696879386902,0.757835865020752,0.8501659631729126,0.696969696969697,0.696969696969697,0.0,0.0,0,0.06303177773952484,0.15763900578022003,False
train,train\Subject.2__Pick_up_object__2bc05956__w000024_000071.npz,Subject.2__Pick_up_object__2bc05956__w000024_000071,Subject.2/Pick up object,Subject.2__Pick_up_object__2bc05956,0,24,71,23.0,0,0.0,0.8478535413742065,0.7107553482055664,0.8290090560913086,0.696969696969697,0.696969696969697,0.0,0.0,0,0.0656464621424675,0.15796336308121678,False
train,train\Subject.2__Pick_up_object__2bc05956__w000036_000083.npz,Subject.2__Pick_up_object__2bc05956__w000036_000083,Subject.2/Pick up object,Subject.2__Pick_up_object__2bc05956,0,36,83,23.0,0,0.0,0.7670454382896423,0.6298974752426147,0.8081379532814026,0.6060606060606061,0.696969696969697,0.0,0.0,0,0.06518244743347168,0.15975113958120338,False
train,train\Subject.2__Pick_up_object__2bc05956__w000048_000095.npz,Subject.2__Pick_up_object__2bc05956__w000048_000095,Subject.2/Pick up object,Subject.2__Pick_up_object__2bc05956,0,48,95,23.0,0,0.0,0.747474730014801,0.5907151699066162,0.7791742086410522,0.5757575757575758,0.6060606060606061,0.0,0.0,0,0.07436153292655945,0.14848617091774935,False
train,train\Subject.2__Pick_up_object__2bc05956__w000060_000107.npz,Subject.2__Pick_up_object__2bc05956__w000060_000107,Subject.2/Pick up object,Subject.2__Pick_up_object__2bc05956,0,60,107,23.0,0,0.0,0.7714646458625793,0.6145915985107422,0.7858927845954895,0.5757575757575758,0.6060606060606061,0.0,0.0,0,0.10547197610139847,0.38357917815446824,False
train,train\Subject.2__Pick_up_object__2bc05956__w000072_000119.npz,Subject.2__Pick_up_object__2bc05956__w000072_000119,Subject.2/Pick up object,Subject.2__Pick_up_object__2bc05956,0,72,119,23.0,0,0.0,0.7424242496490479,0.5826545357704163,0.7703226804733276,0.5757575757575758,0.6060606060606061,0.0,0.0,0,0.11992312222719193,0.4038453593850135,False
train,train\Subject.2__Pick_up_object__2bc05956__w000084_000131.npz,Subject.2__Pick_up_object__2bc05956__w000084_000131,Subject.2/Pick up object,Subject.2__Pick_up_object__2bc05956,0,84,131,23.0,0,0.0,0.7885100841522217,0.6108691096305847,0.7616920471191406,0.5757575757575758,0.7272727272727273,0.0,0.0,0,0.11799265444278717,0.402843977510929,False
train,train\Subject.2__Pick_up_object__2bc05956__w000096_000143.npz,Subject.2__Pick_up_object__2bc05956__w000096_000143,Subject.2/Pick up object,Subject.2__Pick_up_object__2bc05956,0,96,143,23.0,0,0.0,0.7702020406723022,0.6193320751190186,0.7889097332954407,0.6363636363636364,0.6363636363636364,0.0,0.0,0,0.10602066665887833,0.3446885690093039,False
train,train\Subject.2__Pick_up_object__2bc05956__w000108_000155.npz,Subject.2__Pick_up_object__2bc05956__w000108_000155,Subject.2/Pick up object,Subject.2__Pick_up_object__2bc05956,0,108,155,23.0,0,0.0,0.8055555820465088,0.6729985475540161,0.8231973052024841,0.6363636363636364,0.6363636363636364,0.0,0.0,0,0.10215216130018234,0.30585867017507545,False
train,train\Subject.2__Sit_down__2fdc0ffc__w000000_000047.npz,Subject.2__Sit_down__2fdc0ffc__w000000_000047,Subject.2/Sit down,Subject.2__Sit_down__2fdc0ffc,0,0,47,23.0,0,0.0,0.7335858345031738,0.6377368569374084,0.8562156558036804,0.6060606060606061,0.6363636363636364,0.0,0.0,0,0.053259607404470444,0.1200755901634692,False
train,train\Subject.2__Sit_down__2fdc0ffc__w000012_000059.npz,Subject.2__Sit_down__2fdc0ffc__w000012_000059,Subject.2/Sit down,Subject.2__Sit_down__2fdc0ffc,0,12,59,23.0,0,0.0,0.7840909361839294,0.6418147087097168,0.8083693385124207,0.6363636363636364,0.7272727272727273,0.0,0.0,0,0.05007398873567581,0.11286413222551346,False
train,train\Subject.2__Sit_down__2fdc0ffc__w000024_000071.npz,Subject.2__Sit_down__2fdc0ffc__w000024_000071,Subject.2/Sit down,Subject.2__Sit_down__2fdc0ffc,0,24,71,23.0,0,0.0,0.7815656661987305,0.6389280557632446,0.806397020816803,0.7272727272727273,0.7272727272727273,0.0,0.0,0,0.04621167480945587,0.11152157187461853,False
train,train\Subject.2__Sit_down__2fdc0ffc__w000036_000083.npz,Subject.2__Sit_down__2fdc0ffc__w000036_000083,Subject.2/Sit down,Subject.2__Sit_down__2fdc0ffc,0,36,83,23.0,0,0.0,0.7834596037864685,0.631935179233551,0.7931882739067078,0.7272727272727273,0.7272727272727273,0.0,0.0,0,0.03540050610899925,0.07818176187574855,False
train,train\Subject.2__Sit_down__2fdc0ffc__w000048_000095.npz,Subject.2__Sit_down__2fdc0ffc__w000048_000095,Subject.2/Sit down,Subject.2__Sit_down__2fdc0ffc,0,48,95,23.0,0,0.0,0.7784090638160706,0.6449635624885559,0.810710608959198,0.6363636363636364,0.7272727272727273,0.0,0.0,0,0.03572871536016464,0.0815967448055744,False
train,train\Subject.2__Sit_down__2fdc0ffc__w000060_000107.npz,Subject.2__Sit_down__2fdc0ffc__w000060_000107,Subject.2/Sit down,Subject.2__Sit_down__2fdc0ffc,0,60,107,23.0,0,0.0,0.7335858345031738,0.640601634979248,0.852854311466217,0.48484848484848486,0.6363636363636364,0.0,0.041666666666666664,0,0.03716970607638359,0.07660048268735403,False
train,train\Subject.2__Walk__b395bb9f__w000000_000047.npz,Subject.2__Walk__b395bb9f__w000000_000047,Subject.2/Walk,Subject.2__Walk__b395bb9f,0,0,47,23.0,0,0.0,0.9835858345031738,0.834202766418457,0.8458336591720581,0.9393939393939394,0.9393939393939394,0.0,0.0,0,0.06820349395275116,0.37280241250991797,False
train,train\Subject.2__Walk__b395bb9f__w000012_000059.npz,Subject.2__Walk__b395bb9f__w000012_000059,Subject.2/Walk,Subject.2__Walk__b395bb9f,0,12,59,23.0,0,0.0,0.9835858345031738,0.8578523397445679,0.8698778748512268,0.9393939393939394,0.9393939393939394,0.0,0.0,0,0.05437234416604042,0.3600348874926562,False
train,train\Subject.2__Walk__b395bb9f__w000024_000071.npz,Subject.2__Walk__b395bb9f__w000024_000071,Subject.2/Walk,Subject.2__Walk__b395bb9f,0,24,71,23.0,0,0.0,0.9848484992980957,0.8819972276687622,0.8935080766677856,0.9393939393939394,0.9393939393939394,0.0,0.0,0,0.03162812069058418,0.0788417566567659,False
train,train\Subject.2__Walk__b395bb9f__w000036_000083.npz,Subject.2__Walk__b395bb9f__w000036_000083,Subject.2/Walk,Subject.2__Walk__b395bb9f,0,36,83,23.0,0,0.0,0.9898989796638489,0.8764166831970215,0.8840472102165222,0.9393939393939394,0.9393939393939394,0.0,0.0,0,0.03096604347229004,0.07017466425895687,False
train,train\Subject.2__Walk__b395bb9f__w000048_000095.npz,Subject.2__Walk__b395bb9f__w000048_000095,Subject.2/Walk,Subject.2__Walk__b395bb9f,0,48,95,23.0,0,0.0,1.0,0.8905438780784607,0.8905438780784607,1.0,1.0,0.0,0.0,0,0.028456425294280052,0.06163425017148254,False
train,train\Subject.2__Walk__b395bb9f__w000060_000107.npz,Subject.2__Walk__b395bb9f__w000060_000107,Subject.2/Walk,Subject.2__Walk__b395bb9f,0,60,107,23.0,0,0.0,0.9690656661987305,0.8439734578132629,0.868981122970581,0.8181818181818182,0.8181818181818182,0.0,0.0,0,0.03523654863238335,0.09296680204570282,False
train,train\Subject.2__Walk__b395bb9f__w000072_000119.npz,Subject.2__Walk__b395bb9f__w000072_000119,Subject.2/Walk,Subject.2__Walk__b395bb9f,0,72,119,23.0,0,0.0,0.935606062412262,0.8004196882247925,0.8522175550460815,0.8181818181818182,0.8181818181818182,0.0,0.0,0,0.049038249999284744,0.1518293224275112,False
train,train\Subject.2__Walk__b395bb9f__w000084_000131.npz,Subject.2__Walk__b395bb9f__w000084_000131,Subject.2/Walk,Subject.2__Walk__b395bb9f,0,84,131,23.0,0,0.0,0.8983585834503174,0.7688020467758179,0.8502268195152283,0.8181818181818182,0.8181818181818182,0.0,0.0,0,0.05128415301442146,0.16603975743055258,False
train,train\Subject.2__Walk__b395bb9f__w000096_000143.npz,Subject.2__Walk__b395bb9f__w000096_000143,Subject.2/Walk,Subject.2__Walk__b395bb9f,0,96,143,23.0,0,0.0,0.8888888955116272,0.7343540191650391,0.819762647151947,0.8181818181818182,0.8181818181818182,0.0,0.0,0,0.04997432604432106,0.18061456680297838,False
train,train\Subject.2__Walk__b395bb9f__w000108_000155.npz,Subject.2__Walk__b395bb9f__w000108_000155,Subject.2/Walk,Subject.2__Walk__b395bb9f,0,108,155,23.0,0,0.0,0.9059343338012695,0.7543706297874451,0.8272057771682739,0.7575757575757576,0.8484848484848485,0.0,0.0,0,0.030835067853331566,0.0680379606783389,False
train,train\Subject.2__Walk__b395bb9f__w000120_000167.npz,Subject.2__Walk__b395bb9f__w000120_000167,Subject.2/Walk,Subject.2__Walk__b395bb9f,0,120,167,23.0,0,0.0,0.8674242496490479,0.7194081544876099,0.8226041197776794,0.6060606060606061,0.7272727272727273,0.0,0.0,0,0.026210684329271317,0.055775486864149564,False
train,train\Subject.2__Walk__b395bb9f__w000132_000179.npz,Subject.2__Walk__b395bb9f__w000132_000179,Subject.2/Walk,Subject.2__Walk__b395bb9f,0,132,179,23.0,0,0.0,0.8516414165496826,0.7172724604606628,0.8352445363998413,0.6060606060606061,0.7272727272727273,0.0,0.0,0,0.024766623973846436,0.0483813550323247,False
train,train\Subject.2__Walk__b395bb9f__w000144_000191.npz,Subject.2__Walk__b395bb9f__w000144_000191,Subject.2/Walk,Subject.2__Walk__b395bb9f,0,144,191,23.0,0,0.0,0.8213383555412292,0.7197557091712952,0.8677307367324829,0.6060606060606061,0.7272727272727273,0.0,0.0,0,0.023085569962859154,0.038400123082101334,False
train,train\Subject.2__Walk__b395bb9f__w000156_000203.npz,Subject.2__Walk__b395bb9f__w000156_000203,Subject.2/Walk,Subject.2__Walk__b395bb9f,0,156,203,23.0,0,0.0,0.8289141654968262,0.7224879264831543,0.8638517260551453,0.6060606060606061,0.7272727272727273,0.0,0.0,0,0.027097856625914574,0.05790874455124139,False
train,train\Subject.2__Walk__b395bb9f__w000168_000215.npz,Subject.2__Walk__b395bb9f__w000168_000215,Subject.2/Walk,Subject.2__Walk__b395bb9f,0,168,215,23.0,0,0.0,0.9008838534355164,0.7978899478912354,0.8808591961860657,0.7575757575757576,0.7787878787878788,0.0,0.0,0,0.02388349175453186,0.05682578589767189,False
train,train\Subject.2__Walk__b395bb9f__w000180_000227.npz,Subject.2__Walk__b395bb9f__w000180_000227,Subject.2/Walk,Subject.2__Walk__b395bb9f,0,180,227,23.0,0,0.0,0.9539141654968262,0.8441791534423828,0.8825080394744873,0.8181818181818182,0.8484848484848485,0.0,0.0,0,0.022104378789663315,0.060785952769219574,False
train,train\Subject.2__Walk__b395bb9f__w000192_000239.npz,Subject.2__Walk__b395bb9f__w000192_000239,Subject.2/Walk,Subject.2__Walk__b395bb9f,0,192,239,23.0,0,0.0,0.993686854839325,0.859764814376831,0.8646755218505859,0.9696969696969697,0.9696969696969697,0.0,0.0,0,0.021662916988134384,0.062487669847905616,False
train,train\Subject.3__Fall_backwards__af6f5f29__w000000_000047.npz,Subject.3__Fall_backwards__af6f5f29__w000000_000047,Subject.3/Fall backwards,Subject.3__Fall_backwards__af6f5f29,0,0,47,23.0,0,0.0,0.9103535413742065,0.7818498611450195,0.8553261160850525,0.5454545454545454,0.6060606060606061,0.0,0.0,0,0.0550462082028389,0.16910699531435963,False
train,train\Subject.3__Fall_backwards__af6f5f29__w000012_000059.npz,Subject.3__Fall_backwards__af6f5f29__w000012_000059,Subject.3/Fall backwards,Subject.3__Fall_backwards__af6f5f29,0,12,59,23.0,0,0.0,0.9861111044883728,0.8411155343055725,0.8515087366104126,0.8787878787878788,0.9393939393939394,0.0,0.0,0,0.07550421357154846,0.24743310287594794,False
train,train\Subject.3__Fall_backwards__af6f5f29__w000024_000071.npz,Subject.3__Fall_backwards__af6f5f29__w000024_000071,Subject.3/Fall backwards,Subject.3__Fall_backwards__af6f5f29,1,24,71,23.0,5,0.1041666641831398,0.9829545617103577,0.842377781867981,0.8554984927177429,0.9090909090909091,0.9606060606060607,0.0,0.0,0,0.10013740509748459,0.31578120887279476,False
train,train\Subject.3__Fall_backwards__af6f5f29__w000036_000083.npz,Subject.3__Fall_backwards__af6f5f29__w000036_000083,Subject.3/Fall backwards,Subject.3__Fall_backwards__af6f5f29,1,36,83,23.0,17,0.3541666567325592,0.9829545617103577,0.8481034636497498,0.8613234758377075,0.9090909090909091,0.9606060606060607,0.0,0.0,0,0.10805235803127289,0.31578120887279476,False
train,train\Subject.3__Fall_backwards__af6f5f29__w000048_000095.npz,Subject.3__Fall_backwards__af6f5f29__w000048_000095,Subject.3/Fall backwards,Subject.3__Fall_backwards__af6f5f29,1,48,95,23.0,29,0.6041666865348816,0.9829545617103577,0.8435947895050049,0.8567366600036621,0.9090909090909091,0.9606060606060607,0.0,0.0,0,0.10891367495059967,0.31578120887279476,False
train,train\Subject.3__Fall_backwards__af6f5f29__w000060_000107.npz,Subject.3__Fall_backwards__af6f5f29__w000060_000107,Subject.3/Fall backwards,Subject.3__Fall_backwards__af6f5f29,1,60,107,23.0,41,0.8541666865348816,0.9943181872367859,0.8838974237442017,0.8885884284973145,0.9696969696969697,0.9696969696969697,0.0,0.0,0,0.07671968638896942,0.2388191625475882,False
train,train\Subject.3__Fall_backwards__af6f5f29__w000072_000119.npz,Subject.3__Fall_backwards__af6f5f29__w000072_000119,Subject.3/Fall backwards,Subject.3__Fall_backwards__af6f5f29,1,72,119,23.0,48,1.0,1.0,0.9249544143676758,0.9249544143676758,1.0,1.0,0.0,0.0,0,0.046771980822086334,0.14178669825196255,False
train,train\Subject.3__Fall_backwards__af6f5f29__w000084_000131.npz,Subject.3__Fall_backwards__af6f5f29__w000084_000131,Subject.3/Fall backwards,Subject.3__Fall_backwards__af6f5f29,1,84,131,23.0,48,1.0,1.0,0.9014914035797119,0.9014914035797119,1.0,1.0,0.0,0.0,0,0.03570195287466049,0.10712680965662001,False
train,train\Subject.3__Fall_backwards__af6f5f29__w000096_000143.npz,Subject.3__Fall_backwards__af6f5f29__w000096_000143,Subject.3/Fall backwards,Subject.3__Fall_backwards__af6f5f29,1,96,143,23.0,48,1.0,0.9949495196342468,0.8600730299949646,0.8638182282447815,0.9696969696969697,0.9696969696969697,0.0,0.0,0,0.03020188771188259,0.0966932076960802,False
train,train\Subject.3__Fall_backwards__af6f5f29__w000108_000155.npz,Subject.3__Fall_backwards__af6f5f29__w000108_000155,Subject.3/Fall backwards,Subject.3__Fall_backwards__af6f5f29,1,108,155,23.0,48,1.0,0.9741161465644836,0.8096933364868164,0.8281632661819458,0.8787878787878788,0.9090909090909091,0.0,0.0,0,0.02661506086587906,0.08825485445559021,False
train,train\Subject.3__Fall_forward__9eb14e1c__w000000_000047.npz,Subject.3__Fall_forward__9eb14e1c__w000000_000047,Subject.3/Fall forward,Subject.3__Fall_forward__9eb14e1c,0,0,47,23.0,0,0.0,1.0,0.9399982690811157,0.9399982690811157,1.0,1.0,0.0,0.0,0,0.01307711098343134,0.03316089343279598,False
train,train\Subject.3__Fall_forward__9eb14e1c__w000012_000059.npz,Subject.3__Fall_forward__9eb14e1c__w000012_000059,Subject.3/Fall forward,Subject.3__Fall_forward__9eb14e1c,0,12,59,23.0,0,0.0,1.0,0.9335888028144836,0.9335888028144836,1.0,1.0,0.0,0.0,0,0.0136753274127841,0.03793548885732887,False
train,train\Subject.3__Fall_forward__9eb14e1c__w000024_000071.npz,Subject.3__Fall_forward__9eb14e1c__w000024_000071,Subject.3/Fall forward,Subject.3__Fall_forward__9eb14e1c,0,24,71,23.0,0,0.0,1.0,0.9109011292457581,0.9109011292457581,1.0,1.0,0.0,0.0,0,0.03858550637960434,0.12867764011025426,False
train,train\Subject.3__Fall_forward__9eb14e1c__w000036_000083.npz,Subject.3__Fall_forward__9eb14e1c__w000036_000083,Subject.3/Fall forward,Subject.3__Fall_forward__9eb14e1c,0,36,83,23.0,0,0.0,0.9520202279090881,0.8059264421463013,0.8436964154243469,0.7575757575757576,0.7787878787878788,0.0,0.0,0,0.12831558287143707,0.7078647494316096,False
train,train\Subject.3__Fall_forward__9eb14e1c__w000048_000095.npz,Subject.3__Fall_forward__9eb14e1c__w000048_000095,Subject.3/Fall forward,Subject.3__Fall_forward__9eb14e1c,1,48,95,23.0,12,0.25,0.9324495196342468,0.7443618178367615,0.7940633893013,0.7575757575757576,0.7787878787878788,0.0,0.0,0,0.19080038368701935,0.7512154102325431,False
train,train\Subject.3__Fall_forward__9eb14e1c__w000060_000107.npz,Subject.3__Fall_forward__9eb14e1c__w000060_000107,Subject.3/Fall forward,Subject.3__Fall_forward__9eb14e1c,1,60,107,23.0,24,0.5,0.9261363744735718,0.7377301454544067,0.7917448878288269,0.7575757575757576,0.7787878787878788,0.0,0.0,0,0.2084955871105194,0.7756544888019562,False
train,train\Subject.3__Fall_forward__9eb14e1c__w000072_000119.npz,Subject.3__Fall_forward__9eb14e1c__w000072_000119,Subject.3/Fall forward,Subject.3__Fall_forward__9eb14e1c,1,72,119,23.0,36,0.75,0.9210858345031738,0.7391102910041809,0.7970749735832214,0.7575757575757576,0.7787878787878788,0.0,0.0,0,0.18257595598697662,0.7320480734109872,False
train,train\Subject.3__Fall_forward__9eb14e1c__w000084_000131.npz,Subject.3__Fall_forward__9eb14e1c__w000084_000131,Subject.3/Fall forward,Subject.3__Fall_forward__9eb14e1c,1,84,131,23.0,48,1.0,0.9595959782600403,0.8214038014411926,0.8527539968490601,0.8484848484848485,0.8484848484848485,0.0,0.0,0,0.09958399832248688,0.4468384176492688,False
train,train\Subject.3__Fall_forward__9eb14e1c__w000096_000143.npz,Subject.3__Fall_forward__9eb14e1c__w000096_000143,Subject.3/Fall forward,Subject.3__Fall_forward__9eb14e1c,1,96,143,23.0,48,1.0,0.9703282713890076,0.8677648901939392,0.8913809061050415,0.8484848484848485,0.9393939393939394,0.0,0.0,0,0.039425402879714966,0.11859081536531438,False
train,train\Subject.3__Fall_left__63b463d1__w000000_000047.npz,Subject.3__Fall_left__63b463d1__w000000_000047,Subject.3/Fall left,Subject.3__Fall_left__63b463d1,0,0,47,23.0,0,0.0,0.8989899158477783,0.7837308049201965,0.8653223514556885,0.7272727272727273,0.8181818181818182,0.0,0.0,0,0.03248690813779831,0.0720276527106762,False
train,train\Subject.3__Fall_left__63b463d1__w000012_000059.npz,Subject.3__Fall_left__63b463d1__w000012_000059,Subject.3/Fall left,Subject.3__Fall_left__63b463d1,0,12,59,23.0,0,0.0,0.931186854839325,0.8044919371604919,0.8575554490089417,0.8181818181818182,0.8787878787878788,0.0,0.0,0,0.03244107961654663,0.06786397024989127,False
train,train\Subject.3__Fall_left__63b463d1__w000024_000071.npz,Subject.3__Fall_left__63b463d1__w000024_000071,Subject.3/Fall left,Subject.3__Fall_left__63b463d1,0,24,71,23.0,0,0.0,0.9255050420761108,0.7967584729194641,0.8536466956138611,0.8787878787878788,0.8787878787878788,0.0,0.0,0,0.02998953126370907,0.06666994392871856,False
train,train\Subject.3__Fall_left__63b463d1__w000036_000083.npz,Subject.3__Fall_left__63b463d1__w000036_000083,Subject.3/Fall left,Subject.3__Fall_left__63b463d1,0,36,83,23.0,0,0.0,0.9135100841522217,0.7894111275672913,0.8558638691902161,0.8484848484848485,0.8484848484848485,0.0,0.0,0,0.028706708922982216,0.048565809056162736,False
train,train\Subject.3__Fall_left__63b463d1__w000048_000095.npz,Subject.3__Fall_left__63b463d1__w000048_000095,Subject.3/Fall left,Subject.3__Fall_left__63b463d1,0,48,95,23.0,0,0.0,0.9090909361839294,0.7742050886154175,0.8429447412490845,0.8484848484848485,0.8484848484848485,0.0,0.0,0,0.040428437292575836,0.1474747046828267,False
train,train\Subject.3__Fall_left__63b463d1__w000060_000107.npz,Subject.3__Fall_left__63b463d1__w000060_000107,Subject.3/Fall left,Subject.3__Fall_left__63b463d1,1,60,107,23.0,6,0.125,0.8958333134651184,0.7067915797233582,0.7799867987632751,0.7272727272727273,0.8484848484848485,0.0,0.0,0,0.09820889681577682,0.39638729095458985,False
train,train\Subject.3__Fall_left__63b463d1__w000072_000119.npz,Subject.3__Fall_left__63b463d1__w000072_000119,Subject.3/Fall left,Subject.3__Fall_left__63b463d1,1,72,119,23.0,18,0.375,0.9002525210380554,0.696108341217041,0.7652111649513245,0.7272727272727273,0.8212121212121213,0.0,0.0,0,0.1288577914237976,0.4157848954200741,False
train,train\Subject.3__Fall_left__63b463d1__w000084_000131.npz,Subject.3__Fall_left__63b463d1__w000084_000131,Subject.3/Fall left,Subject.3__Fall_left__63b463d1,1,84,131,23.0,30,0.625,0.9236111044883728,0.7105637192726135,0.7639330625534058,0.7272727272727273,0.8212121212121213,0.0,0.0,0,0.1294490396976471,0.40734954178333277,False
train,train\Subject.3__Fall_left__63b463d1__w000096_000143.npz,Subject.3__Fall_left__63b463d1__w000096_000143,Subject.3/Fall left,Subject.3__Fall_left__63b463d1,1,96,143,23.0,42,0.875,0.9324495196342468,0.7154911756515503,0.76277095079422,0.7272727272727273,0.8212121212121213,0.0,0.0,0,0.11287044733762741,0.3894068658351897,False
train,train\Subject.3__Fall_left__63b463d1__w000108_000155.npz,Subject.3__Fall_left__63b463d1__w000108_000155,Subject.3/Fall left,Subject.3__Fall_left__63b463d1,1,108,155,23.0,48,1.0,0.9545454382896423,0.7839502096176147,0.8177010416984558,0.7575757575757576,0.8909090909090909,0.0,0.0,0,0.04701542109251022,0.1873894006013869,False
train,train\Subject.3__Fall_left__63b463d1__w000120_000167.npz,Subject.3__Fall_left__63b463d1__w000120_000167,Subject.3/Fall left,Subject.3__Fall_left__63b463d1,1,120,167,23.0,48,1.0,0.9760100841522217,0.791157603263855,0.8082711100578308,0.9090909090909091,0.9303030303030303,0.0,0.0,0,0.022426389157772064,0.047885848022997335,False
train,train\Subject.3__Fall_right__f6313514__w000000_000047.npz,Subject.3__Fall_right__f6313514__w000000_000047,Subject.3/Fall right,Subject.3__Fall_right__f6313514,0,0,47,23.0,0,0.0,0.7746211886405945,0.6430351734161377,0.8179079294204712,0.6060606060606061,0.6060606060606061,0.0,0.0,0,0.07106182724237442,0.26580062657594644,False
train,train\Subject.3__Fall_right__f6313514__w000012_000059.npz,Subject.3__Fall_right__f6313514__w000012_000059,Subject.3/Fall right,Subject.3__Fall_right__f6313514,1,12,59,23.0,7,0.1458333283662796,0.7979797720909119,0.6592277884483337,0.8166332244873047,0.6060606060606061,0.6666666666666666,0.0,0.0,0,0.08651181310415268,0.2889693900942798,False
train,train\Subject.3__Fall_right__f6313514__w000024_000071.npz,Subject.3__Fall_right__f6313514__w000024_000071,Subject.3/Fall right,Subject.3__Fall_right__f6313514,1,24,71,23.0,19,0.3958333432674408,0.7758838534355164,0.6548779606819153,0.832852303981781,0.6060606060606061,0.6060606060606061,0.0,0.0,0,0.08928324282169342,0.29488557875156396,False
train,train\Subject.3__Fall_right__f6313514__w000036_000083.npz,Subject.3__Fall_right__f6313514__w000036_000083,Subject.3/Fall right,Subject.3__Fall_right__f6313514,1,36,83,23.0,31,0.6458333134651184,0.7077020406723022,0.6129663586616516,0.8502735495567322,0.5757575757575758,0.5757575757575758,0.0,0.0,0,0.08085396140813828,0.28376217037439333,False
train,train\Subject.3__Fall_right__f6313514__w000048_000095.npz,Subject.3__Fall_right__f6313514__w000048_000095,Subject.3/Fall right,Subject.3__Fall_right__f6313514,1,48,95,23.0,43,0.8958333134651184,0.6704545617103577,0.6007028222084045,0.8767394423484802,0.5757575757575758,0.5757575757575758,0.0,0.0,0,0.046744972467422485,0.12184544429183002,False
train,train\Subject.3__Fall_right__f6313514__w000060_000107.npz,Subject.3__Fall_right__f6313514__w000060_000107,Subject.3/Fall right,Subject.3__Fall_right__f6313514,1,60,107,23.0,48,1.0,0.6616161465644836,0.5944022536277771,0.8777186274528503,0.5757575757575758,0.5757575757575758,0.0,0.0,0,0.028384244069457054,0.05878512263298021,False
train,train\Subject.3__Fall_right__f6313514__w000072_000119.npz,Subject.3__Fall_right__f6313514__w000072_000119,Subject.3/Fall right,Subject.3__Fall_right__f6313514,1,72,119,23.0,48,1.0,0.6773989796638489,0.6021642088890076,0.8698130249977112,0.5757575757575758,0.5757575757575758,0.0,0.0,0,0.019576421007514,0.035881024599075294,False
train,train\Subject.3__Fall_right__f6313514__w000084_000131.npz,Subject.3__Fall_right__f6313514__w000084_000131,Subject.3/Fall right,Subject.3__Fall_right__f6313514,1,84,131,23.0,48,1.0,0.6969696879386902,0.6093533635139465,0.8585802316665649,0.5757575757575758,0.6060606060606061,0.0,0.0,0,0.018903948366642,0.03551180455833673,False
train,train\Subject.3__Fall_right__f6313514__w000096_000143.npz,Subject.3__Fall_right__f6313514__w000096_000143,Subject.3/Fall right,Subject.3__Fall_right__f6313514,1,96,143,23.0,48,1.0,0.7310606241226196,0.6265758275985718,0.84369957447052,0.6666666666666666,0.6666666666666666,0.0,0.0,0,0.019943151623010635,0.03562025744467973,False
train,train\Subject.3__Fall_right__f6313514__w000108_000155.npz,Subject.3__Fall_right__f6313514__w000108_000155,Subject.3/Fall right,Subject.3__Fall_right__f6313514,1,108,155,23.0,48,1.0,0.7556818127632141,0.6494448781013489,0.848059892654419,0.6666666666666666,0.6666666666666666,0.0,0.0,0,0.017204491421580315,0.03324429579079151,False
train,train\Subject.3__Fall_right__f6313514__w000120_000167.npz,Subject.3__Fall_right__f6313514__w000120_000167,Subject.3/Fall right,Subject.3__Fall_right__f6313514,1,120,167,23.0,48,1.0,0.7790403962135315,0.6652985215187073,0.8436989784240723,0.6666666666666666,0.6666666666666666,0.0,0.0,0,0.017337379977107048,0.03617330938577651,False
train,train\Subject.3__Fall_right__f6313514__w000132_000179.npz,Subject.3__Fall_right__f6313514__w000132_000179,Subject.3/Fall right,Subject.3__Fall_right__f6313514,1,132,179,23.0,48,1.0,0.8371211886405945,0.7106415629386902,0.8396156430244446,0.696969696969697,0.7878787878787878,0.0,0.0,0,0.02952539548277855,0.0576706726104021,False
train,train\Subject.3__Fall_right__f6313514__w000144_000191.npz,Subject.3__Fall_right__f6313514__w000144_000191,Subject.3/Fall right,Subject.3__Fall_right__f6313514,1,144,191,23.0,48,1.0,0.8832070827484131,0.7560746669769287,0.8492047786712646,0.7878787878787878,0.7878787878787878,0.0,0.0,0,0.029304632917046547,0.06552101299166678,False
train,train\Subject.3__Fall_right__f6313514__w000156_000203.npz,Subject.3__Fall_right__f6313514__w000156_000203,Subject.3/Fall right,Subject.3__Fall_right__f6313514,1,156,203,23.0,48,1.0,0.9191918969154358,0.7857767939567566,0.8489165902137756,0.7878787878787878,0.7878787878787878,0.0,0.0,0,0.02942764200270176,0.06536244936287401,False
train,train\Subject.3__Fall_right__f6313514__w000168_000215.npz,Subject.3__Fall_right__f6313514__w000168_000215,Subject.3/Fall right,Subject.3__Fall_right__f6313514,1,168,215,23.0,48,1.0,0.9659090638160706,0.8451134562492371,0.8716702461242676,0.7878787878787878,0.9090909090909091,0.0,0.0,0,0.027059374377131462,0.06826676316559314,False
train,train\Subject.3__Fall_sitting__34378b5d__w000000_000047.npz,Subject.3__Fall_sitting__34378b5d__w000000_000047,Subject.3/Fall sitting,Subject.3__Fall_sitting__34378b5d,0,0,47,23.0,0,0.0,0.7973484992980957,0.6626904606819153,0.8161913752555847,0.6060606060606061,0.6484848484848484,0.0,0.0,0,0.052418313920497894,0.14672802910208685,False
train,train\Subject.3__Fall_sitting__34378b5d__w000012_000059.npz,Subject.3__Fall_sitting__34378b5d__w000012_000059,Subject.3/Fall sitting,Subject.3__Fall_sitting__34378b5d,1,12,59,23.0,9,0.1875,0.7973484992980957,0.6471526622772217,0.7971133589744568,0.6060606060606061,0.6060606060606061,0.0,0.0,0,0.06340129673480988,0.21908571571111676,False
train,train\Subject.3__Fall_sitting__34378b5d__w000024_000071.npz,Subject.3__Fall_sitting__34378b5d__w000024_000071,Subject.3/Fall sitting,Subject.3__Fall_sitting__34378b5d,1,24,71,23.0,21,0.4375,0.7784090638160706,0.6303719282150269,0.7943233251571655,0.6060606060606061,0.6060606060606061,0.0,0.0,0,0.0927843227982521,0.29267723858356476,False
train,train\Subject.3__Fall_sitting__34378b5d__w000036_000083.npz,Subject.3__Fall_sitting__34378b5d__w000036_000083,Subject.3/Fall sitting,Subject.3__Fall_sitting__34378b5d,1,36,83,23.0,33,0.6875,0.7638888955116272,0.5924363136291504,0.7586873769760132,0.6060606060606061,0.6060606060606061,0.0,0.0,0,0.11318950355052948,0.3486045226454734,False
train,train\Subject.3__Fall_sitting__34378b5d__w000048_000095.npz,Subject.3__Fall_sitting__34378b5d__w000048_000095,Subject.3/Fall sitting,Subject.3__Fall_sitting__34378b5d,1,48,95,23.0,45,0.9375,0.7935606241226196,0.616844654083252,0.7623634338378906,0.6060606060606061,0.6666666666666666,0.0,0.0,0,0.12896759808063507,0.375257746875286,False
train,train\Subject.3__Fall_sitting__34378b5d__w000060_000107.npz,Subject.3__Fall_sitting__34378b5d__w000060_000107,Subject.3/Fall sitting,Subject.3__Fall_sitting__34378b5d,1,60,107,23.0,48,1.0,0.8308081030845642,0.6275404095649719,0.7435107827186584,0.696969696969697,0.7272727272727273,0.0,0.0,0,0.14095202088356018,0.4186657577753066,False
train,train\Subject.3__Fall_sitting__34378b5d__w000072_000119.npz,Subject.3__Fall_sitting__34378b5d__w000072_000119,Subject.3/Fall sitting,Subject.3__Fall_sitting__34378b5d,1,72,119,23.0,48,1.0,0.8207070827484131,0.5931270718574524,0.7099980115890503,0.6363636363636364,0.7272727272727273,0.0,0.0,0,0.14799243211746216,0.49564218074083277,False
train,train\Subject.3__Fall_sitting__34378b5d__w000084_000131.npz,Subject.3__Fall_sitting__34378b5d__w000084_000131,Subject.3/Fall sitting,Subject.3__Fall_sitting__34378b5d,1,84,131,23.0,48,1.0,0.8276515007019043,0.5854766368865967,0.6944166421890259,0.6363636363636364,0.7272727272727273,0.0,0.0,0,0.15597833693027496,0.5409166932106017,False
train,train\Subject.3__Fall_sitting__34378b5d__w000096_000143.npz,Subject.3__Fall_sitting__34378b5d__w000096_000143,Subject.3/Fall sitting,Subject.3__Fall_sitting__34378b5d,1,96,143,23.0,48,1.0,0.8289141654968262,0.5774598717689514,0.6829882860183716,0.6363636363636364,0.7272727272727273,0.0,0.0,0,0.13915441930294037,0.5032448530197142,False
train,train\Subject.3__Fall_sitting__34378b5d__w000108_000155.npz,Subject.3__Fall_sitting__34378b5d__w000108_000155,Subject.3/Fall sitting,Subject.3__Fall_sitting__34378b5d,1,108,155,23.0,48,1.0,0.8301767706871033,0.5831928253173828,0.6892900466918945,0.6363636363636364,0.7272727272727273,0.0,0.0,0,0.12281402200460434,0.4603650212287898,False
train,train\Subject.3__Fall_sitting__34378b5d__w000120_000167.npz,Subject.3__Fall_sitting__34378b5d__w000120_000167,Subject.3/Fall sitting,Subject.3__Fall_sitting__34378b5d,1,120,167,23.0,48,1.0,0.8560606241226196,0.6052860021591187,0.6961894035339355,0.7575757575757576,0.7575757575757576,0.0,0.0,0,0.1110227182507515,0.4169820517301559,False
train,train\Subject.3__Fall_sitting__34378b5d__w000132_000179.npz,Subject.3__Fall_sitting__34378b5d__w000132_000179,Subject.3/Fall sitting,Subject.3__Fall_sitting__34378b5d,1,132,179,23.0,48,1.0,0.881313145160675,0.6236218214035034,0.6993011832237244,0.7575757575757576,0.7787878787878788,0.0,0.0,0,0.11957766115665436,0.3986055821180343,False
train,train\Subject.3__Fall_sitting__34378b5d__w000144_000191.npz,Subject.3__Fall_sitting__34378b5d__w000144_000191,Subject.3/Fall sitting,Subject.3__Fall_sitting__34378b5d,1,144,191,23.0,48,1.0,0.9071969985961914,0.6365382075309753,0.6958522796630859,0.7575757575757576,0.7787878787878788,0.0,0.0,0,0.12719428539276123,0.43125781118869766,False
train,train\Subject.3__Hop__ae9da245__w000000_000047.npz,Subject.3__Hop__ae9da245__w000000_000047,Subject.3/Hop,Subject.3__Hop__ae9da245,0,0,47,23.0,0,0.0,0.9949495196342468,0.8999926447868347,0.9041455984115601,0.9696969696969697,0.9696969696969697,0.0,0.0,0,0.032937828451395035,0.08010256327688693,False
train,train\Subject.3__Hop__ae9da245__w000012_000059.npz,Subject.3__Hop__ae9da245__w000012_000059,Subject.3/Hop,Subject.3__Hop__ae9da245,0,12,59,23.0,0,0.0,0.9993686676025391,0.9368466734886169,0.9373792409896851,0.9696969696969697,1.0,0.0,0.0,0,0.029700202867388725,0.06803452223539351,False
train,train\Subject.3__Hop__ae9da245__w000024_000071.npz,Subject.3__Hop__ae9da245__w000024_000071,Subject.3/Hop,Subject.3__Hop__ae9da245,0,24,71,23.0,0,0.0,1.0,0.9367596507072449,0.9367596507072449,1.0,1.0,0.0,0.0,0,0.03156750649213791,0.07547117173671722,False
train,train\Subject.3__Hop__ae9da245__w000036_000083.npz,Subject.3__Hop__ae9da245__w000036_000083,Subject.3/Hop,Subject.3__Hop__ae9da245,0,36,83,23.0,0,0.0,1.0,0.9475549459457397,0.9475549459457397,1.0,1.0,0.0,0.0,0,0.033152561634778976,0.08565626889467237,False
train,train\Subject.3__Hop__ae9da245__w000048_000095.npz,Subject.3__Hop__ae9da245__w000048_000095,Subject.3/Hop,Subject.3__Hop__ae9da245,0,48,95,23.0,0,0.0,1.0,0.953163743019104,0.953163743019104,1.0,1.0,0.0,0.0,0,0.03332268074154854,0.08545309193432331,False
train,train\Subject.3__Hop__ae9da245__w000060_000107.npz,Subject.3__Hop__ae9da245__w000060_000107,Subject.3/Hop,Subject.3__Hop__ae9da245,0,60,107,23.0,0,0.0,0.9810606241226196,0.9254609942436218,0.942335844039917,0.7878787878787878,0.9696969696969697,0.0,0.0,0,0.037547048181295395,0.08908927105367181,False
train,train\Subject.3__Hop__ae9da245__w000072_000119.npz,Subject.3__Hop__ae9da245__w000072_000119,Subject.3/Hop,Subject.3__Hop__ae9da245,0,72,119,23.0,0,0.0,0.9261363744735718,0.849761962890625,0.913687527179718,0.7272727272727273,0.7878787878787878,0.0,0.0,0,0.039202794432640076,0.09128623642027377,False
train,train\Subject.3__Hop__ae9da245__w000084_000131.npz,Subject.3__Hop__ae9da245__w000084_000131,Subject.3/Hop,Subject.3__Hop__ae9da245,0,84,131,23.0,0,0.0,0.876893937587738,0.7717359662055969,0.873725175857544,0.7272727272727273,0.7696969696969697,0.0,0.0,0,0.03912688419222832,0.09114225357770916,False
train,train\Subject.3__Hop__ae9da245__w000096_000143.npz,Subject.3__Hop__ae9da245__w000096_000143,Subject.3/Hop,Subject.3__Hop__ae9da245,0,96,143,23.0,0,0.0,0.8282828330993652,0.6830205321311951,0.8153221607208252,0.7272727272727273,0.7484848484848485,0.0,0.0,0,0.04232199490070343,0.10166294351220123,False
train,train\Subject.3__Hop__ae9da245__w000108_000155.npz,Subject.3__Hop__ae9da245__w000108_000155,Subject.3/Hop,Subject.3__Hop__ae9da245,0,108,155,23.0,0,0.0,0.8415403962135315,0.701863169670105,0.8254057765007019,0.7272727272727273,0.7484848484848485,0.0,0.0,0,0.0378553681075573,0.08508075214922424,False
train,train\Subject.3__Kneel__a85c5a84__w000000_000047.npz,Subject.3__Kneel__a85c5a84__w000000_000047,Subject.3/Kneel,Subject.3__Kneel__a85c5a84,0,0,47,23.0,0,0.0,0.9595959782600403,0.8680866956710815,0.9019333124160767,0.7575757575757576,0.8848484848484849,0.0,0.0,0,0.09080149233341217,0.42454819232225416,False
train,train\Subject.3__Kneel__a85c5a84__w000012_000059.npz,Subject.3__Kneel__a85c5a84__w000012_000059,Subject.3/Kneel,Subject.3__Kneel__a85c5a84,0,12,59,23.0,0,0.0,0.9166666865348816,0.7942905426025391,0.8624817132949829,0.696969696969697,0.7272727272727273,0.0,0.0,0,0.15529373288154602,0.5487215638160704,False
train,train\Subject.3__Kneel__a85c5a84__w000024_000071.npz,Subject.3__Kneel__a85c5a84__w000024_000071,Subject.3/Kneel,Subject.3__Kneel__a85c5a84,0,24,71,23.0,0,0.0,0.8737373948097229,0.7686288356781006,0.8735759258270264,0.696969696969697,0.7272727272727273,0.0,0.0,0,0.15992027521133423,0.5501937866210936,False
train,train\Subject.3__Kneel__a85c5a84__w000036_000083.npz,Subject.3__Kneel__a85c5a84__w000036_000083,Subject.3/Kneel,Subject.3__Kneel__a85c5a84,0,36,83,23.0,0,0.0,0.8156565427780151,0.7133721113204956,0.8659176826477051,0.696969696969697,0.7272727272727273,0.0,0.0,0,0.1573503017425537,0.5521941453218459,False
train,train\Subject.3__Kneel__a85c5a84__w000048_000095.npz,Subject.3__Kneel__a85c5a84__w000048_000095,Subject.3/Kneel,Subject.3__Kneel__a85c5a84,0,48,95,23.0,0,0.0,0.7872474789619446,0.6741757392883301,0.8466437458992004,0.696969696969697,0.7272727272727273,0.0,0.0,0,0.13127797842025757,0.5625215470790862,False
train,train\Subject.3__Kneel__a85c5a84__w000060_000107.npz,Subject.3__Kneel__a85c5a84__w000060_000107,Subject.3/Kneel,Subject.3__Kneel__a85c5a84,0,60,107,23.0,0,0.0,0.7904040217399597,0.729228138923645,0.9138250946998596,0.7575757575757576,0.7575757575757576,0.0,0.0,0,0.08401793986558914,0.4502926662564277,False
train,train\Subject.3__Kneel__a85c5a84__w000072_000119.npz,Subject.3__Kneel__a85c5a84__w000072_000119,Subject.3/Kneel,Subject.3__Kneel__a85c5a84,0,72,119,23.0,0,0.0,0.7828282713890076,0.6931719779968262,0.8768325448036194,0.7575757575757576,0.7575757575757576,0.0,0.0,0,0.11299940198659897,0.5505367606878279,False
train,train\Subject.3__Kneel__a85c5a84__w000084_000131.npz,Subject.3__Kneel__a85c5a84__w000084_000131,Subject.3/Kneel,Subject.3__Kneel__a85c5a84,0,84,131,23.0,0,0.0,0.7910353541374207,0.6737655997276306,0.8438341021537781,0.7575757575757576,0.7575757575757576,0.0,0.0,0,0.1457933634519577,0.5832675337791443,False
train,train\Subject.3__Kneel__a85c5a84__w000096_000143.npz,Subject.3__Kneel__a85c5a84__w000096_000143,Subject.3/Kneel,Subject.3__Kneel__a85c5a84,0,96,143,23.0,0,0.0,0.7916666865348816,0.6639106273651123,0.8319321274757385,0.7575757575757576,0.7575757575757576,0.0,0.0,0,0.1275041401386261,0.5832675337791443,False
train,train\Subject.3__Kneel__a85c5a84__w000108_000155.npz,Subject.3__Kneel__a85c5a84__w000108_000155,Subject.3/Kneel,Subject.3__Kneel__a85c5a84,0,108,155,23.0,0,0.0,0.7859848737716675,0.6545687317848206,0.8268375992774963,0.7575757575757576,0.7575757575757576,0.0,0.0,0,0.10931665450334549,0.5638947993516922,False
train,train\Subject.3__Kneel__a85c5a84__w000120_000167.npz,Subject.3__Kneel__a85c5a84__w000120_000167,Subject.3/Kneel,Subject.3__Kneel__a85c5a84,0,120,167,23.0,0,0.0,0.8125,0.6919421553611755,0.8459001183509827,0.7575757575757576,0.7575757575757576,0.0,0.0,0,0.0843009278178215,0.5021353781223296,False
train,train\Subject.3__Kneel__a85c5a84__w000132_000179.npz,Subject.3__Kneel__a85c5a84__w000132_000179,Subject.3/Kneel,Subject.3__Kneel__a85c5a84,0,132,179,23.0,0,0.0,0.8320707082748413,0.6860964298248291,0.8186003565788269,0.7575757575757576,0.7575757575757576,0.0,0.0,0,0.07542186230421066,0.32182668447494506,False
train,train\Subject.3__Kneel__a85c5a84__w000144_000191.npz,Subject.3__Kneel__a85c5a84__w000144_000191,Subject.3/Kneel,Subject.3__Kneel__a85c5a84,0,144,191,23.0,0,0.0,0.8491161465644836,0.6791284084320068,0.7925357222557068,0.7575757575757576,0.7575757575757576,0.0,0.0,0,0.09216275811195374,0.32689381539821616,False
train,train\Subject.3__Kneel__a85c5a84__w000156_000203.npz,Subject.3__Kneel__a85c5a84__w000156_000203,Subject.3/Kneel,Subject.3__Kneel__a85c5a84,0,156,203,23.0,0,0.0,0.8958333134651184,0.7090758681297302,0.784394383430481,0.7575757575757576,0.7878787878787878,0.0,0.0,0,0.0967898815870285,0.32689381539821616,False
train,train\Subject.3__Pick_up_object__6f023a65__w000000_000047.npz,Subject.3__Pick_up_object__6f023a65__w000000_000047,Subject.3/Pick up object,Subject.3__Pick_up_object__6f023a65,0,0,47,23.0,0,0.0,0.998106062412262,0.8851189017295837,0.8865830302238464,0.9090909090909091,1.0,0.0,0.0,0,0.04227989912033081,0.15320844128727895,False
train,train\Subject.3__Pick_up_object__6f023a65__w000012_000059.npz,Subject.3__Pick_up_object__6f023a65__w000012_000059,Subject.3/Pick up object,Subject.3__Pick_up_object__6f023a65,0,12,59,23.0,0,0.0,0.9002525210380554,0.7830281853675842,0.8647114038467407,0.5454545454545454,0.5454545454545454,0.0,0.0,0,0.07481645047664642,0.23868220821022978,False
train,train\Subject.3__Pick_up_object__6f023a65__w000024_000071.npz,Subject.3__Pick_up_object__6f023a65__w000024_000071,Subject.3/Pick up object,Subject.3__Pick_up_object__6f023a65,0,24,71,23.0,0,0.0,0.7872474789619446,0.6668059229850769,0.837598979473114,0.5454545454545454,0.5454545454545454,0.0,0.0,0,0.07095853239297867,0.23895771354436873,False
train,train\Subject.3__Pick_up_object__6f023a65__w000036_000083.npz,Subject.3__Pick_up_object__6f023a65__w000036_000083,Subject.3/Pick up object,Subject.3__Pick_up_object__6f023a65,0,36,83,23.0,0,0.0,0.6881313323974609,0.5673658847808838,0.8090959787368774,0.45454545454545453,0.5454545454545454,0.0,0.0625,0,0.0825478658080101,0.2584713414311405,False
train,train\Subject.3__Pick_up_object__6f023a65__w000048_000095.npz,Subject.3__Pick_up_object__6f023a65__w000048_000095,Subject.3/Pick up object,Subject.3__Pick_up_object__6f023a65,0,48,95,23.0,0,0.0,0.6237373948097229,0.5008621215820312,0.7835515737533569,0.45454545454545453,0.5454545454545454,0.0,0.0625,0,0.06716350466012955,0.21826936304569164,False
train,train\Subject.3__Pick_up_object__6f023a65__w000060_000107.npz,Subject.3__Pick_up_object__6f023a65__w000060_000107,Subject.3/Pick up object,Subject.3__Pick_up_object__6f023a65,0,60,107,23.0,0,0.0,0.6218434572219849,0.5151681900024414,0.8092300295829773,0.45454545454545453,0.45454545454545453,0.0,0.16666666666666666,0,0.06226787716150284,0.05200215838849536,False
train,train\Subject.3__Pick_up_object__6f023a65__w000072_000119.npz,Subject.3__Pick_up_object__6f023a65__w000072_000119,Subject.3/Pick up object,Subject.3__Pick_up_object__6f023a65,0,72,119,23.0,0,0.0,0.6609848737716675,0.5364558696746826,0.7929726243019104,0.45454545454545453,0.45454545454545453,0.0,0.20833333333333334,0,0.10220300406217575,0.25317419320344925,False
train,train\Subject.3__Pick_up_object__6f023a65__w000084_000131.npz,Subject.3__Pick_up_object__6f023a65__w000084_000131,Subject.3/Pick up object,Subject.3__Pick_up_object__6f023a65,0,84,131,23.0,0,0.0,0.7601010203361511,0.6245152354240417,0.8096234202384949,0.45454545454545453,0.47575757575757577,0.0,0.14583333333333334,0,0.10060561448335648,0.2647058025002477,False
train,train\Subject.3__Pick_up_object__6f023a65__w000096_000143.npz,Subject.3__Pick_up_object__6f023a65__w000096_000143,Subject.3/Pick up object,Subject.3__Pick_up_object__6f023a65,0,96,143,23.0,0,0.0,0.8263888955116272,0.7210295796394348,0.8635828495025635,0.45454545454545453,0.47575757575757577,0.0,0.14583333333333334,0,0.1040387749671936,0.26055020242929444,False
train,train\Subject.3__Pick_up_object__6f023a65__w000108_000155.npz,Subject.3__Pick_up_object__6f023a65__w000108_000155,Subject.3/Pick up object,Subject.3__Pick_up_object__6f023a65,0,108,155,23.0,0,0.0,0.9261363744735718,0.8330152630805969,0.8959992527961731,0.48484848484848486,0.6575757575757576,0.0,0.041666666666666664,0,0.07719911634922028,0.22800391167402256,False
train,train\Subject.3__Pick_up_object__6f023a65__w000120_000167.npz,Subject.3__Pick_up_object__6f023a65__w000120_000167,Subject.3/Pick up object,Subject.3__Pick_up_object__6f023a65,0,120,167,23.0,0,0.0,1.0,0.9414555430412292,0.9414555430412292,1.0,1.0,0.0,0.0,0,0.0381305068731308,0.12372072190046265,False
train,train\Subject.3__Pick_up_object__6f023a65__w000132_000179.npz,Subject.3__Pick_up_object__6f023a65__w000132_000179,Subject.3/Pick up object,Subject.3__Pick_up_object__6f023a65,0,132,179,23.0,0,0.0,1.0,0.9758284091949463,0.9758284091949463,1.0,1.0,0.0,0.0,0,0.02359078638255596,0.07364440336823462,False
train,train\Subject.3__Sit_down__176258fd__w000000_000047.npz,Subject.3__Sit_down__176258fd__w000000_000047,Subject.3/Sit down,Subject.3__Sit_down__176258fd,0,0,47,23.0,0,0.0,0.7550504803657532,0.6677495837211609,0.8696734309196472,0.6060606060606061,0.696969696969697,0.0,0.0,0,0.03920265659689903,0.05002200584858652,False
train,train\Subject.3__Sit_down__176258fd__w000012_000059.npz,Subject.3__Sit_down__176258fd__w000012_000059,Subject.3/Sit down,Subject.3__Sit_down__176258fd,0,12,59,23.0,0,0.0,0.7594696879386902,0.6616924405097961,0.8575100302696228,0.6060606060606061,0.696969696969697,0.0,0.0,0,0.042639538645744324,0.10180257260799407,False
train,train\Subject.3__Sit_down__176258fd__w000024_000071.npz,Subject.3__Sit_down__176258fd__w000024_000071,Subject.3/Sit down,Subject.3__Sit_down__176258fd,0,24,71,23.0,0,0.0,0.7550504803657532,0.6437922120094299,0.8375452756881714,0.6060606060606061,0.6060606060606061,0.0,0.0,0,0.07615881413221359,0.2116500042378902,False
train,train\Subject.3__Sit_down__176258fd__w000036_000083.npz,Subject.3__Sit_down__176258fd__w000036_000083,Subject.3/Sit down,Subject.3__Sit_down__176258fd,0,36,83,23.0,0,0.0,0.7840909361839294,0.623005211353302,0.7819997072219849,0.6060606060606061,0.6060606060606061,0.0,0.0,0,0.1120353639125824,0.3683258578181266,False
train,train\Subject.3__Sit_down__176258fd__w000048_000095.npz,Subject.3__Sit_down__176258fd__w000048_000095,Subject.3/Sit down,Subject.3__Sit_down__176258fd,0,48,95,23.0,0,0.0,0.7954545617103577,0.5961586833000183,0.7389247417449951,0.6060606060606061,0.7272727272727273,0.0,0.0,0,0.12244535982608795,0.3640774816274641,False
train,train\Subject.3__Sit_down__176258fd__w000060_000107.npz,Subject.3__Sit_down__176258fd__w000060_000107,Subject.3/Sit down,Subject.3__Sit_down__176258fd,0,60,107,23.0,0,0.0,0.815025269985199,0.6035882234573364,0.7310647368431091,0.6060606060606061,0.7272727272727273,0.0,0.0,0,0.12940722703933716,0.36641961932182304,False
train,train\Subject.3__Sit_down__176258fd__w000072_000119.npz,Subject.3__Sit_down__176258fd__w000072_000119,Subject.3/Sit down,Subject.3__Sit_down__176258fd,0,72,119,23.0,0,0.0,0.8484848737716675,0.6415076851844788,0.7471429705619812,0.7878787878787878,0.7878787878787878,0.0,0.0,0,0.10630694031715393,0.3163308590650554,False
train,train\Subject.3__Sit_down__176258fd__w000084_000131.npz,Subject.3__Sit_down__176258fd__w000084_000131,Subject.3/Sit down,Subject.3__Sit_down__176258fd,0,84,131,23.0,0,0.0,0.8491161465644836,0.6668198704719543,0.7769990563392639,0.7878787878787878,0.7878787878787878,0.0,0.0,0,0.07003826647996902,0.19476969391107546,False
train,train\Subject.3__Sit_down__176258fd__w000096_000143.npz,Subject.3__Sit_down__176258fd__w000096_000143,Subject.3/Sit down,Subject.3__Sit_down__176258fd,0,96,143,23.0,0,0.0,0.8579545617103577,0.6924129724502563,0.7990359663963318,0.8181818181818182,0.8181818181818182,0.0,0.0,0,0.061788178980350494,0.1589820325374602,False
train,train\Subject.3__Sit_down__176258fd__w000108_000155.npz,Subject.3__Sit_down__176258fd__w000108_000155,Subject.3/Sit down,Subject.3__Sit_down__176258fd,0,108,155,23.0,0,0.0,0.8522727489471436,0.6861703991889954,0.7964699268341064,0.8181818181818182,0.8393939393939395,0.0,0.0,0,0.043549176305532455,0.10812821798026562,False
train,train\Subject.3__Sit_down__176258fd__w000120_000167.npz,Subject.3__Sit_down__176258fd__w000120_000167,Subject.3/Sit down,Subject.3__Sit_down__176258fd,0,120,167,23.0,0,0.0,0.8642676472663879,0.6934183835983276,0.7938462495803833,0.8484848484848485,0.8484848484848485,0.0,0.0,0,0.03774382919073105,0.09894310124218463,False
train,train\Subject.3__Sit_down__176258fd__w000132_000179.npz,Subject.3__Sit_down__176258fd__w000132_000179,Subject.3/Sit down,Subject.3__Sit_down__176258fd,0,132,179,23.0,0,0.0,0.873106062412262,0.7043889164924622,0.7975607514381409,0.8484848484848485,0.8484848484848485,0.0,0.0,0,0.036680158227682114,0.09175027012825007,False
train,train\Subject.3__Sit_down__176258fd__w000144_000191.npz,Subject.3__Sit_down__176258fd__w000144_000191,Subject.3/Sit down,Subject.3__Sit_down__176258fd,0,144,191,23.0,0,0.0,0.8762626051902771,0.7152833938598633,0.8069400191307068,0.8484848484848485,0.8484848484848485,0.0,0.0,0,0.03410600498318672,0.08567531332373618,False
train,train\Subject.3__Sit_down__176258fd__w000156_000203.npz,Subject.3__Sit_down__176258fd__w000156_000203,Subject.3/Sit down,Subject.3__Sit_down__176258fd,0,156,203,23.0,0,0.0,0.875,0.7408229112625122,0.8377694487571716,0.8484848484848485,0.8484848484848485,0.0,0.0,0,0.034743305295705795,0.0933272864669561,False
train,train\Subject.3__Sit_down__176258fd__w000168_000215.npz,Subject.3__Sit_down__176258fd__w000168_000215,Subject.3/Sit down,Subject.3__Sit_down__176258fd,0,168,215,23.0,0,0.0,0.8642676472663879,0.7349989414215088,0.8412911295890808,0.7575757575757576,0.7575757575757576,0.0,0.0,0,0.047491975128650665,0.11783311814069741,False
train,train\Subject.3__Sit_down__176258fd__w000180_000227.npz,Subject.3__Sit_down__176258fd__w000180_000227,Subject.3/Sit down,Subject.3__Sit_down__176258fd,0,180,227,23.0,0,0.0,0.8055555820465088,0.6780655384063721,0.8314125537872314,0.45454545454545453,0.6454545454545455,0.0,0.10416666666666667,0,0.09483081847429276,0.5526384741067882,False
train,train\Subject.3__Sit_down__176258fd__w000192_000239.npz,Subject.3__Sit_down__176258fd__w000192_000239,Subject.3/Sit down,Subject.3__Sit_down__176258fd,0,192,239,23.0,0,0.0,0.7821969985961914,0.6660985350608826,0.8381800055503845,0.45454545454545453,0.6454545454545455,0.0,0.10416666666666667,0,0.1052098348736763,0.5748339056968688,False
train,train\Subject.3__Sit_down__176258fd__w000204_000251.npz,Subject.3__Sit_down__176258fd__w000204_000251,Subject.3/Sit down,Subject.3__Sit_down__176258fd,0,204,251,23.0,0,0.0,0.7771464586257935,0.642758846282959,0.8130025863647461,0.45454545454545453,0.6454545454545455,0.0,0.10416666666666667,0,0.10863113403320312,0.5803392916917797,False
train,train\Subject.3__Walk__b6d109cb__w000000_000047.npz,Subject.3__Walk__b6d109cb__w000000_000047,Subject.3/Walk,Subject.3__Walk__b6d109cb,0,0,47,23.0,0,0.0,0.9633838534355164,0.9043178558349609,0.936306357383728,0.8484848484848485,0.8484848484848485,0.0,0.0,0,0.02286025881767273,0.05589780658483504,False
train,train\Subject.3__Walk__b6d109cb__w000012_000059.npz,Subject.3__Walk__b6d109cb__w000012_000059,Subject.3/Walk,Subject.3__Walk__b6d109cb,0,12,59,23.0,0,0.0,0.9728535413742065,0.8809136152267456,0.9032230377197266,0.9090909090909091,0.9090909090909091,0.0,0.0,0,0.023632116615772247,0.05623995773494243,False
train,train\Subject.3__Walk__b6d109cb__w000024_000071.npz,Subject.3__Walk__b6d109cb__w000024_000071,Subject.3/Walk,Subject.3__Walk__b6d109cb,0,24,71,23.0,0,0.0,0.9425504803657532,0.8362137675285339,0.8838399052619934,0.8484848484848485,0.8484848484848485,0.0,0.0,0,0.026681620627641678,0.057236560061573974,False
train,train\Subject.3__Walk__b6d109cb__w000036_000083.npz,Subject.3__Walk__b6d109cb__w000036_000083,Subject.3/Walk,Subject.3__Walk__b6d109cb,0,36,83,23.0,0,0.0,0.9261363744735718,0.8136835694313049,0.8733565807342529,0.8484848484848485,0.8484848484848485,0.0,0.0,0,0.03072422370314598,0.06468753851950167,False
train,train\Subject.3__Walk__b6d109cb__w000048_000095.npz,Subject.3__Walk__b6d109cb__w000048_000095,Subject.3/Walk,Subject.3__Walk__b6d109cb,0,48,95,23.0,0,0.0,0.9166666865348816,0.7832832932472229,0.8489531874656677,0.8181818181818182,0.8484848484848485,0.0,0.0,0,0.03229812532663345,0.06385192945599552,False
train,train\Subject.3__Walk__b6d109cb__w000060_000107.npz,Subject.3__Walk__b6d109cb__w000060_000107,Subject.3/Walk,Subject.3__Walk__b6d109cb,0,60,107,23.0,0,0.0,0.9324495196342468,0.816201388835907,0.8712354898452759,0.8181818181818182,0.8484848484848485,0.0,0.0,0,0.032844532281160355,0.07371354028582569,False
train,train\Subject.3__Walk__b6d109cb__w000072_000119.npz,Subject.3__Walk__b6d109cb__w000072_000119,Subject.3/Walk,Subject.3__Walk__b6d109cb,0,72,119,23.0,0,0.0,0.9627525210380554,0.8481573462486267,0.8779816627502441,0.8181818181818182,0.9,0.0,0.0,0,0.03411245718598366,0.07745608873665331,False
train,train\Subject.3__Walk__b6d109cb__w000084_000131.npz,Subject.3__Walk__b6d109cb__w000084_000131,Subject.3/Walk,Subject.3__Walk__b6d109cb,0,84,131,23.0,0,0.0,0.9558081030845642,0.8507856726646423,0.8871114253997803,0.8181818181818182,0.8696969696969697,0.0,0.0,0,0.04877154901623726,0.1403772428631775,False
train,train\Subject.3__Walk__b6d109cb__w000096_000143.npz,Subject.3__Walk__b6d109cb__w000096_000143,Subject.3/Walk,Subject.3__Walk__b6d109cb,0,96,143,23.0,0,0.0,0.9608585834503174,0.8491697907447815,0.8813499212265015,0.8484848484848485,0.8484848484848485,0.0,0.0,0,0.05279425531625748,0.15004874691367118,False
train,train\Subject.3__Walk__b6d109cb__w000108_000155.npz,Subject.3__Walk__b6d109cb__w000108_000155,Subject.3/Walk,Subject.3__Walk__b6d109cb,0,108,155,23.0,0,0.0,0.9608585834503174,0.8150858879089355,0.8458776473999023,0.8484848484848485,0.8484848484848485,0.0,0.0,0,0.05780448392033577,0.17105297222733493,False
train,train\Subject.3__Walk__b6d109cb__w000120_000167.npz,Subject.3__Walk__b6d109cb__w000120_000167,Subject.3/Walk,Subject.3__Walk__b6d109cb,0,120,167,23.0,0,0.0,0.9608585834503174,0.7781142592430115,0.8073998093605042,0.8484848484848485,0.8484848484848485,0.0,0.0,0,0.05424417182803154,0.1549079693853855,False
train,train\Subject.4__Fall_backwards__2ea12ecd__w000000_000047.npz,Subject.4__Fall_backwards__2ea12ecd__w000000_000047,Subject.4/Fall backwards,Subject.4__Fall_backwards__2ea12ecd,0,0,47,23.0,0,0.0,0.8226010203361511,0.6854712963104248,0.8230178952217102,0.6060606060606061,0.7575757575757576,0.0,0.0,0,0.038301315158605576,0.11212167330086228,False
train,train\Subject.4__Fall_backwards__2ea12ecd__w000012_000059.npz,Subject.4__Fall_backwards__2ea12ecd__w000012_000059,Subject.4/Fall backwards,Subject.4__Fall_backwards__2ea12ecd,0,12,59,23.0,0,0.0,0.810606062412262,0.6865546703338623,0.8344864249229431,0.6060606060606061,0.6363636363636364,0.0,0.0,0,0.03822975605726242,0.07623242847621438,False
train,train\Subject.4__Fall_backwards__2ea12ecd__w000024_000071.npz,Subject.4__Fall_backwards__2ea12ecd__w000024_000071,Subject.4/Fall backwards,Subject.4__Fall_backwards__2ea12ecd,1,24,71,23.0,2,0.0416666679084301,0.8390151262283325,0.6884362101554871,0.8104668855667114,0.6060606060606061,0.6363636363636364,0.0,0.0,0,0.0625419095158577,0.2606011256575581,False
train,train\Subject.4__Fall_backwards__2ea12ecd__w000036_000083.npz,Subject.4__Fall_backwards__2ea12ecd__w000036_000083,Subject.4/Fall backwards,Subject.4__Fall_backwards__2ea12ecd,1,36,83,23.0,14,0.2916666567325592,0.8832070827484131,0.739778459072113,0.8310648202896118,0.6060606060606061,0.6363636363636364,0.0,0.0,0,0.0813249945640564,0.2882783889770503,False
train,train\Subject.4__Fall_backwards__2ea12ecd__w000048_000095.npz,Subject.4__Fall_backwards__2ea12ecd__w000048_000095,Subject.4/Fall backwards,Subject.4__Fall_backwards__2ea12ecd,1,48,95,23.0,26,0.5416666865348816,0.943813145160675,0.82967209815979,0.8750649690628052,0.6060606060606061,0.7424242424242424,0.0,0.0,0,0.08178513497114182,0.2717206180095672,False
train,train\Subject.4__Fall_backwards__2ea12ecd__w000060_000107.npz,Subject.4__Fall_backwards__2ea12ecd__w000060_000107,Subject.4/Fall backwards,Subject.4__Fall_backwards__2ea12ecd,1,60,107,23.0,38,0.7916666865348816,0.9835858345031738,0.8804833292961121,0.8938611745834351,0.8787878787878788,0.9393939393939394,0.0,0.0,0,0.07184663414955139,0.2574872046709061,False
train,train\Subject.4__Fall_backwards__2ea12ecd__w000072_000119.npz,Subject.4__Fall_backwards__2ea12ecd__w000072_000119,Subject.4/Fall backwards,Subject.4__Fall_backwards__2ea12ecd,1,72,119,23.0,48,1.0,0.9608585834503174,0.9024457335472107,0.9359608888626099,0.8787878787878788,0.8787878787878788,0.0,0.0,0,0.03923359885811806,0.16659978330135344,False
train,train\Subject.4__Fall_backwards__2ea12ecd__w000084_000131.npz,Subject.4__Fall_backwards__2ea12ecd__w000084_000131,Subject.4/Fall backwards,Subject.4__Fall_backwards__2ea12ecd,1,84,131,23.0,48,1.0,0.9337121248245239,0.8870336413383484,0.9447544813156128,0.8787878787878788,0.8787878787878788,0.0,0.0,0,0.020934343338012695,0.06551096960902203,False
train,train\Subject.4__Fall_backwards__2ea12ecd__w000096_000143.npz,Subject.4__Fall_backwards__2ea12ecd__w000096_000143,Subject.4/Fall backwards,Subject.4__Fall_backwards__2ea12ecd,1,96,143,23.0,48,1.0,0.9034090638160706,0.8509888052940369,0.9341374635696411,0.8787878787878788,0.8787878787878788,0.0,0.0,0,0.01587487757205963,0.03237181100994348,False
train,train\Subject.4__Fall_backwards__2ea12ecd__w000108_000155.npz,Subject.4__Fall_backwards__2ea12ecd__w000108_000155,Subject.4/Fall backwards,Subject.4__Fall_backwards__2ea12ecd,1,108,155,23.0,48,1.0,0.8832070827484131,0.8373144268989563,0.9388723373413086,0.8787878787878788,0.8787878787878788,0.0,0.0,0,0.01110084168612957,0.02110428409650921,False
train,train\Subject.4__Fall_backwards__2ea12ecd__w000120_000167.npz,Subject.4__Fall_backwards__2ea12ecd__w000120_000167,Subject.4/Fall backwards,Subject.4__Fall_backwards__2ea12ecd,1,120,167,23.0,48,1.0,0.8825757503509521,0.8381010293960571,0.9402725100517273,0.8787878787878788,0.8787878787878788,0.0,0.0,0,0.009898983873426914,0.015347457304596891,False
train,train\Subject.4__Fall_backwards__2ea12ecd__w000132_000179.npz,Subject.4__Fall_backwards__2ea12ecd__w000132_000179,Subject.4/Fall backwards,Subject.4__Fall_backwards__2ea12ecd,1,132,179,23.0,48,1.0,0.879419207572937,0.8388965725898743,0.9441489577293396,0.8787878787878788,0.8787878787878788,0.0,0.0,0,0.0053771608509123325,0.012404322810471057,False
train,train\Subject.4__Fall_backwards__2ea12ecd__w000144_000191.npz,Subject.4__Fall_backwards__2ea12ecd__w000144_000191,Subject.4/Fall backwards,Subject.4__Fall_backwards__2ea12ecd,1,144,191,23.0,48,1.0,0.881313145160675,0.8420343995094299,0.9447577595710754,0.8787878787878788,0.8787878787878788,0.0,0.0,0,0.008087920024991035,0.0152531994972378,False
train,train\Subject.4__Fall_forward__966c97ff__w000000_000047.npz,Subject.4__Fall_forward__966c97ff__w000000_000047,Subject.4/Fall forward,Subject.4__Fall_forward__966c97ff,1,0,47,23.0,23,0.4791666567325592,0.9431818127632141,0.8019964098930359,0.8460813760757446,0.8181818181818182,0.8606060606060606,0.0,0.0,0,0.1280680149793625,0.5530009686946868,False
train,train\Subject.4__Fall_forward__966c97ff__w000012_000059.npz,Subject.4__Fall_forward__966c97ff__w000012_000059,Subject.4/Fall forward,Subject.4__Fall_forward__966c97ff,1,12,59,23.0,35,0.7291666865348816,0.9128788113594055,0.7736693620681763,0.840673565864563,0.8181818181818182,0.8606060606060606,0.0,0.0,0,0.11640840768814087,0.5530009686946868,False
train,train\Subject.4__Fall_forward__966c97ff__w000024_000071.npz,Subject.4__Fall_forward__966c97ff__w000024_000071,Subject.4/Fall forward,Subject.4__Fall_forward__966c97ff,1,24,71,23.0,47,0.9791666865348816,0.9053030014038086,0.7759197354316711,0.8482262492179871,0.8484848484848485,0.8696969696969697,0.0,0.0,0,0.03717057406902313,0.1903287343680858,False
train,train\Subject.4__Fall_forward__966c97ff__w000036_000083.npz,Subject.4__Fall_forward__966c97ff__w000036_000083,Subject.4/Fall forward,Subject.4__Fall_forward__966c97ff,1,36,83,23.0,48,1.0,0.8838383555412292,0.7590231895446777,0.8484393954277039,0.8181818181818182,0.8484848484848485,0.0,0.0,0,0.013121947646141052,0.02761790510267013,False
train,train\Subject.4__Fall_forward__966c97ff__w000048_000095.npz,Subject.4__Fall_forward__966c97ff__w000048_000095,Subject.4/Fall forward,Subject.4__Fall_forward__966c97ff,1,48,95,23.0,48,1.0,0.8819444179534912,0.7634536027908325,0.8554028868675232,0.8181818181818182,0.8484848484848485,0.0,0.0,0,0.01604663021862507,0.030819948576390723,False
train,train\Subject.4__Fall_forward__966c97ff__w000060_000107.npz,Subject.4__Fall_forward__966c97ff__w000060_000107,Subject.4/Fall forward,Subject.4__Fall_forward__966c97ff,1,60,107,23.0,48,1.0,0.9046717286109924,0.7921692132949829,0.8675618171691895,0.8181818181818182,0.8484848484848485,0.0,0.0,0,0.016322819516062737,0.030819948576390723,False
train,train\Subject.4__Fall_forward__966c97ff__w000072_000119.npz,Subject.4__Fall_forward__966c97ff__w000072_000119,Subject.4/Fall forward,Subject.4__Fall_forward__966c97ff,1,72,119,23.0,48,1.0,0.9267676472663879,0.8207715749740601,0.8802109360694885,0.8181818181818182,0.8484848484848485,0.0,0.0,0,0.01335686631500721,0.026201020088046784,False
train,train\Subject.4__Fall_forward__966c97ff__w000084_000131.npz,Subject.4__Fall_forward__966c97ff__w000084_000131,Subject.4/Fall forward,Subject.4__Fall_forward__966c97ff,1,84,131,23.0,48,1.0,0.9520202279090881,0.8417860865592957,0.8803648352622986,0.8181818181818182,0.8484848484848485,0.0,0.0,0,0.014465057291090488,0.03738912027329207,False
train,train\Subject.4__Fall_forward__966c97ff__w000096_000143.npz,Subject.4__Fall_forward__966c97ff__w000096_000143,Subject.4/Fall forward,Subject.4__Fall_forward__966c97ff,1,96,143,23.0,48,1.0,0.9823232293128967,0.8775115609169006,0.8919816613197327,0.9696969696969697,0.9696969696969697,0.0,0.0,0,0.014030509628355503,0.051244343258440475,False
train,train\Subject.4__Fall_forward__966c97ff__w000108_000155.npz,Subject.4__Fall_forward__966c97ff__w000108_000155,Subject.4/Fall forward,Subject.4__Fall_forward__966c97ff,1,108,155,23.0,48,1.0,0.9898989796638489,0.8950669765472412,0.9034184813499451,0.9696969696969697,0.9696969696969697,0.0,0.0,0,0.015951476991176605,0.0535801837220788,False
train,train\Subject.4__Fall_forward__966c97ff__w000120_000167.npz,Subject.4__Fall_forward__966c97ff__w000120_000167,Subject.4/Fall forward,Subject.4__Fall_forward__966c97ff,1,120,167,23.0,48,1.0,0.997474730014801,0.9145049452781677,0.9165863394737244,0.9696969696969697,1.0,0.0,0.0,0,0.017849747091531754,0.0569935897365212,False
train,train\Subject.4__Fall_left__89bc0847__w000000_000047.npz,Subject.4__Fall_left__89bc0847__w000000_000047,Subject.4/Fall left,Subject.4__Fall_left__89bc0847,0,0,47,23.0,0,0.0,0.9286616444587708,0.8002347350120544,0.8556550741195679,0.7878787878787878,0.7878787878787878,0.0,0.0,0,0.08672376722097397,0.21314933001995082,False
train,train\Subject.4__Fall_left__89bc0847__w000012_000059.npz,Subject.4__Fall_left__89bc0847__w000012_000059,Subject.4/Fall left,Subject.4__Fall_left__89bc0847,0,12,59,23.0,0,0.0,0.9217171669006348,0.7825871706008911,0.8422946929931641,0.7878787878787878,0.7878787878787878,0.0,0.0,0,0.10656142234802246,0.2907170042395583,False
train,train\Subject.4__Fall_left__89bc0847__w000024_000071.npz,Subject.4__Fall_left__89bc0847__w000024_000071,Subject.4/Fall left,Subject.4__Fall_left__89bc0847,1,24,71,23.0,11,0.2291666716337204,0.9273989796638489,0.7730954885482788,0.8283180594444275,0.7878787878787878,0.7878787878787878,0.0,0.0,0,0.1342187225818634,0.36585562527179705,False
train,train\Subject.4__Fall_left__89bc0847__w000036_000083.npz,Subject.4__Fall_left__89bc0847__w000036_000083,Subject.4/Fall left,Subject.4__Fall_left__89bc0847,1,36,83,23.0,23,0.4791666567325592,0.8914141654968262,0.728948712348938,0.8098215460777283,0.7878787878787878,0.7878787878787878,0.0,0.0,0,0.13232827186584473,0.39423391073942177,False
train,train\Subject.4__Fall_left__89bc0847__w000048_000095.npz,Subject.4__Fall_left__89bc0847__w000048_000095,Subject.4/Fall left,Subject.4__Fall_left__89bc0847,1,48,95,23.0,35,0.7291666865348816,0.8857323527336121,0.7066328525543213,0.7888493537902832,0.7878787878787878,0.7878787878787878,0.0,0.0,0,0.10543728619813919,0.3637522265315055,False
train,train\Subject.4__Fall_left__89bc0847__w000060_000107.npz,Subject.4__Fall_left__89bc0847__w000060_000107,Subject.4/Fall left,Subject.4__Fall_left__89bc0847,1,60,107,23.0,47,0.9791666865348816,0.9292929172515869,0.7511049509048462,0.802394449710846,0.7878787878787878,0.8090909090909091,0.0,0.0,0,0.05656800791621208,0.20814024880528445,False
train,train\Subject.4__Fall_left__89bc0847__w000072_000119.npz,Subject.4__Fall_left__89bc0847__w000072_000119,Subject.4/Fall left,Subject.4__Fall_left__89bc0847,1,72,119,23.0,48,1.0,0.943813145160675,0.7816353440284729,0.8229836821556091,0.7878787878787878,0.8090909090909091,0.0,0.0,0,0.029763376340270042,0.0847805570811033,False
train,train\Subject.4__Fall_left__89bc0847__w000084_000131.npz,Subject.4__Fall_left__89bc0847__w000084_000131,Subject.4/Fall left,Subject.4__Fall_left__89bc0847,1,84,131,23.0,48,1.0,0.9551767706871033,0.8262804746627808,0.8599048256874084,0.8484848484848485,0.8484848484848485,0.0,0.0,0,0.029163366183638573,0.0769416410475969,False
train,train\Subject.4__Fall_left__89bc0847__w000096_000143.npz,Subject.4__Fall_left__89bc0847__w000096_000143,Subject.4/Fall left,Subject.4__Fall_left__89bc0847,1,96,143,23.0,48,1.0,0.9299242496490479,0.8340209722518921,0.8904610872268677,0.8484848484848485,0.8484848484848485,0.0,0.0,0,0.03199205920100212,0.07802280224859703,False
train,train\Subject.4__Fall_left__89bc0847__w000108_000155.npz,Subject.4__Fall_left__89bc0847__w000108_000155,Subject.4/Fall left,Subject.4__Fall_left__89bc0847,1,108,155,23.0,48,1.0,0.9002525210380554,0.8340489268302917,0.9174342155456543,0.8484848484848485,0.8484848484848485,0.0,0.0,0,0.03719569742679596,0.07482489868998528,False
train,train\Subject.4__Fall_right__97ef36b9__w000000_000047.npz,Subject.4__Fall_right__97ef36b9__w000000_000047,Subject.4/Fall right,Subject.4__Fall_right__97ef36b9,1,0,47,23.0,1,0.02083333395421505,0.754419207572937,0.6340238451957703,0.8304622173309326,0.6060606060606061,0.6060606060606061,0.0,0.0,0,0.05950826033949852,0.16011836975812907,False
train,train\Subject.4__Fall_right__97ef36b9__w000012_000059.npz,Subject.4__Fall_right__97ef36b9__w000012_000059,Subject.4/Fall right,Subject.4__Fall_right__97ef36b9,1,12,59,23.0,13,0.2708333432674408,0.8087121248245239,0.6763026714324951,0.8296509385108948,0.696969696969697,0.7181818181818183,0.0,0.0,0,0.06922049820423126,0.16688116639852518,False
train,train\Subject.4__Fall_right__97ef36b9__w000024_000071.npz,Subject.4__Fall_right__97ef36b9__w000024_000071,Subject.4/Fall right,Subject.4__Fall_right__97ef36b9,1,24,71,23.0,25,0.5208333134651184,0.8314393758773804,0.693109393119812,0.8258083462715149,0.696969696969697,0.7272727272727273,0.0,0.0,0,0.07722997665405273,0.1696171388030052,False
train,train\Subject.4__Fall_right__97ef36b9__w000036_000083.npz,Subject.4__Fall_right__97ef36b9__w000036_000083,Subject.4/Fall right,Subject.4__Fall_right__97ef36b9,1,36,83,23.0,37,0.7708333134651184,0.8541666865348816,0.704221248626709,0.8142400979995728,0.7272727272727273,0.7575757575757576,0.0,0.0,0,0.07959491014480591,0.1696171388030052,False
train,train\Subject.4__Fall_right__97ef36b9__w000048_000095.npz,Subject.4__Fall_right__97ef36b9__w000048_000095,Subject.4/Fall right,Subject.4__Fall_right__97ef36b9,1,48,95,23.0,48,1.0,0.8579545617103577,0.7063578367233276,0.8120196461677551,0.7272727272727273,0.7575757575757576,0.0,0.0,0,0.06145637109875679,0.15026887208223297,False
train,train\Subject.4__Fall_right__97ef36b9__w000060_000107.npz,Subject.4__Fall_right__97ef36b9__w000060_000107,Subject.4/Fall right,Subject.4__Fall_right__97ef36b9,1,60,107,23.0,48,1.0,0.8529040217399597,0.7041782140731812,0.8138870596885681,0.7272727272727273,0.7575757575757576,0.0,0.0,0,0.03919917717576027,0.09360251352190965,False
train,train\Subject.4__Fall_right__97ef36b9__w000072_000119.npz,Subject.4__Fall_right__97ef36b9__w000072_000119,Subject.4/Fall right,Subject.4__Fall_right__97ef36b9,1,72,119,23.0,48,1.0,0.8547979593276978,0.7208743095397949,0.8333495259284973,0.7575757575757576,0.8484848484848485,0.0,0.0,0,0.02771811932325363,0.06814637109637259,False
train,train\Subject.4__Fall_right__97ef36b9__w000084_000131.npz,Subject.4__Fall_right__97ef36b9__w000084_000131,Subject.4/Fall right,Subject.4__Fall_right__97ef36b9,1,84,131,23.0,48,1.0,0.8251262903213501,0.7325762510299683,0.8783239126205444,0.7272727272727273,0.7272727272727273,0.0,0.0,0,0.0133523503318429,0.0306545989587903,False
train,train\Subject.4__Fall_right__97ef36b9__w000096_000143.npz,Subject.4__Fall_right__97ef36b9__w000096_000143,Subject.4/Fall right,Subject.4__Fall_right__97ef36b9,1,96,143,23.0,48,1.0,0.8087121248245239,0.7240045666694641,0.8862962126731873,0.7272727272727273,0.7272727272727273,0.0,0.0,0,0.015063081867992878,0.03135448154062032,False
train,train\Subject.4__Fall_sitting__b6854d45__w000000_000047.npz,Subject.4__Fall_sitting__b6854d45__w000000_000047,Subject.4/Fall sitting,Subject.4__Fall_sitting__b6854d45,0,0,47,23.0,0,0.0,0.8529040217399597,0.7479739785194397,0.865469753742218,0.6363636363636364,0.6363636363636364,0.0,0.0,0,0.060602571815252304,0.18196368217468256,False
train,train\Subject.4__Fall_sitting__b6854d45__w000012_000059.npz,Subject.4__Fall_sitting__b6854d45__w000012_000059,Subject.4/Fall sitting,Subject.4__Fall_sitting__b6854d45,0,12,59,23.0,0,0.0,0.7891414165496826,0.6881254315376282,0.855485737323761,0.6363636363636364,0.6363636363636364,0.0,0.0,0,0.057664889842271805,0.1555667825043201,False
train,train\Subject.4__Fall_sitting__b6854d45__w000024_000071.npz,Subject.4__Fall_sitting__b6854d45__w000024_000071,Subject.4/Fall sitting,Subject.4__Fall_sitting__b6854d45,1,24,71,23.0,11,0.2291666716337204,0.748106062412262,0.6291534900665283,0.8219102025032043,0.6363636363636364,0.6363636363636364,0.0,0.0,0,0.06704656034708023,0.16049877554178232,False
train,train\Subject.4__Fall_sitting__b6854d45__w000036_000083.npz,Subject.4__Fall_sitting__b6854d45__w000036_000083,Subject.4/Fall sitting,Subject.4__Fall_sitting__b6854d45,1,36,83,23.0,23,0.4791666567325592,0.6862373948097229,0.5728005170822144,0.8124582171440125,0.5757575757575758,0.5757575757575758,0.0,0.0,0,0.06648395210504532,0.1585903495550155,False
train,train\Subject.4__Fall_sitting__b6854d45__w000048_000095.npz,Subject.4__Fall_sitting__b6854d45__w000048_000095,Subject.4/Fall sitting,Subject.4__Fall_sitting__b6854d45,1,48,95,23.0,35,0.7291666865348816,0.6786616444587708,0.5447161793708801,0.7857732772827148,0.5757575757575758,0.5757575757575758,0.0,0.0,0,0.0641687735915184,0.14985556453466395,False
train,train\Subject.4__Fall_sitting__b6854d45__w000060_000107.npz,Subject.4__Fall_sitting__b6854d45__w000060_000107,Subject.4/Fall sitting,Subject.4__Fall_sitting__b6854d45,1,60,107,23.0,47,0.9791666865348816,0.6609848737716675,0.5200293064117432,0.7728403806686401,0.5757575757575758,0.5757575757575758,0.0,0.0,0,0.044188324362039566,0.10153787806630134,False
train,train\Subject.4__Fall_sitting__b6854d45__w000072_000119.npz,Subject.4__Fall_sitting__b6854d45__w000072_000119,Subject.4/Fall sitting,Subject.4__Fall_sitting__b6854d45,1,72,119,23.0,48,1.0,0.6515151262283325,0.5223278403282166,0.7904567718505859,0.5757575757575758,0.5757575757575758,0.0,0.0,0,0.027342883870005608,0.08608052618801591,False
train,train\Subject.4__Fall_sitting__b6854d45__w000084_000131.npz,Subject.4__Fall_sitting__b6854d45__w000084_000131,Subject.4/Fall sitting,Subject.4__Fall_sitting__b6854d45,1,84,131,23.0,48,1.0,0.6647727489471436,0.5221145749092102,0.7775496244430542,0.6060606060606061,0.6060606060606061,0.0,0.0,0,0.014907720498740673,0.024845262244343757,False
train,train\Subject.4__Fall_sitting__b6854d45__w000096_000143.npz,Subject.4__Fall_sitting__b6854d45__w000096_000143,Subject.4/Fall sitting,Subject.4__Fall_sitting__b6854d45,1,96,143,23.0,48,1.0,0.6685606241226196,0.5251474380493164,0.7787729501724243,0.6666666666666666,0.6666666666666666,0.0,0.0,0,0.010484016500413418,0.020606397092342375,False
train,train\Subject.4__Fall_sitting__b6854d45__w000108_000155.npz,Subject.4__Fall_sitting__b6854d45__w000108_000155,Subject.4/Fall sitting,Subject.4__Fall_sitting__b6854d45,1,108,155,23.0,48,1.0,0.6691918969154358,0.5195331573486328,0.7699346542358398,0.6666666666666666,0.6666666666666666,0.0,0.0,0,0.00994391180574894,0.02268978524953126,False
train,train\Subject.4__Fall_sitting__b6854d45__w000120_000167.npz,Subject.4__Fall_sitting__b6854d45__w000120_000167,Subject.4/Fall sitting,Subject.4__Fall_sitting__b6854d45,1,120,167,23.0,48,1.0,0.6685606241226196,0.5058819651603699,0.7509471774101257,0.6666666666666666,0.6666666666666666,0.0,0.0,0,0.010533755645155907,0.02683308757841586,False
train,train\Subject.4__Fall_sitting__b6854d45__w000132_000179.npz,Subject.4__Fall_sitting__b6854d45__w000132_000179,Subject.4/Fall sitting,Subject.4__Fall_sitting__b6854d45,1,132,179,23.0,48,1.0,0.681186854839325,0.5352074503898621,0.7765530943870544,0.6666666666666666,0.6666666666666666,0.0,0.0,0,0.015590540133416653,0.03638401217758655,False
train,train\Subject.4__Fall_sitting__b6854d45__w000144_000191.npz,Subject.4__Fall_sitting__b6854d45__w000144_000191,Subject.4/Fall sitting,Subject.4__Fall_sitting__b6854d45,1,144,191,23.0,48,1.0,0.7348484992980957,0.5963184237480164,0.8014186024665833,0.6666666666666666,0.6666666666666666,0.0,0.0,0,0.02024506963789463,0.04598710034042595,False
train,train\Subject.4__Hop__e54b29ba__w000000_000047.npz,Subject.4__Hop__e54b29ba__w000000_000047,Subject.4/Hop,Subject.4__Hop__e54b29ba,0,0,47,23.0,0,0.0,1.0,0.9730466604232788,0.9730466604232788,1.0,1.0,0.0,0.0,0,0.01695391722023487,0.04671880211681126,False
train,train\Subject.4__Hop__e54b29ba__w000012_000059.npz,Subject.4__Hop__e54b29ba__w000012_000059,Subject.4/Hop,Subject.4__Hop__e54b29ba,0,12,59,23.0,0,0.0,1.0,0.9716925024986267,0.9716925024986267,1.0,1.0,0.0,0.0,0,0.018559014424681664,0.05146013721823692,False
train,train\Subject.4__Hop__e54b29ba__w000024_000071.npz,Subject.4__Hop__e54b29ba__w000024_000071,Subject.4/Hop,Subject.4__Hop__e54b29ba,0,24,71,23.0,0,0.0,1.0,0.9532805681228638,0.9532805681228638,1.0,1.0,0.0,0.0,0,0.026501718908548355,0.06043437886983155,False
train,train\Subject.4__Hop__e54b29ba__w000036_000083.npz,Subject.4__Hop__e54b29ba__w000036_000083,Subject.4/Hop,Subject.4__Hop__e54b29ba,0,36,83,23.0,0,0.0,0.9917929172515869,0.8951719403266907,0.9017855525016785,0.9393939393939394,0.9696969696969697,0.0,0.0,0,0.05865519121289253,0.3780550092458718,False
train,train\Subject.4__Hop__e54b29ba__w000048_000095.npz,Subject.4__Hop__e54b29ba__w000048_000095,Subject.4/Hop,Subject.4__Hop__e54b29ba,0,48,95,23.0,0,0.0,0.9545454382896423,0.8047388792037964,0.840535581111908,0.7575757575757576,0.8484848484848485,0.0,0.0,0,0.12279994785785675,0.5854840546846383,False
train,train\Subject.4__Hop__e54b29ba__w000060_000107.npz,Subject.4__Hop__e54b29ba__w000060_000107,Subject.4/Hop,Subject.4__Hop__e54b29ba,0,60,107,23.0,0,0.0,0.9210858345031738,0.7254430651664734,0.7830613851547241,0.7575757575757576,0.8181818181818182,0.0,0.0,0,0.1755722165107727,0.6487496435642243,False
train,train\Subject.4__Hop__e54b29ba__w000072_000119.npz,Subject.4__Hop__e54b29ba__w000072_000119,Subject.4/Hop,Subject.4__Hop__e54b29ba,0,72,119,23.0,0,0.0,0.8844696879386902,0.6725687980651855,0.7528876662254333,0.7272727272727273,0.7575757575757576,0.0,0.0,0,0.21179305016994476,0.670242440700531,False
train,train\Subject.4__Hop__e54b29ba__w000084_000131.npz,Subject.4__Hop__e54b29ba__w000084_000131,Subject.4/Hop,Subject.4__Hop__e54b29ba,0,84,131,23.0,0,0.0,0.8926767706871033,0.7236893177032471,0.8041144609451294,0.7272727272727273,0.7575757575757576,0.0,0.0,0,0.18116101622581482,0.6604032337665556,False
train,train\Subject.4__Hop__e54b29ba__w000096_000143.npz,Subject.4__Hop__e54b29ba__w000096_000143,Subject.4/Hop,Subject.4__Hop__e54b29ba,0,96,143,23.0,0,0.0,0.9299242496490479,0.8070427775382996,0.8632852435112,0.7272727272727273,0.7787878787878788,0.0,0.0,0,0.12648309767246246,0.6193594843149185,False
train,train\Subject.4__Kneel__d0f93053__w000000_000047.npz,Subject.4__Kneel__d0f93053__w000000_000047,Subject.4/Kneel,Subject.4__Kneel__d0f93053,0,0,47,23.0,0,0.0,0.8068181872367859,0.7215265035629272,0.8831305503845215,0.6060606060606061,0.6666666666666666,0.0,0.0,0,0.07381872087717056,0.34587592035531944,False
train,train\Subject.4__Kneel__d0f93053__w000012_000059.npz,Subject.4__Kneel__d0f93053__w000012_000059,Subject.4/Kneel,Subject.4__Kneel__d0f93053,0,12,59,23.0,0,0.0,0.7449495196342468,0.6724177598953247,0.8880902528762817,0.6060606060606061,0.6666666666666666,0.0,0.0,0,0.07479898631572723,0.45645801275968456,False
train,train\Subject.4__Kneel__d0f93053__w000024_000071.npz,Subject.4__Kneel__d0f93053__w000024_000071,Subject.4/Kneel,Subject.4__Kneel__d0f93053,0,24,71,23.0,0,0.0,0.7493686676025391,0.6615725159645081,0.8686898946762085,0.6060606060606061,0.6666666666666666,0.0,0.0,0,0.10059790313243866,0.5473254948854444,False
train,train\Subject.4__Kneel__d0f93053__w000036_000083.npz,Subject.4__Kneel__d0f93053__w000036_000083,Subject.4/Kneel,Subject.4__Kneel__d0f93053,0,36,83,23.0,0,0.0,0.8232323527336121,0.678977906703949,0.8144053816795349,0.6060606060606061,0.6666666666666666,0.0,0.0,0,0.15079036355018616,0.568841430544853,False
train,train\Subject.4__Kneel__d0f93053__w000048_000095.npz,Subject.4__Kneel__d0f93053__w000048_000095,Subject.4/Kneel,Subject.4__Kneel__d0f93053,0,48,95,23.0,0,0.0,0.8983585834503174,0.6882084012031555,0.7617200613021851,0.6060606060606061,0.7575757575757576,0.0,0.0,0,0.17308452725410461,0.5496623903512954,False
train,train\Subject.4__Kneel__d0f93053__w000060_000107.npz,Subject.4__Kneel__d0f93053__w000060_000107,Subject.4/Kneel,Subject.4__Kneel__d0f93053,0,60,107,23.0,0,0.0,0.9602272510528564,0.6862993836402893,0.7125638723373413,0.8181818181818182,0.8484848484848485,0.0,0.0,0,0.19464492797851562,0.5637435764074326,False
train,train\Subject.4__Kneel__d0f93053__w000072_000119.npz,Subject.4__Kneel__d0f93053__w000072_000119,Subject.4/Kneel,Subject.4__Kneel__d0f93053,0,72,119,23.0,0,0.0,0.9804292917251587,0.7011134028434753,0.714048445224762,0.9090909090909091,0.9303030303030303,0.0,0.0,0,0.1910572648048401,0.5378756642341613,False
train,train\Subject.4__Kneel__d0f93053__w000084_000131.npz,Subject.4__Kneel__d0f93053__w000084_000131,Subject.4/Kneel,Subject.4__Kneel__d0f93053,0,84,131,23.0,0,0.0,0.9299242496490479,0.6723628044128418,0.7207644581794739,0.6060606060606061,0.6272727272727273,0.0,0.0,0,0.19134871661663055,0.5245938837528229,False
train,train\Subject.4__Kneel__d0f93053__w000096_000143.npz,Subject.4__Kneel__d0f93053__w000096_000143,Subject.4/Kneel,Subject.4__Kneel__d0f93053,0,96,143,23.0,0,0.0,0.8838383555412292,0.6859608888626099,0.7718472480773926,0.6060606060606061,0.6272727272727273,0.0,0.0,0,0.15353503823280334,0.5103384494781494,False
train,train\Subject.4__Kneel__d0f93053__w000108_000155.npz,Subject.4__Kneel__d0f93053__w000108_000155,Subject.4/Kneel,Subject.4__Kneel__d0f93053,0,108,155,23.0,0,0.0,0.8383838534355164,0.7077931761741638,0.8382024168968201,0.6060606060606061,0.6272727272727273,0.0,0.0,0,0.12094712257385254,0.4986704781651496,False
train,train\Subject.4__Kneel__d0f93053__w000120_000167.npz,Subject.4__Kneel__d0f93053__w000120_000167,Subject.4/Kneel,Subject.4__Kneel__d0f93053,0,120,167,23.0,0,0.0,0.8036616444587708,0.7258965373039246,0.8949029445648193,0.6060606060606061,0.6272727272727273,0.0,0.0,0,0.07576484978199005,0.3275165796279901,False
train,train\Subject.4__Kneel__d0f93053__w000132_000179.npz,Subject.4__Kneel__d0f93053__w000132_000179,Subject.4/Kneel,Subject.4__Kneel__d0f93053,0,132,179,23.0,0,0.0,0.8295454382896423,0.7948884963989258,0.9491817951202393,0.7878787878787878,0.8181818181818182,0.0,0.0,0,0.03145638853311539,0.09223056882619847,False
train,train\Subject.4__Kneel__d0f93053__w000144_000191.npz,Subject.4__Kneel__d0f93053__w000144_000191,Subject.4/Kneel,Subject.4__Kneel__d0f93053,0,144,191,23.0,0,0.0,0.873106062412262,0.8306689262390137,0.9442731738090515,0.8181818181818182,0.8181818181818182,0.0,0.0,0,0.0347771942615509,0.11243172734975798,False
train,train\Subject.4__Kneel__d0f93053__w000156_000203.npz,Subject.4__Kneel__d0f93053__w000156_000203,Subject.4/Kneel,Subject.4__Kneel__d0f93053,0,156,203,23.0,0,0.0,0.9021464586257935,0.8428229093551636,0.9273077845573425,0.8181818181818182,0.8181818181818182,0.0,0.0,0,0.04303720220923424,0.12180652208626269,False
train,train\Subject.4__Kneel__d0f93053__w000168_000215.npz,Subject.4__Kneel__d0f93053__w000168_000215,Subject.4/Kneel,Subject.4__Kneel__d0f93053,0,168,215,23.0,0,0.0,0.9375,0.8570022583007812,0.9091358780860901,0.8181818181818182,0.8181818181818182,0.0,0.0,0,0.052888840436935425,0.12652452811598774,False
train,train\Subject.4__Pick_up_object__f2d2a6cd__w000000_000047.npz,Subject.4__Pick_up_object__f2d2a6cd__w000000_000047,Subject.4/Pick up object,Subject.4__Pick_up_object__f2d2a6cd,0,0,47,23.0,0,0.0,0.9564393758773804,0.8057019710540771,0.840527355670929,0.8181818181818182,0.8484848484848485,0.0,0.0,0,0.025241805240511894,0.0884209644049406,False
train,train\Subject.4__Pick_up_object__f2d2a6cd__w000012_000059.npz,Subject.4__Pick_up_object__f2d2a6cd__w000012_000059,Subject.4/Pick up object,Subject.4__Pick_up_object__f2d2a6cd,0,12,59,23.0,0,0.0,0.9949495196342468,0.8823670744895935,0.8863251209259033,0.8787878787878788,0.990909090909091,0.0,0.0,0,0.020987676456570625,0.06389980651438236,False
train,train\Subject.4__Pick_up_object__f2d2a6cd__w000024_000071.npz,Subject.4__Pick_up_object__f2d2a6cd__w000024_000071,Subject.4/Pick up object,Subject.4__Pick_up_object__f2d2a6cd,0,24,71,23.0,0,0.0,1.0,0.9028400182723999,0.9028400182723999,1.0,1.0,0.0,0.0,0,0.02242172136902809,0.06562920436263084,False
train,train\Subject.4__Pick_up_object__f2d2a6cd__w000036_000083.npz,Subject.4__Pick_up_object__f2d2a6cd__w000036_000083,Subject.4/Pick up object,Subject.4__Pick_up_object__f2d2a6cd,0,36,83,23.0,0,0.0,0.997474730014801,0.8766726851463318,0.8787398338317871,0.9696969696969697,1.0,0.0,0.0,0,0.03458339720964432,0.09348082616925239,False
train,train\Subject.4__Pick_up_object__f2d2a6cd__w000048_000095.npz,Subject.4__Pick_up_object__f2d2a6cd__w000048_000095,Subject.4/Pick up object,Subject.4__Pick_up_object__f2d2a6cd,0,48,95,23.0,0,0.0,0.9659090638160706,0.8456661105155945,0.8734805583953857,0.8484848484848485,0.8484848484848485,0.0,0.0,0,0.05147435888648033,0.14359160289168327,False
train,train\Subject.4__Pick_up_object__f2d2a6cd__w000060_000107.npz,Subject.4__Pick_up_object__f2d2a6cd__w000060_000107,Subject.4/Pick up object,Subject.4__Pick_up_object__f2d2a6cd,0,60,107,23.0,0,0.0,0.9318181872367859,0.7854076623916626,0.8396862745285034,0.8484848484848485,0.8484848484848485,0.0,0.0,0,0.12441504001617432,0.5284316062927246,False
train,train\Subject.4__Pick_up_object__f2d2a6cd__w000072_000119.npz,Subject.4__Pick_up_object__f2d2a6cd__w000072_000119,Subject.4/Pick up object,Subject.4__Pick_up_object__f2d2a6cd,0,72,119,23.0,0,0.0,0.9147727489471436,0.7666447162628174,0.8336682915687561,0.8484848484848485,0.8484848484848485,0.0,0.0,0,0.12047230452299118,0.5285576283931732,False
train,train\Subject.4__Pick_up_object__f2d2a6cd__w000084_000131.npz,Subject.4__Pick_up_object__f2d2a6cd__w000084_000131,Subject.4/Pick up object,Subject.4__Pick_up_object__f2d2a6cd,0,84,131,23.0,0,0.0,0.9172979593276978,0.7831465005874634,0.8495283722877502,0.8484848484848485,0.8484848484848485,0.0,0.0,0,0.10867321491241455,0.5285576283931732,False
train,train\Subject.4__Pick_up_object__f2d2a6cd__w000096_000143.npz,Subject.4__Pick_up_object__f2d2a6cd__w000096_000143,Subject.4/Pick up object,Subject.4__Pick_up_object__f2d2a6cd,0,96,143,23.0,0,0.0,0.9488636255264282,0.8124513030052185,0.8540605902671814,0.8484848484848485,0.8484848484848485,0.0,0.0,0,0.09200899302959442,0.5215980023145674,False
train,train\Subject.4__Pick_up_object__f2d2a6cd__w000108_000155.npz,Subject.4__Pick_up_object__f2d2a6cd__w000108_000155,Subject.4/Pick up object,Subject.4__Pick_up_object__f2d2a6cd,0,108,155,23.0,0,0.0,0.9406565427780151,0.8231660723686218,0.8716905117034912,0.696969696969697,0.7181818181818183,0.0,0.0,0,0.01706662029027939,0.0451629066839814,False
train,train\Subject.4__Pick_up_object__f2d2a6cd__w000120_000167.npz,Subject.4__Pick_up_object__f2d2a6cd__w000120_000167,Subject.4/Pick up object,Subject.4__Pick_up_object__f2d2a6cd,0,120,167,23.0,0,0.0,0.9008838534355164,0.7889699935913086,0.8711391091346741,0.6363636363636364,0.696969696969697,0.0,0.0,0,0.01740698702633381,0.04323571138083926,False
train,train\Subject.4__Pick_up_object__f2d2a6cd__w000132_000179.npz,Subject.4__Pick_up_object__f2d2a6cd__w000132_000179,Subject.4/Pick up object,Subject.4__Pick_up_object__f2d2a6cd,0,132,179,23.0,0,0.0,0.8560606241226196,0.7591509819030762,0.8787742853164673,0.6363636363636364,0.696969696969697,0.0,0.0,0,0.016531435772776604,0.04153963793069115,False
train,train\Subject.4__Sit_down__cf1012cc__w000000_000047.npz,Subject.4__Sit_down__cf1012cc__w000000_000047,Subject.4/Sit down,Subject.4__Sit_down__cf1012cc,0,0,47,23.0,0,0.0,0.9267676472663879,0.7916339635848999,0.8481177687644958,0.7575757575757576,0.7878787878787878,0.0,0.0,0,0.12223038822412491,0.6371941864490503,False
train,train\Subject.4__Sit_down__cf1012cc__w000012_000059.npz,Subject.4__Sit_down__cf1012cc__w000012_000059,Subject.4/Sit down,Subject.4__Sit_down__cf1012cc,0,12,59,23.0,0,0.0,0.8642676472663879,0.724216639995575,0.827050507068634,0.7272727272727273,0.7484848484848485,0.0,0.0,0,0.11951357126235962,0.656349968910217,False
train,train\Subject.4__Sit_down__cf1012cc__w000024_000071.npz,Subject.4__Sit_down__cf1012cc__w000024_000071,Subject.4/Sit down,Subject.4__Sit_down__cf1012cc,0,24,71,23.0,0,0.0,0.8074495196342468,0.6960667371749878,0.8476360440254211,0.7272727272727273,0.7272727272727273,0.0,0.0,0,0.064625084400177,0.1461271487176418,False
train,train\Subject.4__Sit_down__cf1012cc__w000036_000083.npz,Subject.4__Sit_down__cf1012cc__w000036_000083,Subject.4/Sit down,Subject.4__Sit_down__cf1012cc,0,36,83,23.0,0,0.0,0.7922979593276978,0.6998105049133301,0.8679255843162537,0.7272727272727273,0.7272727272727273,0.0,0.0,0,0.05077807605266571,0.09608959816396229,False
train,train\Subject.4__Sit_down__cf1012cc__w000048_000095.npz,Subject.4__Sit_down__cf1012cc__w000048_000095,Subject.4/Sit down,Subject.4__Sit_down__cf1012cc,0,48,95,23.0,0,0.0,0.7828282713890076,0.6613572239875793,0.8305502533912659,0.7272727272727273,0.7272727272727273,0.0,0.0,0,0.07680905610322952,0.20206696614623046,False
train,train\Subject.4__Sit_down__cf1012cc__w000060_000107.npz,Subject.4__Sit_down__cf1012cc__w000060_000107,Subject.4/Sit down,Subject.4__Sit_down__cf1012cc,0,60,107,23.0,0,0.0,0.8049242496490479,0.6657878756523132,0.8152217268943787,0.7272727272727273,0.7272727272727273,0.0,0.0,0,0.09756679832935333,0.30078733265399926,False
train,train\Subject.4__Sit_down__cf1012cc__w000072_000119.npz,Subject.4__Sit_down__cf1012cc__w000072_000119,Subject.4/Sit down,Subject.4__Sit_down__cf1012cc,0,72,119,23.0,0,0.0,0.8308081030845642,0.6737263798713684,0.8009401559829712,0.7272727272727273,0.7575757575757576,0.0,0.0,0,0.10799109190702438,0.3399491801857944,False
train,train\Subject.4__Sit_down__cf1012cc__w000084_000131.npz,Subject.4__Sit_down__cf1012cc__w000084_000131,Subject.4/Sit down,Subject.4__Sit_down__cf1012cc,0,84,131,23.0,0,0.0,0.8636363744735718,0.7035117149353027,0.8072231411933899,0.7272727272727273,0.7575757575757576,0.0,0.0,0,0.10560436546802521,0.39530045390129087,False
train,train\Subject.4__Sit_down__cf1012cc__w000096_000143.npz,Subject.4__Sit_down__cf1012cc__w000096_000143,Subject.4/Sit down,Subject.4__Sit_down__cf1012cc,0,96,143,23.0,0,0.0,0.9122474789619446,0.7715526819229126,0.8409691452980042,0.7878787878787878,0.8484848484848485,0.0,0.0,0,0.07219690084457397,0.3112040773034095,False
train,train\Subject.4__Sit_down__cf1012cc__w000108_000155.npz,Subject.4__Sit_down__cf1012cc__w000108_000155,Subject.4/Sit down,Subject.4__Sit_down__cf1012cc,0,108,155,23.0,0,0.0,0.9273989796638489,0.7875076532363892,0.8436909317970276,0.8484848484848485,0.8484848484848485,0.0,0.0,0,0.04552813246846199,0.1292420923709865,False
train,train\Subject.4__Sit_down__cf1012cc__w000120_000167.npz,Subject.4__Sit_down__cf1012cc__w000120_000167,Subject.4/Sit down,Subject.4__Sit_down__cf1012cc,0,120,167,23.0,0,0.0,0.9577020406723022,0.7942264676094055,0.8251827359199524,0.8484848484848485,0.8484848484848485,0.0,0.0,0,0.02503099851310253,0.05967673715204,False
train,train\Subject.4__Sit_down__cf1012cc__w000132_000179.npz,Subject.4__Sit_down__cf1012cc__w000132_000179,Subject.4/Sit down,Subject.4__Sit_down__cf1012cc,0,132,179,23.0,0,0.0,0.9482323527336121,0.7626119256019592,0.7991060614585876,0.8484848484848485,0.8484848484848485,0.0,0.0,0,0.016867464408278465,0.03779879715293627,False
train,train\Subject.4__Sit_down__cf1012cc__w000144_000191.npz,Subject.4__Sit_down__cf1012cc__w000144_000191,Subject.4/Sit down,Subject.4__Sit_down__cf1012cc,0,144,191,23.0,0,0.0,0.9488636255264282,0.7678399085998535,0.8042778372764587,0.8484848484848485,0.8484848484848485,0.0,0.0,0,0.015508778393268585,0.031921907328069196,False
train,train\Subject.4__Walk__287ceee3__w000000_000047.npz,Subject.4__Walk__287ceee3__w000000_000047,Subject.4/Walk,Subject.4__Walk__287ceee3,0,0,47,23.0,0,0.0,0.9968434572219849,0.9375704526901245,0.9400244355201721,0.9696969696969697,0.990909090909091,0.0,0.0,0,0.023357965052127838,0.07437417432665823,False
train,train\Subject.4__Walk__287ceee3__w000012_000059.npz,Subject.4__Walk__287ceee3__w000012_000059,Subject.4/Walk,Subject.4__Walk__287ceee3,0,12,59,23.0,0,0.0,0.9968434572219849,0.9398940205574036,0.9423553943634033,0.9696969696969697,0.990909090909091,0.0,0.0,0,0.02204911597073078,0.05327662136405706,False
train,train\Subject.4__Walk__287ceee3__w000024_000071.npz,Subject.4__Walk__287ceee3__w000024_000071,Subject.4/Walk,Subject.4__Walk__287ceee3,0,24,71,23.0,0,0.0,0.9854797720909119,0.9192883372306824,0.9312610626220703,0.9090909090909091,0.9393939393939394,0.0,0.0,0,0.026344195008277893,0.06135411746799944,False
train,train\Subject.4__Walk__287ceee3__w000036_000083.npz,Subject.4__Walk__287ceee3__w000036_000083,Subject.4/Walk,Subject.4__Walk__287ceee3,0,36,83,23.0,0,0.0,0.9425504803657532,0.8601308465003967,0.9099499583244324,0.7878787878787878,0.8090909090909091,0.0,0.0,0,0.06195821240544319,0.3854142501950264,False
train,train\Subject.4__Walk__287ceee3__w000048_000095.npz,Subject.4__Walk__287ceee3__w000048_000095,Subject.4/Walk,Subject.4__Walk__287ceee3,0,48,95,23.0,0,0.0,0.9002525210380554,0.8042280673980713,0.8893627524375916,0.7878787878787878,0.8090909090909091,0.0,0.0,0,0.06190484017133713,0.38980823755264243,False
train,train\Subject.4__Walk__287ceee3__w000060_000107.npz,Subject.4__Walk__287ceee3__w000060_000107,Subject.4/Walk,Subject.4__Walk__287ceee3,0,60,107,23.0,0,0.0,0.8945707082748413,0.771840512752533,0.8580960631370544,0.7878787878787878,0.8090909090909091,0.0,0.0,0,0.062180910259485245,0.39250507056713085,False
train,train\Subject.4__Walk__287ceee3__w000072_000119.npz,Subject.4__Walk__287ceee3__w000072_000119,Subject.4/Walk,Subject.4__Walk__287ceee3,0,72,119,23.0,0,0.0,0.9084596037864685,0.7876923084259033,0.8640317320823669,0.7878787878787878,0.8090909090909091,0.0,0.0,0,0.0557447113096714,0.3702897816896437,False
train,train\Subject.4__Walk__287ceee3__w000084_000131.npz,Subject.4__Walk__287ceee3__w000084_000131,Subject.4/Walk,Subject.4__Walk__287ceee3,0,84,131,23.0,0,0.0,0.9520202279090881,0.8276722431182861,0.8675408363342285,0.8181818181818182,0.8181818181818182,0.0,0.0,0,0.04460352659225464,0.1533508986234659,False
train,train\Subject.4__Walk__287ceee3__w000096_000143.npz,Subject.4__Walk__287ceee3__w000096_000143,Subject.4/Walk,Subject.4__Walk__287ceee3,0,96,143,23.0,0,0.0,0.9659090638160706,0.8393983244895935,0.8673927187919617,0.8181818181818182,0.8393939393939395,0.0,0.0,0,0.09207724779844284,0.46709629744291276,False
train,train\Subject.4__Walk__287ceee3__w000108_000155.npz,Subject.4__Walk__287ceee3__w000108_000155,Subject.4/Walk,Subject.4__Walk__287ceee3,0,108,155,23.0,0,0.0,0.9337121248245239,0.8189905285835266,0.8747623562812805,0.8181818181818182,0.8393939393939395,0.0,0.0,0,0.10613477975130081,0.47775301188230507,False
train,train\Subject.4__Walk__287ceee3__w000120_000167.npz,Subject.4__Walk__287ceee3__w000120_000167,Subject.4/Walk,Subject.4__Walk__287ceee3,0,120,167,23.0,0,0.0,0.9109848737716675,0.7856947779655457,0.8590758442878723,0.8181818181818182,0.8393939393939395,0.0,0.0,0,0.11018197238445282,0.4885236337780952,False
train,train\Subject.4__Walk__287ceee3__w000132_000179.npz,Subject.4__Walk__287ceee3__w000132_000179,Subject.4/Walk,Subject.4__Walk__287ceee3,0,132,179,23.0,0,0.0,0.9109848737716675,0.78157639503479,0.8545549511909485,0.8181818181818182,0.8393939393939395,0.0,0.0,0,0.09050947427749634,0.4878206431865691,False
train,train\Subject.4__Walk__287ceee3__w000144_000191.npz,Subject.4__Walk__287ceee3__w000144_000191,Subject.4/Walk,Subject.4__Walk__287ceee3,0,144,191,23.0,0,0.0,0.9217171669006348,0.7905591130256653,0.8542205095291138,0.7575757575757576,0.8484848484848485,0.0,0.0,0,0.04080948606133461,0.14526842087507247,False
train,train\Subject.4__Walk__287ceee3__w000156_000203.npz,Subject.4__Walk__287ceee3__w000156_000203,Subject.4/Walk,Subject.4__Walk__287ceee3,0,156,203,23.0,0,0.0,0.8989899158477783,0.768839955329895,0.8499593734741211,0.696969696969697,0.7575757575757576,0.0,0.0,0,0.025885844603180885,0.058235285244882085,False
train,train\Subject.4__Walk__287ceee3__w000168_000215.npz,Subject.4__Walk__287ceee3__w000168_000215,Subject.4/Walk,Subject.4__Walk__287ceee3,0,168,215,23.0,0,0.0,0.8964646458625793,0.778069019317627,0.861801028251648,0.696969696969697,0.7575757575757576,0.0,0.0,0,0.026689469814300537,0.054433437623083586,False
train,train\Subject.4__Walk__287ceee3__w000180_000227.npz,Subject.4__Walk__287ceee3__w000180_000227,Subject.4/Walk,Subject.4__Walk__287ceee3,0,180,227,23.0,0,0.0,0.8964646458625793,0.8065265417098999,0.8935452103614807,0.696969696969697,0.7575757575757576,0.0,0.0,0,0.024709666147828102,0.04927365072071548,False
train,train\Subject.4__Walk__287ceee3__w000192_000239.npz,Subject.4__Walk__287ceee3__w000192_000239,Subject.4/Walk,Subject.4__Walk__287ceee3,0,192,239,23.0,0,0.0,0.9141414165496826,0.8489252924919128,0.9238066077232361,0.696969696969697,0.7575757575757576,0.0,0.0,0,0.020451165735721588,0.03947004992514848,False
train,train\Subject.5__Fall_backwards__3073d409__w000000_000047.npz,Subject.5__Fall_backwards__3073d409__w000000_000047,Subject.5/Fall backwards,Subject.5__Fall_backwards__3073d409,0,0,47,23.0,0,0.0,0.8522727489471436,0.7284848093986511,0.8465663194656372,0.6363636363636364,0.7787878787878788,0.0,0.0,0,0.0869688168168068,0.2106165826320647,False
train,train\Subject.5__Fall_backwards__3073d409__w000012_000059.npz,Subject.5__Fall_backwards__3073d409__w000012_000059,Subject.5/Fall backwards,Subject.5__Fall_backwards__3073d409,1,12,59,23.0,12,0.25,0.9021464586257935,0.787783682346344,0.8675631880760193,0.7272727272727273,0.7878787878787878,0.0,0.0,0,0.10222547501325607,0.20961930453777314,False
train,train\Subject.5__Fall_backwards__3073d409__w000024_000071.npz,Subject.5__Fall_backwards__3073d409__w000024_000071,Subject.5/Fall backwards,Subject.5__Fall_backwards__3073d409,1,24,71,23.0,24,0.5,0.9494949579238892,0.8568206429481506,0.8985485434532166,0.7878787878787878,0.7878787878787878,0.0,0.0,0,0.08709670603275299,0.20285771787166587,False
train,train\Subject.5__Fall_backwards__3073d409__w000036_000083.npz,Subject.5__Fall_backwards__3073d409__w000036_000083,Subject.5/Fall backwards,Subject.5__Fall_backwards__3073d409,1,36,83,23.0,36,0.75,0.9962121248245239,0.93032306432724,0.9335625171661377,0.9090909090909091,1.0,0.0,0.0,0,0.06261514872312546,0.16795623674988744,False
train,train\Subject.5__Fall_backwards__3073d409__w000048_000095.npz,Subject.5__Fall_backwards__3073d409__w000048_000095,Subject.5/Fall backwards,Subject.5__Fall_backwards__3073d409,1,48,95,23.0,48,1.0,1.0,0.9718727469444275,0.9718727469444275,1.0,1.0,0.0,0.0,0,0.0389772430062294,0.13679481595754622,False
train,train\Subject.5__Fall_backwards__3073d409__w000060_000107.npz,Subject.5__Fall_backwards__3073d409__w000060_000107,Subject.5/Fall backwards,Subject.5__Fall_backwards__3073d409,1,60,107,23.0,48,1.0,1.0,0.9798564910888672,0.9798564910888672,1.0,1.0,0.0,0.0,0,0.02255627140402794,0.08113869801163667,False
train,train\Subject.5__Fall_backwards__3073d409__w000072_000119.npz,Subject.5__Fall_backwards__3073d409__w000072_000119,Subject.5/Fall backwards,Subject.5__Fall_backwards__3073d409,1,72,119,23.0,48,1.0,1.0,0.9757924675941467,0.9757924675941467,1.0,1.0,0.0,0.0,0,0.020946362987160683,0.0761108703911304,False
train,train\Subject.5__Fall_backwards__3073d409__w000084_000131.npz,Subject.5__Fall_backwards__3073d409__w000084_000131,Subject.5/Fall backwards,Subject.5__Fall_backwards__3073d409,1,84,131,23.0,48,1.0,1.0,0.9734384417533875,0.9734384417533875,1.0,1.0,0.0,0.0,0,0.01924852840602398,0.07103417925536616,False
train,train\Subject.5__Fall_backwards__3073d409__w000096_000143.npz,Subject.5__Fall_backwards__3073d409__w000096_000143,Subject.5/Fall backwards,Subject.5__Fall_backwards__3073d409,1,96,143,23.0,48,1.0,1.0,0.9740085601806641,0.9740085601806641,1.0,1.0,0.0,0.0,0,0.01899350993335247,0.07103417925536616,False
train,train\Subject.5__Fall_backwards__3073d409__w000108_000155.npz,Subject.5__Fall_backwards__3073d409__w000108_000155,Subject.5/Fall backwards,Subject.5__Fall_backwards__3073d409,1,108,155,23.0,48,1.0,1.0,0.9765541553497314,0.9765541553497314,1.0,1.0,0.0,0.0,0,0.016775213181972504,0.06445986479520797,False
train,train\Subject.5__Fall_backwards__3073d409__w000120_000167.npz,Subject.5__Fall_backwards__3073d409__w000120_000167,Subject.5/Fall backwards,Subject.5__Fall_backwards__3073d409,1,120,167,23.0,48,1.0,1.0,0.9832202792167664,0.9832202792167664,1.0,1.0,0.0,0.0,0,0.011752801947295666,0.03706692922860377,False
train,train\Subject.5__Fall_backwards__3073d409__w000132_000179.npz,Subject.5__Fall_backwards__3073d409__w000132_000179,Subject.5/Fall backwards,Subject.5__Fall_backwards__3073d409,1,132,179,23.0,48,1.0,1.0,0.9859247803688049,0.9859247803688049,1.0,1.0,0.0,0.0,0,0.01279448252171278,0.03933611847460269,False
train,train\Subject.5__Fall_backwards__3073d409__w000144_000191.npz,Subject.5__Fall_backwards__3073d409__w000144_000191,Subject.5/Fall backwards,Subject.5__Fall_backwards__3073d409,1,144,191,23.0,48,1.0,1.0,0.9848390817642212,0.9848390817642212,1.0,1.0,0.0,0.0,0,0.016296766698360443,0.04367420095950365,False
train,train\Subject.5__Fall_backwards__3073d409__w000156_000203.npz,Subject.5__Fall_backwards__3073d409__w000156_000203,Subject.5/Fall backwards,Subject.5__Fall_backwards__3073d409,1,156,203,23.0,48,1.0,1.0,0.9781580567359924,0.9781580567359924,1.0,1.0,0.0,0.0,0,0.020237958058714867,0.04666623566299677,False
train,train\Subject.5__Fall_forward__e39609ac__w000000_000047.npz,Subject.5__Fall_forward__e39609ac__w000000_000047,Subject.5/Fall forward,Subject.5__Fall_forward__e39609ac,0,0,47,23.0,0,0.0,0.997474730014801,0.9307451248168945,0.9328231811523438,0.9696969696969697,1.0,0.0,0.0,0,0.022725822404026985,0.0806853931397198,False
train,train\Subject.5__Fall_forward__e39609ac__w000012_000059.npz,Subject.5__Fall_forward__e39609ac__w000012_000059,Subject.5/Fall forward,Subject.5__Fall_forward__e39609ac,1,12,59,23.0,2,0.0416666679084301,0.9545454382896423,0.8207802176475525,0.8573587536811829,0.7272727272727273,0.7484848484848485,0.0,0.0,0,0.0612599141895771,0.2737923130393028,False
train,train\Subject.5__Fall_forward__e39609ac__w000024_000071.npz,Subject.5__Fall_forward__e39609ac__w000024_000071,Subject.5/Fall forward,Subject.5__Fall_forward__e39609ac,1,24,71,23.0,14,0.2916666567325592,0.9223484992980957,0.7722878456115723,0.8318906426429749,0.7272727272727273,0.7484848484848485,0.0,0.0,0,0.06958872824907303,0.2898552194237708,False
train,train\Subject.5__Fall_forward__e39609ac__w000036_000083.npz,Subject.5__Fall_forward__e39609ac__w000036_000083,Subject.5/Fall forward,Subject.5__Fall_forward__e39609ac,1,36,83,23.0,26,0.5416666865348816,0.9179292917251587,0.7357732057571411,0.7955182194709778,0.7272727272727273,0.7484848484848485,0.0,0.0,0,0.07091771066188812,0.2909770309925078,False
train,train\Subject.5__Fall_forward__e39609ac__w000048_000095.npz,Subject.5__Fall_forward__e39609ac__w000048_000095,Subject.5/Fall forward,Subject.5__Fall_forward__e39609ac,1,48,95,23.0,38,0.7916666865348816,0.9204545617103577,0.7294918894767761,0.786812961101532,0.7272727272727273,0.7484848484848485,0.0,0.0,0,0.05333263799548149,0.24004795402288423,False
train,train\Subject.5__Fall_forward__e39609ac__w000060_000107.npz,Subject.5__Fall_forward__e39609ac__w000060_000107,Subject.5/Fall forward,Subject.5__Fall_forward__e39609ac,1,60,107,23.0,48,1.0,0.9633838534355164,0.8148671984672546,0.8425673842430115,0.7878787878787878,0.8909090909090909,0.0,0.0,0,0.017736371606588364,0.06016205865889778,False
train,train\Subject.5__Fall_forward__e39609ac__w000072_000119.npz,Subject.5__Fall_forward__e39609ac__w000072_000119,Subject.5/Fall forward,Subject.5__Fall_forward__e39609ac,1,72,119,23.0,48,1.0,0.995580792427063,0.8463337421417236,0.8495391607284546,0.9090909090909091,0.990909090909091,0.0,0.0,0,0.009449400939047337,0.030877300631254906,False
train,train\Subject.5__Fall_forward__e39609ac__w000084_000131.npz,Subject.5__Fall_forward__e39609ac__w000084_000131,Subject.5/Fall forward,Subject.5__Fall_forward__e39609ac,1,84,131,23.0,48,1.0,0.9848484992980957,0.835148811340332,0.8460649251937866,0.8787878787878788,0.9212121212121213,0.0,0.0,0,0.009511655196547508,0.018033829052001227,False
train,train\Subject.5__Fall_forward__e39609ac__w000096_000143.npz,Subject.5__Fall_forward__e39609ac__w000096_000143,Subject.5/Fall forward,Subject.5__Fall_forward__e39609ac,1,96,143,23.0,48,1.0,0.9696969985961914,0.8139016628265381,0.8352603912353516,0.8787878787878788,0.9,0.0,0.0,0,0.010428491048514843,0.01769528575241565,False
train,train\Subject.5__Fall_forward__e39609ac__w000108_000155.npz,Subject.5__Fall_forward__e39609ac__w000108_000155,Subject.5/Fall forward,Subject.5__Fall_forward__e39609ac,1,108,155,23.0,48,1.0,0.9558081030845642,0.7920060753822327,0.8225083351135254,0.8787878787878788,0.9,0.0,0.0,0,0.011105879209935665,0.017928510438650833,False
train,train\Subject.5__Fall_forward__e39609ac__w000120_000167.npz,Subject.5__Fall_forward__e39609ac__w000120_000167,Subject.5/Fall forward,Subject.5__Fall_forward__e39609ac,1,120,167,23.0,48,1.0,0.9255050420761108,0.756189227104187,0.8079003095626831,0.8787878787878788,0.8787878787878788,0.0,0.0,0,0.013148465193808079,0.015195410326123237,False
train,train\Subject.5__Fall_forward__e39609ac__w000132_000179.npz,Subject.5__Fall_forward__e39609ac__w000132_000179,Subject.5/Fall forward,Subject.5__Fall_forward__e39609ac,1,132,179,23.0,48,1.0,0.9273989796638489,0.7445991635322571,0.7940633296966553,0.8787878787878788,0.8787878787878788,0.0,0.0,0,0.014288307167589664,0.019614979438483712,False
train,train\Subject.5__Fall_forward__e39609ac__w000144_000191.npz,Subject.5__Fall_forward__e39609ac__w000144_000191,Subject.5/Fall forward,Subject.5__Fall_forward__e39609ac,1,144,191,23.0,48,1.0,0.9292929172515869,0.7409165501594543,0.7889383435249329,0.8787878787878788,0.8787878787878788,0.0,0.0,0,0.0160067118704319,0.02564191063866017,False
train,train\Subject.5__Fall_left__b30e5062__w000000_000047.npz,Subject.5__Fall_left__b30e5062__w000000_000047,Subject.5/Fall left,Subject.5__Fall_left__b30e5062,0,0,47,23.0,0,0.0,1.0,0.8598282337188721,0.8598282337188721,1.0,1.0,0.0,0.0,0,0.026560407131910324,0.06492625325918197,False
train,train\Subject.5__Fall_left__b30e5062__w000012_000059.npz,Subject.5__Fall_left__b30e5062__w000012_000059,Subject.5/Fall left,Subject.5__Fall_left__b30e5062,0,12,59,23.0,0,0.0,0.9898989796638489,0.8136780261993408,0.821962833404541,0.7575757575757576,1.0,0.0,0.0,0,0.13813389837741852,0.7227453410625457,False
train,train\Subject.5__Fall_left__b30e5062__w000024_000071.npz,Subject.5__Fall_left__b30e5062__w000024_000071,Subject.5/Fall left,Subject.5__Fall_left__b30e5062,0,24,71,23.0,0,0.0,0.9337121248245239,0.7544739246368408,0.8050940036773682,0.7575757575757576,0.7575757575757576,0.0,0.0,0,0.2118837833404541,0.7380925148725509,False
train,train\Subject.5__Fall_left__b30e5062__w000036_000083.npz,Subject.5__Fall_left__b30e5062__w000036_000083,Subject.5/Fall left,Subject.5__Fall_left__b30e5062,1,36,83,23.0,8,0.1666666716337204,0.881313145160675,0.6814190149307251,0.7674052715301514,0.5757575757575758,0.7090909090909091,0.0,0.0,0,0.2947710454463959,0.826223289966583,False
train,train\Subject.5__Fall_left__b30e5062__w000048_000095.npz,Subject.5__Fall_left__b30e5062__w000048_000095,Subject.5/Fall left,Subject.5__Fall_left__b30e5062,1,48,95,23.0,20,0.4166666567325592,0.881313145160675,0.7032517194747925,0.7921781539916992,0.5757575757575758,0.7090909090909091,0.0,0.0,0,0.2806415557861328,0.7927211552858333,False
train,train\Subject.5__Fall_left__b30e5062__w000060_000107.npz,Subject.5__Fall_left__b30e5062__w000060_000107,Subject.5/Fall left,Subject.5__Fall_left__b30e5062,1,60,107,23.0,32,0.6666666865348816,0.8914141654968262,0.7600181102752686,0.8469028472900391,0.5757575757575758,0.7090909090909091,0.0,0.0,0,0.16644804179668427,0.5488665878772732,False
train,train\Subject.5__Fall_left__b30e5062__w000072_000119.npz,Subject.5__Fall_left__b30e5062__w000072_000119,Subject.5/Fall left,Subject.5__Fall_left__b30e5062,1,72,119,23.0,44,0.9166666865348816,0.9375,0.7941322922706604,0.8436814546585083,0.5757575757575758,0.7090909090909091,0.0,0.0,0,0.14595384895801544,0.5554302543401717,False
train,train\Subject.5__Fall_left__b30e5062__w000084_000131.npz,Subject.5__Fall_left__b30e5062__w000084_000131,Subject.5/Fall left,Subject.5__Fall_left__b30e5062,1,84,131,23.0,48,1.0,0.9873737096786499,0.8264412879943848,0.8359758257865906,0.9393939393939394,0.9393939393939394,0.0,0.0,0,0.08665545284748077,0.5171378672122955,False
train,train\Subject.5__Fall_left__b30e5062__w000096_000143.npz,Subject.5__Fall_left__b30e5062__w000096_000143,Subject.5/Fall left,Subject.5__Fall_left__b30e5062,1,96,143,23.0,48,1.0,0.9873737096786499,0.7991355061531067,0.808320939540863,0.9393939393939394,0.9393939393939394,0.0,0.0,0,0.093943290412426,0.5374026864767074,False
train,train\Subject.5__Fall_left__b30e5062__w000108_000155.npz,Subject.5__Fall_left__b30e5062__w000108_000155,Subject.5/Fall left,Subject.5__Fall_left__b30e5062,1,108,155,23.0,48,1.0,0.9873737096786499,0.7788370251655579,0.7877628207206726,0.9393939393939394,0.9393939393939394,0.0,0.0,0,0.08129159361124039,0.5364239186048506,False
train,train\Subject.5__Fall_left__b30e5062__w000120_000167.npz,Subject.5__Fall_left__b30e5062__w000120_000167,Subject.5/Fall left,Subject.5__Fall_left__b30e5062,1,120,167,23.0,48,1.0,0.997474730014801,0.7883419394493103,0.7901508808135986,0.9393939393939394,1.0,0.0,0.0,0,0.05841591954231262,0.4211221307516094,False
train,train\Subject.5__Fall_left__b30e5062__w000132_000179.npz,Subject.5__Fall_left__b30e5062__w000132_000179,Subject.5/Fall left,Subject.5__Fall_left__b30e5062,1,132,179,23.0,48,1.0,1.0,0.8307861089706421,0.8307861089706421,1.0,1.0,0.0,0.0,0,0.039692796766757965,0.14532693475484842,False
train,train\Subject.5__Fall_left__b30e5062__w000144_000191.npz,Subject.5__Fall_left__b30e5062__w000144_000191,Subject.5/Fall left,Subject.5__Fall_left__b30e5062,1,144,191,23.0,48,1.0,0.995580792427063,0.8469958305358887,0.8500088453292847,0.9696969696969697,0.9696969696969697,0.0,0.0,0,0.029158378019928932,0.0616836745291948,False
train,train\Subject.5__Fall_left__b30e5062__w000156_000203.npz,Subject.5__Fall_left__b30e5062__w000156_000203,Subject.5/Fall left,Subject.5__Fall_left__b30e5062,1,156,203,23.0,48,1.0,0.9886363744735718,0.867573618888855,0.8757359981536865,0.9696969696969697,0.9696969696969697,0.0,0.0,0,0.022033873945474625,0.053643082268536084,False
train,train\Subject.5__Fall_left__b30e5062__w000168_000215.npz,Subject.5__Fall_left__b30e5062__w000168_000215,Subject.5/Fall left,Subject.5__Fall_left__b30e5062,1,168,215,23.0,48,1.0,0.9816918969154358,0.8912798762321472,0.9050231575965881,0.9696969696969697,0.9696969696969697,0.0,0.0,0,0.01907452754676342,0.049556632526218884,False
train,train\Subject.5__Fall_left__b30e5062__w000180_000227.npz,Subject.5__Fall_left__b30e5062__w000180_000227,Subject.5/Fall left,Subject.5__Fall_left__b30e5062,1,180,227,23.0,48,1.0,0.9766414165496826,0.8833383917808533,0.9009549617767334,0.9696969696969697,0.9696969696969697,0.0,0.0,0,0.015057026408612728,0.03820725977420805,False
train,train\Subject.5__Fall_left__b30e5062__w000192_000239.npz,Subject.5__Fall_left__b30e5062__w000192_000239,Subject.5/Fall left,Subject.5__Fall_left__b30e5062,1,192,239,23.0,48,1.0,0.9734848737716675,0.8680301308631897,0.8881069421768188,0.9696969696969697,0.9696969696969697,0.0,0.0,0,0.011762488633394241,0.02104885885491967,False
train,train\Subject.5__Fall_right__3f85fd5f__w000000_000047.npz,Subject.5__Fall_right__3f85fd5f__w000000_000047,Subject.5/Fall right,Subject.5__Fall_right__3f85fd5f,0,0,47,23.0,0,0.0,1.0,0.9410337209701538,0.9410337209701538,1.0,1.0,0.0,0.0,0,0.01738373003900051,0.044780336506664686,False
train,train\Subject.5__Fall_right__3f85fd5f__w000012_000059.npz,Subject.5__Fall_right__3f85fd5f__w000012_000059,Subject.5/Fall right,Subject.5__Fall_right__3f85fd5f,0,12,59,23.0,0,0.0,1.0,0.9353721141815186,0.9353721141815186,1.0,1.0,0.0,0.0,0,0.021035168319940567,0.062021997384726975,False
train,train\Subject.5__Fall_right__3f85fd5f__w000024_000071.npz,Subject.5__Fall_right__3f85fd5f__w000024_000071,Subject.5/Fall right,Subject.5__Fall_right__3f85fd5f,0,24,71,23.0,0,0.0,0.9930555820465088,0.8866819739341736,0.8926144242286682,0.8484848484848485,1.0,0.0,0.0,0,0.05594697594642639,0.22916165217757223,False
train,train\Subject.5__Fall_right__3f85fd5f__w000036_000083.npz,Subject.5__Fall_right__3f85fd5f__w000036_000083,Subject.5/Fall right,Subject.5__Fall_right__3f85fd5f,1,36,83,23.0,9,0.1875,0.9558081030845642,0.8225457072257996,0.8577117919921875,0.8484848484848485,0.8484848484848485,0.0,0.0,0,0.07114950567483902,0.2351025417447089,False
train,train\Subject.5__Fall_right__3f85fd5f__w000048_000095.npz,Subject.5__Fall_right__3f85fd5f__w000048_000095,Subject.5/Fall right,Subject.5__Fall_right__3f85fd5f,1,48,95,23.0,21,0.4375,0.9494949579238892,0.797024130821228,0.835793673992157,0.8484848484848485,0.8484848484848485,0.0,0.0,0,0.07582193613052368,0.24888011962175366,False
train,train\Subject.5__Fall_right__3f85fd5f__w000060_000107.npz,Subject.5__Fall_right__3f85fd5f__w000060_000107,Subject.5/Fall right,Subject.5__Fall_right__3f85fd5f,1,60,107,23.0,33,0.6875,0.9488636255264282,0.7769374847412109,0.8150838017463684,0.8484848484848485,0.8484848484848485,0.0,0.0,0,0.0698242112994194,0.24888011962175366,False
train,train\Subject.5__Fall_right__3f85fd5f__w000072_000119.npz,Subject.5__Fall_right__3f85fd5f__w000072_000119,Subject.5/Fall right,Subject.5__Fall_right__3f85fd5f,1,72,119,23.0,45,0.9375,0.9520202279090881,0.797544538974762,0.8338046669960022,0.8484848484848485,0.8484848484848485,0.0,0.0,0,0.03406548127532005,0.09599773511290542,False
train,train\Subject.5__Fall_right__3f85fd5f__w000084_000131.npz,Subject.5__Fall_right__3f85fd5f__w000084_000131,Subject.5/Fall right,Subject.5__Fall_right__3f85fd5f,1,84,131,23.0,48,1.0,0.9892676472663879,0.8330517411231995,0.8408012986183167,0.9090909090909091,0.9696969696969697,0.0,0.0,0,0.021433359012007713,0.05583442449569702,False
train,train\Subject.5__Fall_right__3f85fd5f__w000096_000143.npz,Subject.5__Fall_right__3f85fd5f__w000096_000143,Subject.5/Fall right,Subject.5__Fall_right__3f85fd5f,1,96,143,23.0,48,1.0,0.995580792427063,0.840640127658844,0.8437992334365845,0.9696969696969697,0.9696969696969697,0.0,0.0,0,0.016434641554951668,0.04165398683398959,False
train,train\Subject.5__Fall_right__3f85fd5f__w000108_000155.npz,Subject.5__Fall_right__3f85fd5f__w000108_000155,Subject.5/Fall right,Subject.5__Fall_right__3f85fd5f,1,108,155,23.0,48,1.0,0.9962121248245239,0.8567441701889038,0.8595219850540161,0.9696969696969697,0.9696969696969697,0.0,0.0,0,0.016400545835494995,0.04530125893652436,False
train,train\Subject.5__Fall_right__3f85fd5f__w000120_000167.npz,Subject.5__Fall_right__3f85fd5f__w000120_000167,Subject.5/Fall right,Subject.5__Fall_right__3f85fd5f,1,120,167,23.0,48,1.0,1.0,0.8847680687904358,0.8847680687904358,1.0,1.0,0.0,0.0,0,0.017385385930538177,0.053105865791439985,False
train,train\Subject.5__Fall_right__3f85fd5f__w000132_000179.npz,Subject.5__Fall_right__3f85fd5f__w000132_000179,Subject.5/Fall right,Subject.5__Fall_right__3f85fd5f,1,132,179,23.0,48,1.0,1.0,0.906804084777832,0.906804084777832,1.0,1.0,0.0,0.0,0,0.020246824249625206,0.0600121350958943,False
train,train\Subject.5__Fall_right__3f85fd5f__w000144_000191.npz,Subject.5__Fall_right__3f85fd5f__w000144_000191,Subject.5/Fall right,Subject.5__Fall_right__3f85fd5f,1,144,191,23.0,48,1.0,1.0,0.9031906723976135,0.9031906723976135,1.0,1.0,0.0,0.0,0,0.023878654465079308,0.06710055768489834,False
train,train\Subject.5__Fall_right__3f85fd5f__w000156_000203.npz,Subject.5__Fall_right__3f85fd5f__w000156_000203,Subject.5/Fall right,Subject.5__Fall_right__3f85fd5f,1,156,203,23.0,48,1.0,1.0,0.8757079243659973,0.8757079243659973,1.0,1.0,0.0,0.0,0,0.020793568342924118,0.06165880952030419,False
train,train\Subject.5__Fall_right__3f85fd5f__w000168_000215.npz,Subject.5__Fall_right__3f85fd5f__w000168_000215,Subject.5/Fall right,Subject.5__Fall_right__3f85fd5f,1,168,215,23.0,48,1.0,1.0,0.8508292436599731,0.8508292436599731,1.0,1.0,0.0,0.0,0,0.0178575087338686,0.05766675304621457,False
train,train\Subject.5__Fall_sitting__7a72c4b7__w000000_000047.npz,Subject.5__Fall_sitting__7a72c4b7__w000000_000047,Subject.5/Fall sitting,Subject.5__Fall_sitting__7a72c4b7,0,0,47,23.0,0,0.0,0.9381313323974609,0.7873630523681641,0.8348695635795593,0.696969696969697,0.7272727272727273,0.0,0.0,0,0.04944373294711113,0.12597349435091018,False
train,train\Subject.5__Fall_sitting__7a72c4b7__w000012_000059.npz,Subject.5__Fall_sitting__7a72c4b7__w000012_000059,Subject.5/Fall sitting,Subject.5__Fall_sitting__7a72c4b7,0,12,59,23.0,0,0.0,0.9797979593276978,0.8164383172988892,0.8314973711967468,0.8484848484848485,0.9393939393939394,0.0,0.0,0,0.06395713239908218,0.20046504065394397,False
train,train\Subject.5__Fall_sitting__7a72c4b7__w000024_000071.npz,Subject.5__Fall_sitting__7a72c4b7__w000024_000071,Subject.5/Fall sitting,Subject.5__Fall_sitting__7a72c4b7,1,24,71,23.0,3,0.0625,0.9753788113594055,0.8332310914993286,0.8518258929252625,0.9090909090909091,0.9303030303030303,0.0,0.0,0,0.08526211231946945,0.218654353916645,False
train,train\Subject.5__Fall_sitting__7a72c4b7__w000036_000083.npz,Subject.5__Fall_sitting__7a72c4b7__w000036_000083,Subject.5/Fall sitting,Subject.5__Fall_sitting__7a72c4b7,1,36,83,23.0,15,0.3125,0.9753788113594055,0.8110965490341187,0.8291326761245728,0.9090909090909091,0.9303030303030303,0.0,0.0,0,0.09837570786476135,0.24399134814739223,False
train,train\Subject.5__Fall_sitting__7a72c4b7__w000048_000095.npz,Subject.5__Fall_sitting__7a72c4b7__w000048_000095,Subject.5/Fall sitting,Subject.5__Fall_sitting__7a72c4b7,1,48,95,23.0,27,0.5625,0.9753788113594055,0.823996901512146,0.8423586487770081,0.9090909090909091,0.9303030303030303,0.0,0.0,0,0.09085460752248764,0.24399134814739223,False
train,train\Subject.5__Fall_sitting__7a72c4b7__w000060_000107.npz,Subject.5__Fall_sitting__7a72c4b7__w000060_000107,Subject.5/Fall sitting,Subject.5__Fall_sitting__7a72c4b7,1,60,107,23.0,39,0.8125,0.9898989796638489,0.8655982613563538,0.8731613159179688,0.9090909090909091,0.9393939393939394,0.0,0.0,0,0.0575571171939373,0.17126891911029812,False
train,train\Subject.5__Fall_sitting__7a72c4b7__w000072_000119.npz,Subject.5__Fall_sitting__7a72c4b7__w000072_000119,Subject.5/Fall sitting,Subject.5__Fall_sitting__7a72c4b7,1,72,119,23.0,48,1.0,1.0,0.8913586735725403,0.8913586735725403,1.0,1.0,0.0,0.0,0,0.031038129702210426,0.1320334605872629,False
train,train\Subject.5__Fall_sitting__7a72c4b7__w000084_000131.npz,Subject.5__Fall_sitting__7a72c4b7__w000084_000131,Subject.5/Fall sitting,Subject.5__Fall_sitting__7a72c4b7,1,84,131,23.0,48,1.0,1.0,0.9234290719032288,0.9234290719032288,1.0,1.0,0.0,0.0,0,0.015121197327971458,0.0436713567003607,False
train,train\Subject.5__Fall_sitting__7a72c4b7__w000096_000143.npz,Subject.5__Fall_sitting__7a72c4b7__w000096_000143,Subject.5/Fall sitting,Subject.5__Fall_sitting__7a72c4b7,1,96,143,23.0,48,1.0,1.0,0.9129617214202881,0.9129617214202881,1.0,1.0,0.0,0.0,0,0.01675078272819519,0.04710764791816467,False
train,train\Subject.5__Fall_sitting__7a72c4b7__w000108_000155.npz,Subject.5__Fall_sitting__7a72c4b7__w000108_000155,Subject.5/Fall sitting,Subject.5__Fall_sitting__7a72c4b7,1,108,155,23.0,48,1.0,1.0,0.9060231447219849,0.9060231447219849,1.0,1.0,0.0,0.0,0,0.025207826867699623,0.08842445686459531,False
train,train\Subject.5__Fall_sitting__7a72c4b7__w000120_000167.npz,Subject.5__Fall_sitting__7a72c4b7__w000120_000167,Subject.5/Fall sitting,Subject.5__Fall_sitting__7a72c4b7,1,120,167,23.0,48,1.0,1.0,0.905543863773346,0.905543863773346,1.0,1.0,0.0,0.0,0,0.03461078554391861,0.20180925279855547,False
train,train\Subject.5__Fall_sitting__7a72c4b7__w000132_000179.npz,Subject.5__Fall_sitting__7a72c4b7__w000132_000179,Subject.5/Fall sitting,Subject.5__Fall_sitting__7a72c4b7,1,132,179,23.0,48,1.0,1.0,0.8956980109214783,0.8956980109214783,1.0,1.0,0.0,0.0,0,0.053829241544008255,0.2764454662799835,False
train,train\Subject.5__Fall_sitting__7a72c4b7__w000144_000191.npz,Subject.5__Fall_sitting__7a72c4b7__w000144_000191,Subject.5/Fall sitting,Subject.5__Fall_sitting__7a72c4b7,1,144,191,23.0,48,1.0,1.0,0.9015164375305176,0.9015164375305176,1.0,1.0,0.0,0.0,0,0.056974805891513824,0.2772763654589653,False
train,train\Subject.5__Fall_sitting__7a72c4b7__w000156_000203.npz,Subject.5__Fall_sitting__7a72c4b7__w000156_000203,Subject.5/Fall sitting,Subject.5__Fall_sitting__7a72c4b7,1,156,203,23.0,48,1.0,1.0,0.9055077433586121,0.9055077433586121,1.0,1.0,0.0,0.0,0,0.04584605619311333,0.23699593469500532,False
train,train\Subject.5__Fall_sitting__7a72c4b7__w000168_000215.npz,Subject.5__Fall_sitting__7a72c4b7__w000168_000215,Subject.5/Fall sitting,Subject.5__Fall_sitting__7a72c4b7,1,168,215,23.0,48,1.0,1.0,0.8969951868057251,0.8969951868057251,1.0,1.0,0.0,0.0,0,0.03282494843006134,0.12522335425019254,False
train,train\Subject.5__Fall_sitting__7a72c4b7__w000180_000227.npz,Subject.5__Fall_sitting__7a72c4b7__w000180_000227,Subject.5/Fall sitting,Subject.5__Fall_sitting__7a72c4b7,1,180,227,23.0,48,1.0,1.0,0.9008939266204834,0.9008939266204834,1.0,1.0,0.0,0.0,0,0.018526798114180565,0.05121300052851432,False
train,train\Subject.5__Hop__32ac88ba__w000000_000047.npz,Subject.5__Hop__32ac88ba__w000000_000047,Subject.5/Hop,Subject.5__Hop__32ac88ba,0,0,47,23.0,0,0.0,1.0,0.9140243530273438,0.9140243530273438,1.0,1.0,0.0,0.0,0,0.0654921755194664,0.4413205951452254,False
train,train\Subject.5__Hop__32ac88ba__w000012_000059.npz,Subject.5__Hop__32ac88ba__w000012_000059,Subject.5/Hop,Subject.5__Hop__32ac88ba,0,12,59,23.0,0,0.0,1.0,0.9015505313873291,0.9015505313873291,1.0,1.0,0.0,0.0,0,0.06905609369277954,0.4413205951452254,False
train,train\Subject.5__Hop__32ac88ba__w000024_000071.npz,Subject.5__Hop__32ac88ba__w000024_000071,Subject.5/Hop,Subject.5__Hop__32ac88ba,0,24,71,23.0,0,0.0,1.0,0.8626495003700256,0.8626495003700256,1.0,1.0,0.0,0.0,0,0.0990128144621849,0.4675782397389412,False
train,train\Subject.5__Hop__32ac88ba__w000036_000083.npz,Subject.5__Hop__32ac88ba__w000036_000083,Subject.5/Hop,Subject.5__Hop__32ac88ba,0,36,83,23.0,0,0.0,1.0,0.8131240606307983,0.8131240606307983,1.0,1.0,0.0,0.0,0,0.11720867455005646,0.46015821695327713,False
train,train\Subject.5__Hop__32ac88ba__w000048_000095.npz,Subject.5__Hop__32ac88ba__w000048_000095,Subject.5/Hop,Subject.5__Hop__32ac88ba,0,48,95,23.0,0,0.0,0.9760100841522217,0.7825043201446533,0.7997885942459106,0.8484848484848485,0.8484848484848485,0.0,0.0,0,0.10785595327615738,0.3470382615923881,False
train,train\Subject.5__Hop__32ac88ba__w000060_000107.npz,Subject.5__Hop__32ac88ba__w000060_000107,Subject.5/Hop,Subject.5__Hop__32ac88ba,0,60,107,23.0,0,0.0,0.9223484992980957,0.711844265460968,0.7681288123130798,0.696969696969697,0.7878787878787878,0.0,0.0,0,0.10955870896577835,0.3505545094609259,False
train,train\Subject.5__Hop__32ac88ba__w000072_000119.npz,Subject.5__Hop__32ac88ba__w000072_000119,Subject.5/Hop,Subject.5__Hop__32ac88ba,0,72,119,23.0,0,0.0,0.8339646458625793,0.6497805714607239,0.7716442942619324,0.6363636363636364,0.6363636363636364,0.0,0.0,0,0.08067161589860916,0.3187339305877685,False
train,train\Subject.5__Kneel__4e2e12df__w000000_000047.npz,Subject.5__Kneel__4e2e12df__w000000_000047,Subject.5/Kneel,Subject.5__Kneel__4e2e12df,0,0,47,23.0,0,0.0,0.9987373948097229,0.9268065094947815,0.9278178811073303,0.9393939393939394,1.0,0.0,0.0,0,0.05532084032893181,0.18869879469275475,False
train,train\Subject.5__Kneel__4e2e12df__w000012_000059.npz,Subject.5__Kneel__4e2e12df__w000012_000059,Subject.5/Kneel,Subject.5__Kneel__4e2e12df,0,12,59,23.0,0,0.0,0.9892676472663879,0.8612304925918579,0.8698630928993225,0.9090909090909091,0.9606060606060607,0.0,0.0,0,0.09626319259405136,0.5717700034379958,False
train,train\Subject.5__Kneel__4e2e12df__w000024_000071.npz,Subject.5__Kneel__4e2e12df__w000024_000071,Subject.5/Kneel,Subject.5__Kneel__4e2e12df,0,24,71,23.0,0,0.0,0.9823232293128967,0.8101428747177124,0.8232746124267578,0.9090909090909091,0.9393939393939394,0.0,0.0,0,0.15091033279895782,0.6730082422494887,False
train,train\Subject.5__Kneel__4e2e12df__w000036_000083.npz,Subject.5__Kneel__4e2e12df__w000036_000083,Subject.5/Kneel,Subject.5__Kneel__4e2e12df,0,36,83,23.0,0,0.0,0.9823232293128967,0.7640007138252258,0.7763020992279053,0.9090909090909091,0.9393939393939394,0.0,0.0,0,0.20237986743450165,0.6768913567066192,False
train,train\Subject.5__Kneel__4e2e12df__w000048_000095.npz,Subject.5__Kneel__4e2e12df__w000048_000095,Subject.5/Kneel,Subject.5__Kneel__4e2e12df,0,48,95,23.0,0,0.0,0.9760100841522217,0.7102472186088562,0.7257599830627441,0.9090909090909091,0.9393939393939394,0.0,0.0,0,0.18165867030620575,0.6595236241817475,False
train,train\Subject.5__Kneel__4e2e12df__w000060_000107.npz,Subject.5__Kneel__4e2e12df__w000060_000107,Subject.5/Kneel,Subject.5__Kneel__4e2e12df,0,60,107,23.0,0,0.0,0.9501262903213501,0.7043025493621826,0.7372466325759888,0.7878787878787878,0.8181818181818182,0.0,0.0,0,0.16588439047336578,0.6458555251359939,False
train,train\Subject.5__Kneel__4e2e12df__w000072_000119.npz,Subject.5__Kneel__4e2e12df__w000072_000119,Subject.5/Kneel,Subject.5__Kneel__4e2e12df,0,72,119,23.0,0,0.0,0.9286616444587708,0.696890115737915,0.7447848916053772,0.7878787878787878,0.8181818181818182,0.0,0.0,0,0.16456744074821472,0.6288995444774628,False
train,train\Subject.5__Kneel__4e2e12df__w000084_000131.npz,Subject.5__Kneel__4e2e12df__w000084_000131,Subject.5/Kneel,Subject.5__Kneel__4e2e12df,0,84,131,23.0,0,0.0,0.8832070827484131,0.7001994848251343,0.7857775688171387,0.7878787878787878,0.8181818181818182,0.0,0.0,0,0.10763686895370483,0.5560680866241452,False
train,train\Subject.5__Kneel__4e2e12df__w000096_000143.npz,Subject.5__Kneel__4e2e12df__w000096_000143,Subject.5/Kneel,Subject.5__Kneel__4e2e12df,0,96,143,23.0,0,0.0,0.8453282713890076,0.7202271223068237,0.8444737792015076,0.7878787878787878,0.8181818181818182,0.0,0.0,0,0.09411260485649109,0.5495926916599272,False
train,train\Subject.5__Kneel__4e2e12df__w000108_000155.npz,Subject.5__Kneel__4e2e12df__w000108_000155,Subject.5/Kneel,Subject.5__Kneel__4e2e12df,0,108,155,23.0,0,0.0,0.8522727489471436,0.7406949400901794,0.8633337020874023,0.8181818181818182,0.8181818181818182,0.0,0.0,0,0.08850298821926117,0.4953134760260579,False
train,train\Subject.5__Kneel__4e2e12df__w000120_000167.npz,Subject.5__Kneel__4e2e12df__w000120_000167,Subject.5/Kneel,Subject.5__Kneel__4e2e12df,0,120,167,23.0,0,0.0,0.8642676472663879,0.7460410594940186,0.8591681122779846,0.8181818181818182,0.8181818181818182,0.0,0.0,0,0.07049620896577835,0.24049584418535197,False
train,train\Subject.5__Kneel__4e2e12df__w000132_000179.npz,Subject.5__Kneel__4e2e12df__w000132_000179,Subject.5/Kneel,Subject.5__Kneel__4e2e12df,0,132,179,23.0,0,0.0,0.872474730014801,0.7400612831115723,0.8445022106170654,0.8181818181818182,0.8181818181818182,0.0,0.0,0,0.0880744457244873,0.2742901042103767,False
train,train\Subject.5__Kneel__4e2e12df__w000144_000191.npz,Subject.5__Kneel__4e2e12df__w000144_000191,Subject.5/Kneel,Subject.5__Kneel__4e2e12df,0,144,191,23.0,0,0.0,0.870580792427063,0.7154528498649597,0.8177940845489502,0.7272727272727273,0.8181818181818182,0.0,0.0,0,0.117073193192482,0.4642913132905955,False
train,train\Subject.5__Kneel__4e2e12df__w000156_000203.npz,Subject.5__Kneel__4e2e12df__w000156_000203,Subject.5/Kneel,Subject.5__Kneel__4e2e12df,0,156,203,23.0,0,0.0,0.8503788113594055,0.6900648474693298,0.8051152229309082,0.6060606060606061,0.7181818181818183,0.0,0.0,0,0.16715924441814423,0.690111708641052,False
train,train\Subject.5__Pick_up_object__f5b10dc2__w000000_000047.npz,Subject.5__Pick_up_object__f5b10dc2__w000000_000047,Subject.5/Pick up object,Subject.5__Pick_up_object__f5b10dc2,0,0,47,23.0,0,0.0,1.0,0.9491106867790222,0.9491106867790222,1.0,1.0,0.0,0.0,0,0.026180783286690712,0.06553197950124733,False
train,train\Subject.5__Pick_up_object__f5b10dc2__w000012_000059.npz,Subject.5__Pick_up_object__f5b10dc2__w000012_000059,Subject.5/Pick up object,Subject.5__Pick_up_object__f5b10dc2,0,12,59,23.0,0,0.0,1.0,0.9429213404655457,0.9429213404655457,1.0,1.0,0.0,0.0,0,0.029620731249451637,0.0766578298062086,False
train,train\Subject.5__Pick_up_object__f5b10dc2__w000024_000071.npz,Subject.5__Pick_up_object__f5b10dc2__w000024_000071,Subject.5/Pick up object,Subject.5__Pick_up_object__f5b10dc2,0,24,71,23.0,0,0.0,0.9924242496490479,0.9337498545646667,0.9401968121528625,0.8484848484848485,1.0,0.0,0.0,0,0.07051219046115875,0.25128445252775883,False
train,train\Subject.5__Pick_up_object__f5b10dc2__w000036_000083.npz,Subject.5__Pick_up_object__f5b10dc2__w000036_000083,Subject.5/Pick up object,Subject.5__Pick_up_object__f5b10dc2,0,36,83,23.0,0,0.0,0.940025269985199,0.8768024444580078,0.9288793206214905,0.7575757575757576,0.7575757575757576,0.0,0.0,0,0.09557821601629257,0.44544330388307546,False
train,train\Subject.5__Pick_up_object__f5b10dc2__w000048_000095.npz,Subject.5__Pick_up_object__f5b10dc2__w000048_000095,Subject.5/Pick up object,Subject.5__Pick_up_object__f5b10dc2,0,48,95,23.0,0,0.0,0.9299242496490479,0.8308011293411255,0.8888583183288574,0.7575757575757576,0.7575757575757576,0.0,0.0,0,0.10309804230928421,0.4625220984220505,False
train,train\Subject.5__Pick_up_object__f5b10dc2__w000060_000107.npz,Subject.5__Pick_up_object__f5b10dc2__w000060_000107,Subject.5/Pick up object,Subject.5__Pick_up_object__f5b10dc2,0,60,107,23.0,0,0.0,0.9204545617103577,0.7948089241981506,0.8579902648925781,0.7575757575757576,0.7575757575757576,0.0,0.0,0,0.10156559944152832,0.4787311419844626,False
train,train\Subject.5__Pick_up_object__f5b10dc2__w000072_000119.npz,Subject.5__Pick_up_object__f5b10dc2__w000072_000119,Subject.5/Pick up object,Subject.5__Pick_up_object__f5b10dc2,0,72,119,23.0,0,0.0,0.9236111044883728,0.7889714241027832,0.848921537399292,0.7575757575757576,0.7575757575757576,0.0,0.0,0,0.06041660159826279,0.269076907634735,False
train,train\Subject.5__Pick_up_object__f5b10dc2__w000084_000131.npz,Subject.5__Pick_up_object__f5b10dc2__w000084_000131,Subject.5/Pick up object,Subject.5__Pick_up_object__f5b10dc2,0,84,131,23.0,0,0.0,0.9760100841522217,0.8017370700836182,0.8194541335105896,0.9090909090909091,0.9393939393939394,0.0,0.0,0,0.07898123562335968,0.3967398166656487,False
train,train\Subject.5__Pick_up_object__f5b10dc2__w000096_000143.npz,Subject.5__Pick_up_object__f5b10dc2__w000096_000143,Subject.5/Pick up object,Subject.5__Pick_up_object__f5b10dc2,0,96,143,23.0,0,0.0,0.9381313323974609,0.7511767745018005,0.7968993186950684,0.5757575757575758,0.7303030303030303,0.0,0.0,0,0.11592575162649155,0.48434683084487845,False
train,train\Subject.5__Pick_up_object__f5b10dc2__w000108_000155.npz,Subject.5__Pick_up_object__f5b10dc2__w000108_000155,Subject.5/Pick up object,Subject.5__Pick_up_object__f5b10dc2,0,108,155,23.0,0,0.0,0.8446969985961914,0.6822748184204102,0.8023316860198975,0.48484848484848486,0.5757575757575758,0.0,0.020833333333333332,0,0.14493300020694733,0.5090832769870757,False
train,train\Subject.5__Pick_up_object__f5b10dc2__w000120_000167.npz,Subject.5__Pick_up_object__f5b10dc2__w000120_000167,Subject.5/Pick up object,Subject.5__Pick_up_object__f5b10dc2,0,120,167,23.0,0,0.0,0.7512626051902771,0.6007896065711975,0.793118953704834,0.48484848484848486,0.5757575757575758,0.0,0.020833333333333332,0,0.1427357941865921,0.5205404400825494,False
train,train\Subject.5__Pick_up_object__f5b10dc2__w000132_000179.npz,Subject.5__Pick_up_object__f5b10dc2__w000132_000179,Subject.5/Pick up object,Subject.5__Pick_up_object__f5b10dc2,0,132,179,23.0,0,0.0,0.6748737096786499,0.5510711073875427,0.8078049421310425,0.48484848484848486,0.5757575757575758,0.0,0.020833333333333332,0,0.12335872650146484,0.436106638610363,False
train,train\Subject.5__Pick_up_object__f5b10dc2__w000144_000191.npz,Subject.5__Pick_up_object__f5b10dc2__w000144_000191,Subject.5/Pick up object,Subject.5__Pick_up_object__f5b10dc2,0,144,191,23.0,0,0.0,0.689393937587738,0.5797876119613647,0.8340609669685364,0.48484848484848486,0.5757575757575758,0.0,0.020833333333333332,0,0.11985889822244644,0.35076252222061116,False
train,train\Subject.5__Pick_up_object__f5b10dc2__w000156_000203.npz,Subject.5__Pick_up_object__f5b10dc2__w000156_000203,Subject.5/Pick up object,Subject.5__Pick_up_object__f5b10dc2,0,156,203,23.0,0,0.0,0.7405303120613098,0.6124537587165833,0.8207001686096191,0.6060606060606061,0.6060606060606061,0.0,0.0,0,0.105781689286232,0.32140877097845055,False
train,train\Subject.5__Pick_up_object__f5b10dc2__w000168_000215.npz,Subject.5__Pick_up_object__f5b10dc2__w000168_000215,Subject.5/Pick up object,Subject.5__Pick_up_object__f5b10dc2,0,168,215,23.0,0,0.0,0.7815656661987305,0.6462498903274536,0.8188409805297852,0.6060606060606061,0.6060606060606061,0.0,0.0,0,0.11608022451400757,0.33390952497720694,False
train,train\Subject.5__Pick_up_object__f5b10dc2__w000180_000227.npz,Subject.5__Pick_up_object__f5b10dc2__w000180_000227,Subject.5/Pick up object,Subject.5__Pick_up_object__f5b10dc2,0,180,227,23.0,0,0.0,0.806186854839325,0.6638496518135071,0.8116002678871155,0.696969696969697,0.7181818181818183,0.0,0.0,0,0.13652747869491577,0.34667730033397665,False
train,train\Subject.5__Pick_up_object__f5b10dc2__w000192_000239.npz,Subject.5__Pick_up_object__f5b10dc2__w000192_000239,Subject.5/Pick up object,Subject.5__Pick_up_object__f5b10dc2,0,192,239,23.0,0,0.0,0.8396464586257935,0.7158567905426025,0.8425352573394775,0.696969696969697,0.7393939393939394,0.0,0.0,0,0.11369068175554276,0.3230534911155701,False
train,train\Subject.5__Pick_up_object__f5b10dc2__w000204_000251.npz,Subject.5__Pick_up_object__f5b10dc2__w000204_000251,Subject.5/Pick up object,Subject.5__Pick_up_object__f5b10dc2,0,204,251,23.0,0,0.0,0.8914141654968262,0.7641967535018921,0.8497573137283325,0.696969696969697,0.7393939393939394,0.0,0.0,0,0.10170364379882812,0.2854590937495229,False
train,train\Subject.5__Pick_up_object__f5b10dc2__w000216_000263.npz,Subject.5__Pick_up_object__f5b10dc2__w000216_000263,Subject.5/Pick up object,Subject.5__Pick_up_object__f5b10dc2,0,216,263,23.0,0,0.0,0.939393937587738,0.7979536652565002,0.844272792339325,0.696969696969697,0.7393939393939394,0.0,0.0,0,0.09509512037038803,0.2665482178330421,False
train,train\Subject.5__Sit_down__4738cacd__w000000_000047.npz,Subject.5__Sit_down__4738cacd__w000000_000047,Subject.5/Sit down,Subject.5__Sit_down__4738cacd,0,0,47,23.0,0,0.0,0.754419207572937,0.6229732632637024,0.815826952457428,0.5151515151515151,0.5151515151515151,0.0,0.0,0,0.05698143690824509,0.1688581332564347,False
train,train\Subject.5__Sit_down__4738cacd__w000012_000059.npz,Subject.5__Sit_down__4738cacd__w000012_000059,Subject.5/Sit down,Subject.5__Sit_down__4738cacd,0,12,59,23.0,0,0.0,0.6887626051902771,0.5792747735977173,0.8254793286323547,0.5151515151515151,0.5151515151515151,0.0,0.0,0,0.05840863659977913,0.1760756783187389,False
train,train\Subject.5__Sit_down__4738cacd__w000024_000071.npz,Subject.5__Sit_down__4738cacd__w000024_000071,Subject.5/Sit down,Subject.5__Sit_down__4738cacd,0,24,71,23.0,0,0.0,0.6553030014038086,0.5492093563079834,0.8197070956230164,0.5151515151515151,0.5151515151515151,0.0,0.0,0,0.06268507242202759,0.20428183004260006,False
train,train\Subject.5__Sit_down__4738cacd__w000036_000083.npz,Subject.5__Sit_down__4738cacd__w000036_000083,Subject.5/Sit down,Subject.5__Sit_down__4738cacd,0,36,83,23.0,0,0.0,0.6515151262283325,0.5690881609916687,0.8540321588516235,0.5151515151515151,0.5151515151515151,0.0,0.0,0,0.0640699565410614,0.13263552561402317,False
train,train\Subject.5__Sit_down__4738cacd__w000048_000095.npz,Subject.5__Sit_down__4738cacd__w000048_000095,Subject.5/Sit down,Subject.5__Sit_down__4738cacd,0,48,95,23.0,0,0.0,0.7070707082748413,0.6014740467071533,0.8342443108558655,0.5151515151515151,0.6060606060606061,0.0,0.0,0,0.07459437102079391,0.1859782509505738,False
train,train\Subject.5__Sit_down__4738cacd__w000060_000107.npz,Subject.5__Sit_down__4738cacd__w000060_000107,Subject.5/Sit down,Subject.5__Sit_down__4738cacd,0,60,107,23.0,0,0.0,0.7601010203361511,0.6331832408905029,0.8212085962295532,0.6060606060606061,0.6060606060606061,0.0,0.0,0,0.07612777501344681,0.27363708466291414,False
train,train\Subject.5__Sit_down__4738cacd__w000072_000119.npz,Subject.5__Sit_down__4738cacd__w000072_000119,Subject.5/Sit down,Subject.5__Sit_down__4738cacd,0,72,119,23.0,0,0.0,0.7607323527336121,0.6339565515518188,0.8195082545280457,0.5757575757575758,0.6575757575757576,0.0,0.0,0,0.08378207683563232,0.3285136505961413,False
train,train\Subject.5__Sit_down__4738cacd__w000084_000131.npz,Subject.5__Sit_down__4738cacd__w000084_000131,Subject.5/Sit down,Subject.5__Sit_down__4738cacd,0,84,131,23.0,0,0.0,0.7398989796638489,0.6109749674797058,0.8057405352592468,0.5757575757575758,0.6363636363636364,0.0,0.0,0,0.0778181180357933,0.322724956274032,False
train,train\Subject.5__Sit_down__4738cacd__w000096_000143.npz,Subject.5__Sit_down__4738cacd__w000096_000143,Subject.5/Sit down,Subject.5__Sit_down__4738cacd,0,96,143,23.0,0,0.0,0.7815656661987305,0.640894889831543,0.8028639554977417,0.5757575757575758,0.6363636363636364,0.0,0.0,0,0.0541563518345356,0.158227117359638,False
train,train\Subject.5__Sit_down__4738cacd__w000108_000155.npz,Subject.5__Sit_down__4738cacd__w000108_000155,Subject.5/Sit down,Subject.5__Sit_down__4738cacd,0,108,155,23.0,0,0.0,0.8289141654968262,0.6951739192008972,0.8247774243354797,0.5757575757575758,0.6363636363636364,0.0,0.0,0,0.03716374188661575,0.11417351663112639,False
train,train\Subject.5__Sit_down__4738cacd__w000120_000167.npz,Subject.5__Sit_down__4738cacd__w000120_000167,Subject.5/Sit down,Subject.5__Sit_down__4738cacd,0,120,167,23.0,0,0.0,0.9078282713890076,0.7651554942131042,0.8350186347961426,0.6363636363636364,0.6666666666666666,0.0,0.0,0,0.02206740900874138,0.049991790205240236,False
train,train\Subject.5__Sit_down__4738cacd__w000132_000179.npz,Subject.5__Sit_down__4738cacd__w000132_000179,Subject.5/Sit down,Subject.5__Sit_down__4738cacd,0,132,179,23.0,0,0.0,0.9734848737716675,0.817102313041687,0.8374714255332947,0.7272727272727273,0.9696969696969697,0.0,0.0,0,0.01701817661523819,0.04592873752117155,False
train,train\Subject.5__Sit_down__4738cacd__w000144_000191.npz,Subject.5__Sit_down__4738cacd__w000144_000191,Subject.5/Sit down,Subject.5__Sit_down__4738cacd,0,144,191,23.0,0,0.0,0.9816918969154358,0.8274558186531067,0.8413774967193604,0.9696969696969697,0.9696969696969697,0.0,0.0,0,0.016117557883262634,0.05867180880159109,False
train,train\Subject.5__Sit_down__4738cacd__w000156_000203.npz,Subject.5__Sit_down__4738cacd__w000156_000203,Subject.5/Sit down,Subject.5__Sit_down__4738cacd,0,156,203,23.0,0,0.0,0.9791666865348816,0.8277883529663086,0.8435977697372437,0.9696969696969697,0.9696969696969697,0.0,0.0,0,0.017682552337646484,0.059892283193767014,False
train,train\Subject.5__Sit_down__4738cacd__w000168_000215.npz,Subject.5__Sit_down__4738cacd__w000168_000215,Subject.5/Sit down,Subject.5__Sit_down__4738cacd,0,168,215,23.0,0,0.0,0.9816918969154358,0.8332312703132629,0.8469643592834473,0.9696969696969697,0.9696969696969697,0.0,0.0,0,0.01856403425335884,0.06920841448009014,False
train,train\Subject.5__Sit_down__4738cacd__w000180_000227.npz,Subject.5__Sit_down__4738cacd__w000180_000227,Subject.5/Sit down,Subject.5__Sit_down__4738cacd,0,180,227,23.0,0,0.0,0.9804292917251587,0.8418528437614441,0.8564717173576355,0.9393939393939394,0.9393939393939394,0.0,0.0,0,0.02145545929670334,0.06758449114859104,False
train,train\Subject.5__Sit_down__4738cacd__w000192_000239.npz,Subject.5__Sit_down__4738cacd__w000192_000239,Subject.5/Sit down,Subject.5__Sit_down__4738cacd,0,192,239,23.0,0,0.0,0.9583333134651184,0.8346946239471436,0.8668352961540222,0.8181818181818182,0.8696969696969697,0.0,0.0,0,0.028946727514266968,0.08365072309970854,False
train,train\Subject.5__Sit_down__4738cacd__w000204_000251.npz,Subject.5__Sit_down__4738cacd__w000204_000251,Subject.5/Sit down,Subject.5__Sit_down__4738cacd,0,204,251,23.0,0,0.0,0.8844696879386902,0.7507855892181396,0.8423055410385132,0.6666666666666666,0.6666666666666666,0.0,0.0,0,0.03912223130464554,0.11017474383115769,False
train,train\Subject.5__Walk__1d5713f2__w000000_000047.npz,Subject.5__Walk__1d5713f2__w000000_000047,Subject.5/Walk,Subject.5__Walk__1d5713f2,0,0,47,23.0,0,0.0,1.0,0.9414956569671631,0.9414956569671631,1.0,1.0,0.0,0.0,0,0.011625404469668865,0.02632418917492031,False
train,train\Subject.5__Walk__1d5713f2__w000012_000059.npz,Subject.5__Walk__1d5713f2__w000012_000059,Subject.5/Walk,Subject.5__Walk__1d5713f2,0,12,59,23.0,0,0.0,1.0,0.9393407106399536,0.9393407106399536,1.0,1.0,0.0,0.0,0,0.013262439519166946,0.033255537413060615,False
train,train\Subject.5__Walk__1d5713f2__w000024_000071.npz,Subject.5__Walk__1d5713f2__w000024_000071,Subject.5/Walk,Subject.5__Walk__1d5713f2,0,24,71,23.0,0,0.0,1.0,0.9325788617134094,0.9325788617134094,1.0,1.0,0.0,0.0,0,0.014320382848381996,0.03572763968259094,False
train,train\Subject.5__Walk__1d5713f2__w000036_000083.npz,Subject.5__Walk__1d5713f2__w000036_000083,Subject.5/Walk,Subject.5__Walk__1d5713f2,0,36,83,23.0,0,0.0,1.0,0.9315446615219116,0.9315446615219116,1.0,1.0,0.0,0.0,0,0.016704322770237923,0.04328334107995033,False
train,train\Subject.5__Walk__1d5713f2__w000048_000095.npz,Subject.5__Walk__1d5713f2__w000048_000095,Subject.5/Walk,Subject.5__Walk__1d5713f2,0,48,95,23.0,0,0.0,1.0,0.9320259690284729,0.9320259690284729,1.0,1.0,0.0,0.0,0,0.01921783946454525,0.046993183530867094,False
train,train\Subject.5__Walk__1d5713f2__w000060_000107.npz,Subject.5__Walk__1d5713f2__w000060_000107,Subject.5/Walk,Subject.5__Walk__1d5713f2,0,60,107,23.0,0,0.0,1.0,0.9355558156967163,0.9355558156967163,1.0,1.0,0.0,0.0,0,0.020789114758372307,0.05676129180938005,False
train,train\Subject.5__Walk__1d5713f2__w000072_000119.npz,Subject.5__Walk__1d5713f2__w000072_000119,Subject.5/Walk,Subject.5__Walk__1d5713f2,0,72,119,23.0,0,0.0,1.0,0.9058834314346313,0.9058834314346313,1.0,1.0,0.0,0.0,0,0.05790016055107117,0.2998938485980028,False
train,train\Subject.5__Walk__1d5713f2__w000084_000131.npz,Subject.5__Walk__1d5713f2__w000084_000131,Subject.5/Walk,Subject.5__Walk__1d5713f2,0,84,131,23.0,0,0.0,0.9577020406723022,0.8364444375038147,0.8722288608551025,0.8181818181818182,0.8181818181818182,0.0,0.0,0,0.06371459364891052,0.38209636658430063,False
train,train\Subject.5__Walk__1d5713f2__w000096_000143.npz,Subject.5__Walk__1d5713f2__w000096_000143,Subject.5/Walk,Subject.5__Walk__1d5713f2,0,96,143,23.0,0,0.0,0.9191918969154358,0.7958426475524902,0.8637962937355042,0.8181818181818182,0.8181818181818182,0.0,0.0,0,0.06407937407493591,0.38209636658430063,False
train,train\Subject.5__Walk__1d5713f2__w000108_000155.npz,Subject.5__Walk__1d5713f2__w000108_000155,Subject.5/Walk,Subject.5__Walk__1d5713f2,0,108,155,23.0,0,0.0,0.9002525210380554,0.7619898915290833,0.843654453754425,0.8181818181818182,0.8181818181818182,0.0,0.0,0,0.06402330845594406,0.39253950119018527,False
train,train\Subject.5__Walk__1d5713f2__w000120_000167.npz,Subject.5__Walk__1d5713f2__w000120_000167,Subject.5/Walk,Subject.5__Walk__1d5713f2,0,120,167,23.0,0,0.0,0.8674242496490479,0.7288253307342529,0.8336843252182007,0.7878787878787878,0.8181818181818182,0.0,0.0,0,0.032223038375377655,0.08775571063160896,False
train,train\Subject.5__Walk__1d5713f2__w000132_000179.npz,Subject.5__Walk__1d5713f2__w000132_000179,Subject.5/Walk,Subject.5__Walk__1d5713f2,0,132,179,23.0,0,0.0,0.9071969985961914,0.7728806138038635,0.8466063141822815,0.7878787878787878,0.8181818181818182,0.0,0.0,0,0.026648132130503654,0.06386715807020656,False
train,train\Subject.5__Walk__1d5713f2__w000144_000191.npz,Subject.5__Walk__1d5713f2__w000144_000191,Subject.5/Walk,Subject.5__Walk__1d5713f2,0,144,191,23.0,0,0.0,0.9217171669006348,0.7657082080841064,0.823776125907898,0.7878787878787878,0.8181818181818182,0.0,0.0,0,0.02662169374525547,0.05682156924158328,False
train,train\Subject.5__Walk__1d5713f2__w000156_000203.npz,Subject.5__Walk__1d5713f2__w000156_000203,Subject.5/Walk,Subject.5__Walk__1d5713f2,0,156,203,23.0,0,0.0,0.8920454382896423,0.7325363755226135,0.8117543458938599,0.7575757575757576,0.7878787878787878,0.0,0.0,0,0.027304543182253838,0.05457420703023671,False
train,train\Subject.5__Walk__1d5713f2__w000168_000215.npz,Subject.5__Walk__1d5713f2__w000168_000215,Subject.5/Walk,Subject.5__Walk__1d5713f2,0,168,215,23.0,0,0.0,0.8863636255264282,0.7361557483673096,0.8241820335388184,0.7575757575757576,0.8181818181818182,0.0,0.0,0,0.019889233633875847,0.04423129446804521,False
train,train\Subject.7__Fall_backwards__47bb6804__w000000_000047.npz,Subject.7__Fall_backwards__47bb6804__w000000_000047,Subject.7/Fall backwards,Subject.7__Fall_backwards__47bb6804,0,0,47,23.0,0,0.0,0.7885100841522217,0.6810946464538574,0.8529314398765564,0.6666666666666666,0.696969696969697,0.0,0.0,0,0.023708313703536987,0.04362809062004088,False
train,train\Subject.7__Fall_backwards__47bb6804__w000012_000059.npz,Subject.7__Fall_backwards__47bb6804__w000012_000059,Subject.7/Fall backwards,Subject.7__Fall_backwards__47bb6804,0,12,59,23.0,0,0.0,0.7784090638160706,0.6673985719680786,0.8463926911354065,0.6363636363636364,0.696969696969697,0.0,0.0,0,0.028911493718624115,0.051138539798557696,False
train,train\Subject.7__Fall_backwards__47bb6804__w000024_000071.npz,Subject.7__Fall_backwards__47bb6804__w000024_000071,Subject.7/Fall backwards,Subject.7__Fall_backwards__47bb6804,0,24,71,23.0,0,0.0,0.7601010203361511,0.6466466784477234,0.8379313945770264,0.6363636363636364,0.6666666666666666,0.0,0.0,0,0.037411853671073914,0.06767553798854342,False
train,train\Subject.7__Fall_backwards__47bb6804__w000036_000083.npz,Subject.7__Fall_backwards__47bb6804__w000036_000083,Subject.7/Fall backwards,Subject.7__Fall_backwards__47bb6804,0,36,83,23.0,0,0.0,0.7657828330993652,0.6589270830154419,0.8482922911643982,0.6363636363636364,0.6363636363636364,0.0,0.0,0,0.047407228499650955,0.13086242899298656,False
train,train\Subject.7__Fall_backwards__47bb6804__w000048_000095.npz,Subject.7__Fall_backwards__47bb6804__w000048_000095,Subject.7/Fall backwards,Subject.7__Fall_backwards__47bb6804,1,48,95,23.0,4,0.0833333358168602,0.7910353541374207,0.6778019070625305,0.8465359807014465,0.6363636363636364,0.6363636363636364,0.0,0.0,0,0.060760896652936935,0.1675599053502082,False
train,train\Subject.7__Fall_backwards__47bb6804__w000060_000107.npz,Subject.7__Fall_backwards__47bb6804__w000060_000107,Subject.7/Fall backwards,Subject.7__Fall_backwards__47bb6804,1,60,107,23.0,16,0.3333333432674408,0.8396464586257935,0.7280653119087219,0.8593076467514038,0.6363636363636364,0.6575757575757576,0.0,0.0,0,0.07178577780723572,0.17569891661405562,False
train,train\Subject.7__Fall_backwards__47bb6804__w000072_000119.npz,Subject.7__Fall_backwards__47bb6804__w000072_000119,Subject.7/Fall backwards,Subject.7__Fall_backwards__47bb6804,1,72,119,23.0,28,0.5833333134651184,0.9065656661987305,0.802057147026062,0.8806382417678833,0.6363636363636364,0.6575757575757576,0.0,0.0,0,0.06251895427703857,0.16991782337427136,False
train,train\Subject.7__Fall_backwards__47bb6804__w000084_000131.npz,Subject.7__Fall_backwards__47bb6804__w000084_000131,Subject.7/Fall backwards,Subject.7__Fall_backwards__47bb6804,1,84,131,23.0,40,0.8333333134651184,0.9564393758773804,0.8433285355567932,0.8796463012695312,0.8181818181818182,0.8484848484848485,0.0,0.0,0,0.04963243007659912,0.15107768550515172,False
train,train\Subject.7__Fall_backwards__47bb6804__w000096_000143.npz,Subject.7__Fall_backwards__47bb6804__w000096_000143,Subject.7/Fall backwards,Subject.7__Fall_backwards__47bb6804,1,96,143,23.0,48,1.0,0.9848484992980957,0.873015284538269,0.8852953910827637,0.8484848484848485,0.9393939393939394,0.0,0.0,0,0.026262125000357628,0.08746939077973362,False
train,train\Subject.7__Fall_backwards__47bb6804__w000108_000155.npz,Subject.7__Fall_backwards__47bb6804__w000108_000155,Subject.7/Fall backwards,Subject.7__Fall_backwards__47bb6804,1,108,155,23.0,48,1.0,0.9911616444587708,0.8863331079483032,0.8932740092277527,0.9393939393939394,0.9606060606060607,0.0,0.0,0,0.01603601686656475,0.0348506262525916,False
train,train\Subject.7__Fall_backwards__47bb6804__w000120_000167.npz,Subject.7__Fall_backwards__47bb6804__w000120_000167,Subject.7/Fall backwards,Subject.7__Fall_backwards__47bb6804,1,120,167,23.0,48,1.0,0.9911616444587708,0.900489866733551,0.9075570106506348,0.9393939393939394,0.9606060606060607,0.0,0.0,0,0.013198185712099075,0.027849747519940127,False
train,train\Subject.7__Fall_backwards__47bb6804__w000132_000179.npz,Subject.7__Fall_backwards__47bb6804__w000132_000179,Subject.7/Fall backwards,Subject.7__Fall_backwards__47bb6804,1,132,179,23.0,48,1.0,0.997474730014801,0.9296419024467468,0.9317004084587097,0.9696969696969697,1.0,0.0,0.0,0,0.012312766164541245,0.03464632872492075,False
train,train\Subject.7__Fall_backwards__47bb6804__w000144_000191.npz,Subject.7__Fall_backwards__47bb6804__w000144_000191,Subject.7/Fall backwards,Subject.7__Fall_backwards__47bb6804,1,144,191,23.0,48,1.0,1.0,0.9577794671058655,0.9577794671058655,1.0,1.0,0.0,0.0,0,0.016001200303435326,0.05485763959586614,False
train,train\Subject.7__Fall_backwards__47bb6804__w000156_000203.npz,Subject.7__Fall_backwards__47bb6804__w000156_000203,Subject.7/Fall backwards,Subject.7__Fall_backwards__47bb6804,1,156,203,23.0,48,1.0,1.0,0.9555498957633972,0.9555498957633972,1.0,1.0,0.0,0.0,0,0.019409893080592155,0.06075773071497677,False
train,train\Subject.7__Fall_backwards__47bb6804__w000168_000215.npz,Subject.7__Fall_backwards__47bb6804__w000168_000215,Subject.7/Fall backwards,Subject.7__Fall_backwards__47bb6804,1,168,215,23.0,48,1.0,1.0,0.9481345415115356,0.9481345415115356,1.0,1.0,0.0,0.0,0,0.022794656455516815,0.06609208285808561,False
train,train\Subject.7__Fall_backwards__47bb6804__w000180_000227.npz,Subject.7__Fall_backwards__47bb6804__w000180_000227,Subject.7/Fall backwards,Subject.7__Fall_backwards__47bb6804,1,180,227,23.0,48,1.0,1.0,0.9427390694618225,0.9427390694618225,1.0,1.0,0.0,0.0,0,0.021574554964900017,0.06758410520851613,False
train,train\Subject.7__Fall_backwards__47bb6804__w000192_000239.npz,Subject.7__Fall_backwards__47bb6804__w000192_000239,Subject.7/Fall backwards,Subject.7__Fall_backwards__47bb6804,1,192,239,23.0,48,1.0,1.0,0.9308201670646667,0.9308201670646667,1.0,1.0,0.0,0.0,0,0.01818532682955265,0.05812500417232512,False
train,train\Subject.7__Fall_backwards__47bb6804__w000204_000251.npz,Subject.7__Fall_backwards__47bb6804__w000204_000251,Subject.7/Fall backwards,Subject.7__Fall_backwards__47bb6804,1,204,251,23.0,48,1.0,1.0,0.924475908279419,0.924475908279419,1.0,1.0,0.0,0.0,0,0.01543981023132801,0.05232926309108727,False
train,train\Subject.7__Fall_forward__41f7595b__w000000_000047.npz,Subject.7__Fall_forward__41f7595b__w000000_000047,Subject.7/Fall forward,Subject.7__Fall_forward__41f7595b,1,0,47,23.0,5,0.1041666641831398,0.9097222089767456,0.8024466037750244,0.8769397139549255,0.7272727272727273,0.7575757575757576,0.0,0.0,0,0.08864416927099228,0.32851791977882355,False
train,train\Subject.7__Fall_forward__41f7595b__w000012_000059.npz,Subject.7__Fall_forward__41f7595b__w000012_000059,Subject.7/Fall forward,Subject.7__Fall_forward__41f7595b,1,12,59,23.0,17,0.3541666567325592,0.8888888955116272,0.7738561034202576,0.8643560409545898,0.7272727272727273,0.7575757575757576,0.0,0.0,0,0.09693435579538345,0.34220164716243734,False
train,train\Subject.7__Fall_forward__41f7595b__w000024_000071.npz,Subject.7__Fall_forward__41f7595b__w000024_000071,Subject.7/Fall forward,Subject.7__Fall_forward__41f7595b,1,24,71,23.0,29,0.6041666865348816,0.9002525210380554,0.7850141525268555,0.866826593875885,0.7272727272727273,0.7575757575757576,0.0,0.0,0,0.08821843564510345,0.3085284441709518,False
train,train\Subject.7__Fall_forward__41f7595b__w000036_000083.npz,Subject.7__Fall_forward__41f7595b__w000036_000083,Subject.7/Fall forward,Subject.7__Fall_forward__41f7595b,1,36,83,23.0,41,0.8541666865348816,0.9362373948097229,0.8340415358543396,0.8876509666442871,0.7272727272727273,0.7575757575757576,0.0,0.0,0,0.052967529743909836,0.19752819389104767,False
train,train\Subject.7__Fall_forward__41f7595b__w000048_000095.npz,Subject.7__Fall_forward__41f7595b__w000048_000095,Subject.7/Fall forward,Subject.7__Fall_forward__41f7595b,1,48,95,23.0,48,1.0,0.9791666865348816,0.8900140523910522,0.9080677032470703,0.8484848484848485,0.8787878787878788,0.0,0.0,0,0.020466789603233337,0.07311661168932909,False
train,train\Subject.7__Fall_forward__41f7595b__w000060_000107.npz,Subject.7__Fall_forward__41f7595b__w000060_000107,Subject.7/Fall forward,Subject.7__Fall_forward__41f7595b,1,60,107,23.0,48,1.0,1.0,0.9239093661308289,0.9239093661308289,1.0,1.0,0.0,0.0,0,0.009396313689649105,0.020310262963175753,False
train,train\Subject.7__Fall_forward__41f7595b__w000072_000119.npz,Subject.7__Fall_forward__41f7595b__w000072_000119,Subject.7/Fall forward,Subject.7__Fall_forward__41f7595b,1,72,119,23.0,48,1.0,1.0,0.9270164370536804,0.9270164370536804,1.0,1.0,0.0,0.0,0,0.005813290365040302,0.013189014559611674,False
train,train\Subject.7__Fall_forward__41f7595b__w000084_000131.npz,Subject.7__Fall_forward__41f7595b__w000084_000131,Subject.7/Fall forward,Subject.7__Fall_forward__41f7595b,1,84,131,23.0,48,1.0,1.0,0.9269948601722717,0.9269948601722717,1.0,1.0,0.0,0.0,0,0.0061196680180728436,0.014965008804574607,False
train,train\Subject.7__Fall_forward__41f7595b__w000096_000143.npz,Subject.7__Fall_forward__41f7595b__w000096_000143,Subject.7/Fall forward,Subject.7__Fall_forward__41f7595b,1,96,143,23.0,48,1.0,0.9949495196342468,0.9094147086143494,0.9134520888328552,0.9696969696969697,0.9696969696969697,0.0,0.0,0,0.009167205542325974,0.025772903207689504,False
train,train\Subject.7__Fall_forward__41f7595b__w000108_000155.npz,Subject.7__Fall_forward__41f7595b__w000108_000155,Subject.7/Fall forward,Subject.7__Fall_forward__41f7595b,1,108,155,23.0,48,1.0,0.9848484992980957,0.8662027716636658,0.8775829672813416,0.9393939393939394,0.9393939393939394,0.0,0.0,0,0.012606863863766193,0.034218070283532125,False
train,train\Subject.7__Fall_left__18faca39__w000000_000047.npz,Subject.7__Fall_left__18faca39__w000000_000047,Subject.7/Fall left,Subject.7__Fall_left__18faca39,0,0,47,23.0,0,0.0,0.9482323527336121,0.8114153742790222,0.8508850336074829,0.7575757575757576,0.9303030303030303,0.0,0.0,0,0.02331165410578251,0.05061141662299633,False
train,train\Subject.7__Fall_left__18faca39__w000012_000059.npz,Subject.7__Fall_left__18faca39__w000012_000059,Subject.7/Fall left,Subject.7__Fall_left__18faca39,0,12,59,23.0,0,0.0,0.9715909361839294,0.825194239616394,0.8466616868972778,0.9393939393939394,0.9393939393939394,0.0,0.0,0,0.05092451721429825,0.20185680240392684,False
train,train\Subject.7__Fall_left__18faca39__w000024_000071.npz,Subject.7__Fall_left__18faca39__w000024_000071,Subject.7/Fall left,Subject.7__Fall_left__18faca39,0,24,71,23.0,0,0.0,0.9779040217399597,0.7646139860153198,0.7796388864517212,0.9393939393939394,0.9393939393939394,0.0,0.0,0,0.11519362032413483,0.5035532414913173,False
train,train\Subject.7__Fall_left__18faca39__w000036_000083.npz,Subject.7__Fall_left__18faca39__w000036_000083,Subject.7/Fall left,Subject.7__Fall_left__18faca39,1,36,83,23.0,11,0.2291666716337204,0.9898989796638489,0.7567734122276306,0.7632710933685303,0.9393939393939394,0.9696969696969697,0.0,0.0,0,0.13792826235294342,0.5161907941102979,False
train,train\Subject.7__Fall_left__18faca39__w000048_000095.npz,Subject.7__Fall_left__18faca39__w000048_000095,Subject.7/Fall left,Subject.7__Fall_left__18faca39,1,48,95,23.0,23,0.4791666567325592,0.9968434572219849,0.7472558617591858,0.7495118975639343,0.9696969696969697,0.990909090909091,0.0,0.0,0,0.13882367312908173,0.5138540625572204,False
train,train\Subject.7__Fall_left__18faca39__w000060_000107.npz,Subject.7__Fall_left__18faca39__w000060_000107,Subject.7/Fall left,Subject.7__Fall_left__18faca39,1,60,107,23.0,35,0.7291666865348816,0.9898989796638489,0.7379137277603149,0.7442994117736816,0.9393939393939394,0.9393939393939394,0.0,0.0,0,0.10318847000598907,0.43005385696887954,False
train,train\Subject.7__Fall_left__18faca39__w000072_000119.npz,Subject.7__Fall_left__18faca39__w000072_000119,Subject.7/Fall left,Subject.7__Fall_left__18faca39,1,72,119,23.0,47,0.9791666865348816,0.9924242496490479,0.8056159019470215,0.810721755027771,0.9393939393939394,0.9393939393939394,0.0,0.0,0,0.04660249873995781,0.1463298983871936,False
train,train\Subject.7__Fall_left__18faca39__w000084_000131.npz,Subject.7__Fall_left__18faca39__w000084_000131,Subject.7/Fall left,Subject.7__Fall_left__18faca39,1,84,131,23.0,48,1.0,0.9886363744735718,0.8089373707771301,0.8167341351509094,0.9393939393939394,0.9393939393939394,0.0,0.0,0,0.02968372032046318,0.06569404639303685,False
train,train\Subject.7__Fall_left__18faca39__w000096_000143.npz,Subject.7__Fall_left__18faca39__w000096_000143,Subject.7/Fall left,Subject.7__Fall_left__18faca39,1,96,143,23.0,48,1.0,0.9886363744735718,0.8139082193374634,0.8217621445655823,0.9393939393939394,0.9393939393939394,0.0,0.0,0,0.028300324454903603,0.06381536386907098,False
train,train\Subject.7__Fall_left__18faca39__w000108_000155.npz,Subject.7__Fall_left__18faca39__w000108_000155,Subject.7/Fall left,Subject.7__Fall_left__18faca39,1,108,155,23.0,48,1.0,0.9962121248245239,0.8393967151641846,0.8421381711959839,0.9696969696969697,0.9696969696969697,0.0,0.0,0,0.028433509171009064,0.08205709084868429,False
train,train\Subject.7__Fall_left__18faca39__w000120_000167.npz,Subject.7__Fall_left__18faca39__w000120_000167,Subject.7/Fall left,Subject.7__Fall_left__18faca39,1,120,167,23.0,48,1.0,0.9962121248245239,0.8479413986206055,0.8507154583930969,0.9696969696969697,0.9696969696969697,0.0,0.0,0,0.029146423563361168,0.08644945919513694,False
train,train\Subject.7__Fall_left__18faca39__w000132_000179.npz,Subject.7__Fall_left__18faca39__w000132_000179,Subject.7/Fall left,Subject.7__Fall_left__18faca39,1,132,179,23.0,48,1.0,1.0,0.8732141852378845,0.8732141852378845,1.0,1.0,0.0,0.0,0,0.021800098940730095,0.07734480910003183,False
train,train\Subject.7__Fall_left__18faca39__w000144_000191.npz,Subject.7__Fall_left__18faca39__w000144_000191,Subject.7/Fall left,Subject.7__Fall_left__18faca39,1,144,191,23.0,48,1.0,1.0,0.8769305944442749,0.8769305944442749,1.0,1.0,0.0,0.0,0,0.021877551451325417,0.07803109809756271,False
train,train\Subject.7__Fall_left__18faca39__w000156_000203.npz,Subject.7__Fall_left__18faca39__w000156_000203,Subject.7/Fall left,Subject.7__Fall_left__18faca39,1,156,203,23.0,48,1.0,0.998106062412262,0.8682572245597839,0.8696744441986084,0.9090909090909091,1.0,0.0,0.0,0,0.02459234744310379,0.08164664804935452,False
train,train\Subject.7__Fall_right__4e79faa7__w000000_000047.npz,Subject.7__Fall_right__4e79faa7__w000000_000047,Subject.7/Fall right,Subject.7__Fall_right__4e79faa7,1,0,47,23.0,2,0.0416666679084301,0.756313145160675,0.6486919522285461,0.8443198204040527,0.5757575757575758,0.6060606060606061,0.0,0.0,0,0.0595267117023468,0.14795361086726166,False
train,train\Subject.7__Fall_right__4e79faa7__w000012_000059.npz,Subject.7__Fall_right__4e79faa7__w000012_000059,Subject.7/Fall right,Subject.7__Fall_right__4e79faa7,1,12,59,23.0,14,0.2916666567325592,0.7897727489471436,0.6698521375656128,0.8350912928581238,0.6060606060606061,0.6878787878787879,0.0,0.0,0,0.07935289293527603,0.18382996171712865,False
train,train\Subject.7__Fall_right__4e79faa7__w000024_000071.npz,Subject.7__Fall_right__4e79faa7__w000024_000071,Subject.7/Fall right,Subject.7__Fall_right__4e79faa7,1,24,71,23.0,26,0.5416666865348816,0.8339646458625793,0.7039427161216736,0.8327668905258179,0.696969696969697,0.7272727272727273,0.0,0.0,0,0.07984235137701035,0.18090705201029778,False
train,train\Subject.7__Fall_right__4e79faa7__w000036_000083.npz,Subject.7__Fall_right__4e79faa7__w000036_000083,Subject.7/Fall right,Subject.7__Fall_right__4e79faa7,1,36,83,23.0,38,0.7916666865348816,0.8636363744735718,0.7240591049194336,0.8291827440261841,0.696969696969697,0.7272727272727273,0.0,0.0,0,0.06799549609422684,0.16864511445164676,False
train,train\Subject.7__Fall_right__4e79faa7__w000048_000095.npz,Subject.7__Fall_right__4e79faa7__w000048_000095,Subject.7/Fall right,Subject.7__Fall_right__4e79faa7,1,48,95,23.0,48,1.0,0.879419207572937,0.7289328575134277,0.8199423551559448,0.696969696969697,0.7272727272727273,0.0,0.0,0,0.0505002960562706,0.155595014244318,False
train,train\Subject.7__Fall_right__4e79faa7__w000060_000107.npz,Subject.7__Fall_right__4e79faa7__w000060_000107,Subject.7/Fall right,Subject.7__Fall_right__4e79faa7,1,60,107,23.0,48,1.0,0.9273989796638489,0.7670621275901794,0.8214309811592102,0.7878787878787878,0.9090909090909091,0.0,0.0,0,0.03367896005511284,0.09173914380371569,False
train,train\Subject.7__Fall_right__4e79faa7__w000072_000119.npz,Subject.7__Fall_right__4e79faa7__w000072_000119,Subject.7/Fall right,Subject.7__Fall_right__4e79faa7,1,72,119,23.0,48,1.0,0.9362373948097229,0.7755703330039978,0.8235880732536316,0.9090909090909091,0.9090909090909091,0.0,0.0,0,0.03191623464226723,0.07840109840035436,False
train,train\Subject.7__Fall_right__4e79faa7__w000084_000131.npz,Subject.7__Fall_right__4e79faa7__w000084_000131,Subject.7/Fall right,Subject.7__Fall_right__4e79faa7,1,84,131,23.0,48,1.0,0.9551767706871033,0.8086961507797241,0.8434990644454956,0.9090909090909091,0.9090909090909091,0.0,0.0,0,0.030689707025885582,0.08585731312632558,False
train,train\Subject.7__Fall_right__4e79faa7__w000096_000143.npz,Subject.7__Fall_right__4e79faa7__w000096_000143,Subject.7/Fall right,Subject.7__Fall_right__4e79faa7,1,96,143,23.0,48,1.0,0.9684343338012695,0.8424167633056641,0.8676947355270386,0.9090909090909091,0.9090909090909091,0.0,0.0,0,0.02631167136132717,0.07846908979117866,False
train,train\Subject.7__Fall_right__4e79faa7__w000108_000155.npz,Subject.7__Fall_right__4e79faa7__w000108_000155,Subject.7/Fall right,Subject.7__Fall_right__4e79faa7,1,108,155,23.0,48,1.0,0.9715909361839294,0.8603007793426514,0.8832222819328308,0.9393939393939394,0.9393939393939394,0.0,0.0,0,0.019931206479668617,0.0517200224101543,False
train,train\Subject.7__Fall_sitting__938b24cc__w000000_000047.npz,Subject.7__Fall_sitting__938b24cc__w000000_000047,Subject.7/Fall sitting,Subject.7__Fall_sitting__938b24cc,1,0,47,23.0,1,0.02083333395421505,0.873106062412262,0.7372900247573853,0.8366972804069519,0.7272727272727273,0.7272727272727273,0.0,0.0,0,0.10256089270114899,0.2913228318095203,False
train,train\Subject.7__Fall_sitting__938b24cc__w000012_000059.npz,Subject.7__Fall_sitting__938b24cc__w000012_000059,Subject.7/Fall sitting,Subject.7__Fall_sitting__938b24cc,1,12,59,23.0,13,0.2708333432674408,0.8674242496490479,0.6975676417350769,0.7964823246002197,0.6060606060606061,0.7484848484848485,0.0,0.0,0,0.10812659561634064,0.3223565191030499,False
train,train\Subject.7__Fall_sitting__938b24cc__w000024_000071.npz,Subject.7__Fall_sitting__938b24cc__w000024_000071,Subject.7/Fall sitting,Subject.7__Fall_sitting__938b24cc,1,24,71,23.0,25,0.5208333134651184,0.8049242496490479,0.6323643922805786,0.7748565673828125,0.5454545454545454,0.6060606060606061,0.0,0.0,0,0.11477262526750565,0.3838711112737632,False
train,train\Subject.7__Fall_sitting__938b24cc__w000036_000083.npz,Subject.7__Fall_sitting__938b24cc__w000036_000083,Subject.7/Fall sitting,Subject.7__Fall_sitting__938b24cc,1,36,83,23.0,37,0.7708333134651184,0.7310606241226196,0.5782689452171326,0.777108371257782,0.5454545454545454,0.5454545454545454,0.0,0.0,0,0.09864169359207153,0.24737209379673003,False
train,train\Subject.7__Fall_sitting__938b24cc__w000048_000095.npz,Subject.7__Fall_sitting__938b24cc__w000048_000095,Subject.7/Fall sitting,Subject.7__Fall_sitting__938b24cc,1,48,95,23.0,48,1.0,0.7550504803657532,0.5968141555786133,0.7785513997077942,0.5454545454545454,0.5454545454545454,0.0,0.0,0,0.06918787956237793,0.13876821622252453,False
train,train\Subject.7__Fall_sitting__938b24cc__w000060_000107.npz,Subject.7__Fall_sitting__938b24cc__w000060_000107,Subject.7/Fall sitting,Subject.7__Fall_sitting__938b24cc,1,60,107,23.0,48,1.0,0.7733585834503174,0.6496532559394836,0.8312644958496094,0.5454545454545454,0.5454545454545454,0.0,0.0,0,0.05074537172913551,0.10939142741262904,False
train,train\Subject.7__Fall_sitting__938b24cc__w000072_000119.npz,Subject.7__Fall_sitting__938b24cc__w000072_000119,Subject.7/Fall sitting,Subject.7__Fall_sitting__938b24cc,1,72,119,23.0,48,1.0,0.8074495196342468,0.7032817602157593,0.8640967011451721,0.5454545454545454,0.596969696969697,0.0,0.0,0,0.030534157529473305,0.07399886436760425,False
train,train\Subject.7__Fall_sitting__938b24cc__w000084_000131.npz,Subject.7__Fall_sitting__938b24cc__w000084_000131,Subject.7/Fall sitting,Subject.7__Fall_sitting__938b24cc,1,84,131,23.0,48,1.0,0.8371211886405945,0.7122698426246643,0.8449938893318176,0.696969696969697,0.696969696969697,0.0,0.0,0,0.02217783033847809,0.04354911465197801,False
train,train\Subject.7__Fall_sitting__938b24cc__w000096_000143.npz,Subject.7__Fall_sitting__938b24cc__w000096_000143,Subject.7/Fall sitting,Subject.7__Fall_sitting__938b24cc,1,96,143,23.0,48,1.0,0.7998737096786499,0.671560525894165,0.8328201174736023,0.696969696969697,0.696969696969697,0.0,0.0,0,0.025400565937161446,0.045626675710082026,False
train,train\Subject.7__Fall_sitting__938b24cc__w000108_000155.npz,Subject.7__Fall_sitting__938b24cc__w000108_000155,Subject.7/Fall sitting,Subject.7__Fall_sitting__938b24cc,1,108,155,23.0,48,1.0,0.7550504803657532,0.6167151927947998,0.806208074092865,0.6363636363636364,0.6666666666666666,0.0,0.0,0,0.037951696664094925,0.05165478028357028,False
train,train\Subject.7__Fall_sitting__938b24cc__w000120_000167.npz,Subject.7__Fall_sitting__938b24cc__w000120_000167,Subject.7/Fall sitting,Subject.7__Fall_sitting__938b24cc,1,120,167,23.0,48,1.0,0.6761363744735718,0.5500065684318542,0.794821560382843,0.48484848484848486,0.48484848484848486,0.0,0.16666666666666666,0,0.059913020581007004,0.06351220235228532,False
train,train\Subject.7__Fall_sitting__938b24cc__w000132_000179.npz,Subject.7__Fall_sitting__938b24cc__w000132_000179,Subject.7/Fall sitting,Subject.7__Fall_sitting__938b24cc,1,132,179,23.0,48,1.0,0.6887626051902771,0.5651375651359558,0.8019284605979919,0.48484848484848486,0.48484848484848486,0.0,0.16666666666666666,0,0.0682232677936554,0.0955841828137634,False
train,train\Subject.7__Fall_sitting__938b24cc__w000144_000191.npz,Subject.7__Fall_sitting__938b24cc__w000144_000191,Subject.7/Fall sitting,Subject.7__Fall_sitting__938b24cc,1,144,191,23.0,48,1.0,0.7348484992980957,0.5973414182662964,0.7955378890037537,0.48484848484848486,0.48484848484848486,0.0,0.16666666666666666,0,0.07058917731046677,0.11564905382692804,False
train,train\Subject.7__Fall_sitting__938b24cc__w000156_000203.npz,Subject.7__Fall_sitting__938b24cc__w000156_000203,Subject.7/Fall sitting,Subject.7__Fall_sitting__938b24cc,1,156,203,23.0,48,1.0,0.7992424368858337,0.6493105888366699,0.799223005771637,0.48484848484848486,0.48484848484848486,0.0,0.16666666666666666,0,0.0625959187746048,0.09724596999585615,False
train,train\Subject.7__Hop__11f016a6__w000000_000047.npz,Subject.7__Hop__11f016a6__w000000_000047,Subject.7/Hop,Subject.7__Hop__11f016a6,0,0,47,23.0,0,0.0,0.9520202279090881,0.7934807538986206,0.8312478065490723,0.5454545454545454,0.8484848484848485,0.0,0.0,0,0.0774618461728096,0.3649524822831153,False
train,train\Subject.7__Hop__11f016a6__w000012_000059.npz,Subject.7__Hop__11f016a6__w000012_000059,Subject.7/Hop,Subject.7__Hop__11f016a6,0,12,59,23.0,0,0.0,0.8996211886405945,0.7642587423324585,0.8455991148948669,0.696969696969697,0.696969696969697,0.0,0.0,0,0.05563221126794815,0.14102065563201902,False
train,train\Subject.7__Hop__11f016a6__w000024_000071.npz,Subject.7__Hop__11f016a6__w000024_000071,Subject.7/Hop,Subject.7__Hop__11f016a6,0,24,71,23.0,0,0.0,0.873106062412262,0.7376949191093445,0.8394962549209595,0.696969696969697,0.696969696969697,0.0,0.0,0,0.05082514137029648,0.11829082854092096,False
train,train\Subject.7__Hop__11f016a6__w000036_000083.npz,Subject.7__Hop__11f016a6__w000036_000083,Subject.7/Hop,Subject.7__Hop__11f016a6,0,36,83,23.0,0,0.0,0.872474730014801,0.7421464920043945,0.8451409935951233,0.696969696969697,0.696969696969697,0.0,0.0,0,0.0459430105984211,0.09761874713003632,False
train,train\Subject.7__Hop__11f016a6__w000048_000095.npz,Subject.7__Hop__11f016a6__w000048_000095,Subject.7/Hop,Subject.7__Hop__11f016a6,0,48,95,23.0,0,0.0,0.9053030014038086,0.7918047904968262,0.8706096410751343,0.696969696969697,0.696969696969697,0.0,0.0,0,0.035669393837451935,0.07098515070974826,False
train,train\Subject.7__Hop__11f016a6__w000060_000107.npz,Subject.7__Hop__11f016a6__w000060_000107,Subject.7/Hop,Subject.7__Hop__11f016a6,0,60,107,23.0,0,0.0,0.9728535413742065,0.8631988763809204,0.8860083222389221,0.8181818181818182,0.9121212121212122,0.0,0.0,0,0.0805995762348175,0.5201404482126235,False
train,train\Subject.7__Hop__11f016a6__w000072_000119.npz,Subject.7__Hop__11f016a6__w000072_000119,Subject.7/Hop,Subject.7__Hop__11f016a6,0,72,119,23.0,0,0.0,0.9993686676025391,0.8778897523880005,0.8783877491950989,0.9696969696969697,1.0,0.0,0.0,0,0.0975726991891861,0.5398986011743542,False
train,train\Subject.7__Hop__11f016a6__w000084_000131.npz,Subject.7__Hop__11f016a6__w000084_000131,Subject.7/Hop,Subject.7__Hop__11f016a6,0,84,131,23.0,0,0.0,1.0,0.8828590512275696,0.8828590512275696,1.0,1.0,0.0,0.0,0,0.10412610322237015,0.5398986011743542,False
train,train\Subject.7__Hop__11f016a6__w000096_000143.npz,Subject.7__Hop__11f016a6__w000096_000143,Subject.7/Hop,Subject.7__Hop__11f016a6,0,96,143,23.0,0,0.0,1.0,0.8772803544998169,0.8772803544998169,1.0,1.0,0.0,0.0,0,0.10717756301164627,0.5398986011743542,False
train,train\Subject.7__Hop__11f016a6__w000108_000155.npz,Subject.7__Hop__11f016a6__w000108_000155,Subject.7/Hop,Subject.7__Hop__11f016a6,0,108,155,23.0,0,0.0,1.0,0.8879480361938477,0.8879480361938477,1.0,1.0,0.0,0.0,0,0.05982932820916176,0.3531070441007608,False
train,train\Subject.7__Hop__11f016a6__w000120_000167.npz,Subject.7__Hop__11f016a6__w000120_000167,Subject.7/Hop,Subject.7__Hop__11f016a6,0,120,167,23.0,0,0.0,1.0,0.9004331827163696,0.9004331827163696,1.0,1.0,0.0,0.0,0,0.04076610878109932,0.09984738416969775,False
train,train\Subject.7__Hop__11f016a6__w000132_000179.npz,Subject.7__Hop__11f016a6__w000132_000179,Subject.7/Hop,Subject.7__Hop__11f016a6,0,132,179,23.0,0,0.0,1.0,0.897371768951416,0.897371768951416,1.0,1.0,0.0,0.0,0,0.04234449192881584,0.10381530299782746,False
train,train\Subject.7__Hop__11f016a6__w000144_000191.npz,Subject.7__Hop__11f016a6__w000144_000191,Subject.7/Hop,Subject.7__Hop__11f016a6,0,144,191,23.0,0,0.0,0.9924242496490479,0.8535939455032349,0.8594334125518799,0.9696969696969697,0.9696969696969697,0.0,0.0,0,0.04501594230532646,0.12357410974800587,False
train,train\Subject.7__Kneel__d4aab36d__w000000_000047.npz,Subject.7__Kneel__d4aab36d__w000000_000047,Subject.7/Kneel,Subject.7__Kneel__d4aab36d,0,0,47,23.0,0,0.0,0.9223484992980957,0.8124015927314758,0.877780020236969,0.7878787878787878,0.8181818181818182,0.0,0.0,0,0.09782504290342331,0.48330415785312647,False
train,train\Subject.7__Kneel__d4aab36d__w000012_000059.npz,Subject.7__Kneel__d4aab36d__w000012_000059,Subject.7/Kneel,Subject.7__Kneel__d4aab36d,0,12,59,23.0,0,0.0,0.8592171669006348,0.7350019812583923,0.8491157293319702,0.6363636363636364,0.6363636363636364,0.0,0.0,0,0.15689021348953247,0.563074779510498,False
train,train\Subject.7__Kneel__d4aab36d__w000024_000071.npz,Subject.7__Kneel__d4aab36d__w000024_000071,Subject.7/Kneel,Subject.7__Kneel__d4aab36d,0,24,71,23.0,0,0.0,0.7815656661987305,0.6381872892379761,0.8050315380096436,0.5757575757575758,0.6363636363636364,0.0,0.0,0,0.20484793186187744,0.6517861217260359,False
train,train\Subject.7__Kneel__d4aab36d__w000036_000083.npz,Subject.7__Kneel__d4aab36d__w000036_000083,Subject.7/Kneel,Subject.7__Kneel__d4aab36d,0,36,83,23.0,0,0.0,0.7683081030845642,0.616109311580658,0.7891841530799866,0.5757575757575758,0.6363636363636364,0.0,0.0,0,0.2203226536512375,0.6554099380969999,False
train,train\Subject.7__Kneel__d4aab36d__w000048_000095.npz,Subject.7__Kneel__d4aab36d__w000048_000095,Subject.7/Kneel,Subject.7__Kneel__d4aab36d,0,48,95,23.0,0,0.0,0.7398989796638489,0.5654520988464355,0.7491510510444641,0.5757575757575758,0.6060606060606061,0.0,0.0,0,0.22180911898612976,0.6736481219530105,False
train,train\Subject.7__Kneel__d4aab36d__w000060_000107.npz,Subject.7__Kneel__d4aab36d__w000060_000107,Subject.7/Kneel,Subject.7__Kneel__d4aab36d,0,60,107,23.0,0,0.0,0.751893937587738,0.5621281266212463,0.7329899072647095,0.5757575757575758,0.6060606060606061,0.0,0.0,0,0.19074177742004395,0.6565315365791318,False
train,train\Subject.7__Kneel__d4aab36d__w000072_000119.npz,Subject.7__Kneel__d4aab36d__w000072_000119,Subject.7/Kneel,Subject.7__Kneel__d4aab36d,0,72,119,23.0,0,0.0,0.7885100841522217,0.6247543692588806,0.7803536057472229,0.6060606060606061,0.6363636363636364,0.0,0.0,0,0.15985463559627533,0.4404059812426567,False
train,train\Subject.7__Kneel__d4aab36d__w000084_000131.npz,Subject.7__Kneel__d4aab36d__w000084_000131,Subject.7/Kneel,Subject.7__Kneel__d4aab36d,0,84,131,23.0,0,0.0,0.7916666865348816,0.6397402882575989,0.7971689701080322,0.6060606060606061,0.6363636363636364,0.0,0.0,0,0.14424650371074677,0.4331757396459579,False
train,train\Subject.7__Kneel__d4aab36d__w000096_000143.npz,Subject.7__Kneel__d4aab36d__w000096_000143,Subject.7/Kneel,Subject.7__Kneel__d4aab36d,0,96,143,23.0,0,0.0,0.8200757503509521,0.7020429968833923,0.8465442657470703,0.6666666666666666,0.7303030303030303,0.0,0.0,0,0.1153748407959938,0.38586748242378227,False
train,train\Subject.7__Kneel__d4aab36d__w000108_000155.npz,Subject.7__Kneel__d4aab36d__w000108_000155,Subject.7/Kneel,Subject.7__Kneel__d4aab36d,0,108,155,23.0,0,0.0,0.8333333134651184,0.751885712146759,0.8930617570877075,0.7575757575757576,0.7878787878787878,0.0,0.0,0,0.10716671496629715,0.38152694255113595,False
train,train\Subject.7__Kneel__d4aab36d__w000120_000167.npz,Subject.7__Kneel__d4aab36d__w000120_000167,Subject.7/Kneel,Subject.7__Kneel__d4aab36d,0,120,167,23.0,0,0.0,0.8402777910232544,0.7716599106788635,0.909813404083252,0.8181818181818182,0.8181818181818182,0.0,0.0,0,0.0982489362359047,0.2965812221169471,False
train,train\Subject.7__Kneel__d4aab36d__w000132_000179.npz,Subject.7__Kneel__d4aab36d__w000132_000179,Subject.7/Kneel,Subject.7__Kneel__d4aab36d,0,132,179,23.0,0,0.0,0.8472222089767456,0.7686935663223267,0.8979803323745728,0.7575757575757576,0.8090909090909091,0.0,0.0,0,0.0983467847108841,0.3042276158928871,False
train,train\Subject.7__Kneel__d4aab36d__w000144_000191.npz,Subject.7__Kneel__d4aab36d__w000144_000191,Subject.7/Kneel,Subject.7__Kneel__d4aab36d,0,144,191,23.0,0,0.0,0.8339646458625793,0.754097044467926,0.8948035836219788,0.7575757575757576,0.7575757575757576,0.0,0.0,0,0.11022751033306122,0.3126332730054855,False
train,train\Subject.7__Pick_up_object__7b8c315a__w000000_000047.npz,Subject.7__Pick_up_object__7b8c315a__w000000_000047,Subject.7/Pick up object,Subject.7__Pick_up_object__7b8c315a,0,0,47,23.0,0,0.0,0.7601010203361511,0.660059928894043,0.8544802069664001,0.6060606060606061,0.6060606060606061,0.0,0.0,0,0.06192554906010628,0.13481959179043765,False
train,train\Subject.7__Pick_up_object__7b8c315a__w000012_000059.npz,Subject.7__Pick_up_object__7b8c315a__w000012_000059,Subject.7/Pick up object,Subject.7__Pick_up_object__7b8c315a,0,12,59,23.0,0,0.0,0.7784090638160706,0.6697787046432495,0.8463200926780701,0.6060606060606061,0.6272727272727273,0.0,0.0,0,0.07335425913333893,0.14918635934591293,False
train,train\Subject.7__Pick_up_object__7b8c315a__w000024_000071.npz,Subject.7__Pick_up_object__7b8c315a__w000024_000071,Subject.7/Pick up object,Subject.7__Pick_up_object__7b8c315a,0,24,71,23.0,0,0.0,0.7746211886405945,0.6453306674957275,0.8184180855751038,0.5454545454545454,0.6666666666666666,0.0,0.0,0,0.0763472467660904,0.1529782138764854,False
train,train\Subject.7__Pick_up_object__7b8c315a__w000036_000083.npz,Subject.7__Pick_up_object__7b8c315a__w000036_000083,Subject.7/Pick up object,Subject.7__Pick_up_object__7b8c315a,0,36,83,23.0,0,0.0,0.7140151262283325,0.5893918871879578,0.8124001622200012,0.5151515151515151,0.5363636363636364,0.0,0.0,0,0.05830169469118118,0.14365179464220998,False
train,train\Subject.7__Pick_up_object__7b8c315a__w000048_000095.npz,Subject.7__Pick_up_object__7b8c315a__w000048_000095,Subject.7/Pick up object,Subject.7__Pick_up_object__7b8c315a,0,48,95,23.0,0,0.0,0.6584596037864685,0.5246205925941467,0.7827622890472412,0.5151515151515151,0.5151515151515151,0.0,0.0,0,0.057131554931402206,0.14342363029718394,False
train,train\Subject.7__Pick_up_object__7b8c315a__w000060_000107.npz,Subject.7__Pick_up_object__7b8c315a__w000060_000107,Subject.7/Pick up object,Subject.7__Pick_up_object__7b8c315a,0,60,107,23.0,0,0.0,0.6540403962135315,0.5249313116073608,0.7880160212516785,0.5151515151515151,0.5151515151515151,0.0,0.0,0,0.049435846507549286,0.108894610404968,False
train,train\Subject.7__Pick_up_object__7b8c315a__w000072_000119.npz,Subject.7__Pick_up_object__7b8c315a__w000072_000119,Subject.7/Pick up object,Subject.7__Pick_up_object__7b8c315a,0,72,119,23.0,0,0.0,0.7190656661987305,0.5942421555519104,0.8155835866928101,0.5151515151515151,0.5151515151515151,0.0,0.0,0,0.04783931002020836,0.09235080927610397,False
train,train\Subject.7__Pick_up_object__7b8c315a__w000084_000131.npz,Subject.7__Pick_up_object__7b8c315a__w000084_000131,Subject.7/Pick up object,Subject.7__Pick_up_object__7b8c315a,0,84,131,23.0,0,0.0,0.8358585834503174,0.6865636110305786,0.813297688961029,0.5151515151515151,0.5454545454545454,0.0,0.0,0,0.05218377709388733,0.09322635419666765,False
train,train\Subject.7__Pick_up_object__7b8c315a__w000096_000143.npz,Subject.7__Pick_up_object__7b8c315a__w000096_000143,Subject.7/Pick up object,Subject.7__Pick_up_object__7b8c315a,0,96,143,23.0,0,0.0,0.9381313323974609,0.7843649387359619,0.830767035484314,0.7272727272727273,0.8787878787878788,0.0,0.0,0,0.042109884321689606,0.09163170903921125,False
train,train\Subject.7__Sit_down__b2345884__w000000_000047.npz,Subject.7__Sit_down__b2345884__w000000_000047,Subject.7/Sit down,Subject.7__Sit_down__b2345884,0,0,47,23.0,0,0.0,0.9002525210380554,0.8095079064369202,0.8948646783828735,0.5151515151515151,0.7272727272727273,0.0,0.0,0,0.0502750426530838,0.11841945648193355,False
train,train\Subject.7__Sit_down__b2345884__w000012_000059.npz,Subject.7__Sit_down__b2345884__w000012_000059,Subject.7/Sit down,Subject.7__Sit_down__b2345884,0,12,59,23.0,0,0.0,0.7891414165496826,0.7003697752952576,0.8781605362892151,0.5151515151515151,0.5151515151515151,0.0,0.0,0,0.050159502774477005,0.11952885389328,False
train,train\Subject.7__Sit_down__b2345884__w000024_000071.npz,Subject.7__Sit_down__b2345884__w000024_000071,Subject.7/Sit down,Subject.7__Sit_down__b2345884,0,24,71,23.0,0,0.0,0.7064393758773804,0.6109919548034668,0.8482196927070618,0.5151515151515151,0.5151515151515151,0.0,0.0,0,0.05223226919770241,0.12711342722177502,False
train,train\Subject.7__Sit_down__b2345884__w000036_000083.npz,Subject.7__Sit_down__b2345884__w000036_000083,Subject.7/Sit down,Subject.7__Sit_down__b2345884,0,36,83,23.0,0,0.0,0.7127525210380554,0.6109076142311096,0.8400978446006775,0.5151515151515151,0.5151515151515151,0.0,0.0,0,0.034579090774059296,0.06926008313894269,False
train,train\Subject.7__Sit_down__b2345884__w000048_000095.npz,Subject.7__Sit_down__b2345884__w000048_000095,Subject.7/Sit down,Subject.7__Sit_down__b2345884,0,48,95,23.0,0,0.0,0.7790403962135315,0.6617300510406494,0.834791362285614,0.5151515151515151,0.5575757575757576,0.0,0.0,0,0.028180226683616638,0.06341166831552981,False
train,train\Subject.7__Sit_down__b2345884__w000060_000107.npz,Subject.7__Sit_down__b2345884__w000060_000107,Subject.7/Sit down,Subject.7__Sit_down__b2345884,0,60,107,23.0,0,0.0,0.8869949579238892,0.7518048286437988,0.8381495475769043,0.5757575757575758,0.6060606060606061,0.0,0.0,0,0.025868818163871765,0.06297871060669422,False
train,train\Subject.7__Sit_down__b2345884__w000072_000119.npz,Subject.7__Sit_down__b2345884__w000072_000119,Subject.7/Sit down,Subject.7__Sit_down__b2345884,0,72,119,23.0,0,0.0,0.9696969985961914,0.8249527812004089,0.8466372489929199,0.9090909090909091,0.9090909090909091,0.0,0.0,0,0.01595347747206688,0.0298375085927546,False
train,train\Subject.7__Sit_down__b2345884__w000084_000131.npz,Subject.7__Sit_down__b2345884__w000084_000131,Subject.7/Sit down,Subject.7__Sit_down__b2345884,0,84,131,23.0,0,0.0,0.9797979593276978,0.8523212671279907,0.8673133254051208,0.9090909090909091,0.9090909090909091,0.0,0.0,0,0.012855343520641327,0.02379342643544077,False
train,train\Subject.7__Sit_down__b2345884__w000096_000143.npz,Subject.7__Sit_down__b2345884__w000096_000143,Subject.7/Sit down,Subject.7__Sit_down__b2345884,0,96,143,23.0,0,0.0,0.9968434572219849,0.8742507696151733,0.8765679597854614,0.9696969696969697,0.990909090909091,0.0,0.0,0,0.0101917190477252,0.02239919314160943,False
train,train\Subject.7__Sit_down__b2345884__w000108_000155.npz,Subject.7__Sit_down__b2345884__w000108_000155,Subject.7/Sit down,Subject.7__Sit_down__b2345884,0,108,155,23.0,0,0.0,1.0,0.8841652274131775,0.8841652274131775,1.0,1.0,0.0,0.0,0,0.008705695159733295,0.021267282031476493,False
train,train\Subject.7__Sit_down__b2345884__w000120_000167.npz,Subject.7__Sit_down__b2345884__w000120_000167,Subject.7/Sit down,Subject.7__Sit_down__b2345884,0,120,167,23.0,0,0.0,0.9848484992980957,0.8672834634780884,0.8795045614242554,0.7575757575757576,0.9818181818181818,0.0,0.0,0,0.01281040720641613,0.03512197751551866,False
train,train\Subject.7__Sit_down__b2345884__w000132_000179.npz,Subject.7__Sit_down__b2345884__w000132_000179,Subject.7/Sit down,Subject.7__Sit_down__b2345884,0,132,179,23.0,0,0.0,0.9040403962135315,0.7888306975364685,0.867583692073822,0.6060606060606061,0.6060606060606061,0.0,0.0,0,0.019887030124664307,0.06102433428168293,False
train,train\Subject.7__Sit_down__b2345884__w000144_000191.npz,Subject.7__Sit_down__b2345884__w000144_000191,Subject.7/Sit down,Subject.7__Sit_down__b2345884,0,144,191,23.0,0,0.0,0.8327020406723022,0.7181475758552551,0.8526624441146851,0.6060606060606061,0.6060606060606061,0.0,0.0,0,0.02962108887732029,0.07203841321170328,False
train,train\Subject.7__Walk__ab3e009c__w000000_000047.npz,Subject.7__Walk__ab3e009c__w000000_000047,Subject.7/Walk,Subject.7__Walk__ab3e009c,0,0,47,23.0,0,0.0,0.8674242496490479,0.7074834704399109,0.8069702386856079,0.6060606060606061,0.696969696969697,0.0,0.0,0,0.04067674279212952,0.09102289639413343,False
train,train\Subject.7__Walk__ab3e009c__w000012_000059.npz,Subject.7__Walk__ab3e009c__w000012_000059,Subject.7/Walk,Subject.7__Walk__ab3e009c,0,12,59,23.0,0,0.0,0.8876262903213501,0.7493645548820496,0.8370429277420044,0.696969696969697,0.696969696969697,0.0,0.0,0,0.02875172533094883,0.0711403753608465,False
train,train\Subject.7__Walk__ab3e009c__w000024_000071.npz,Subject.7__Walk__ab3e009c__w000024_000071,Subject.7/Walk,Subject.7__Walk__ab3e009c,0,24,71,23.0,0,0.0,0.9179292917251587,0.7896034121513367,0.8547650575637817,0.8484848484848485,0.8484848484848485,0.0,0.0,0,0.023074420168995857,0.057555946521461,False
train,train\Subject.7__Walk__ab3e009c__w000036_000083.npz,Subject.7__Walk__ab3e009c__w000036_000083,Subject.7/Walk,Subject.7__Walk__ab3e009c,0,36,83,23.0,0,0.0,0.9002525210380554,0.7929768562316895,0.8752802610397339,0.8484848484848485,0.8484848484848485,0.0,0.0,0,0.02483147569000721,0.055958629027009,False
train,train\Subject.7__Walk__ab3e009c__w000048_000095.npz,Subject.7__Walk__ab3e009c__w000048_000095,Subject.7/Walk,Subject.7__Walk__ab3e009c,0,48,95,23.0,0,0.0,0.9002525210380554,0.8166442513465881,0.9015700817108154,0.8484848484848485,0.8484848484848485,0.0,0.0,0,0.02335064299404621,0.04641177654266357,False
train,train\Subject.7__Walk__ab3e009c__w000060_000107.npz,Subject.7__Walk__ab3e009c__w000060_000107,Subject.7/Walk,Subject.7__Walk__ab3e009c,0,60,107,23.0,0,0.0,0.9381313323974609,0.857197642326355,0.9100853800773621,0.8484848484848485,0.8484848484848485,0.0,0.0,0,0.02242031693458557,0.04483141191303729,False
train,train\Subject.7__Walk__ab3e009c__w000072_000119.npz,Subject.7__Walk__ab3e009c__w000072_000119,Subject.7/Walk,Subject.7__Walk__ab3e009c,0,72,119,23.0,0,0.0,0.9671717286109924,0.892753541469574,0.9213356971740723,0.8484848484848485,0.8484848484848485,0.0,0.0,0,0.020518260076642036,0.040911595895886416,False
train,train\Subject.7__Walk__ab3e009c__w000084_000131.npz,Subject.7__Walk__ab3e009c__w000084_000131,Subject.7/Walk,Subject.7__Walk__ab3e009c,0,84,131,23.0,0,0.0,1.0,0.9228633046150208,0.9228633046150208,1.0,1.0,0.0,0.0,0,0.017165955156087875,0.04585670623928308,False
train,train\Subject.7__Walk__ab3e009c__w000096_000143.npz,Subject.7__Walk__ab3e009c__w000096_000143,Subject.7/Walk,Subject.7__Walk__ab3e009c,0,96,143,23.0,0,0.0,0.9962121248245239,0.9097342491149902,0.9127029180526733,0.9393939393939394,1.0,0.0,0.0,0,0.02837584726512432,0.10247771665453902,False
train,train\Subject.7__Walk__ab3e009c__w000108_000155.npz,Subject.7__Walk__ab3e009c__w000108_000155,Subject.7/Walk,Subject.7__Walk__ab3e009c,0,108,155,23.0,0,0.0,0.9627525210380554,0.8670927882194519,0.8965021371841431,0.8181818181818182,0.8181818181818182,0.0,0.0,0,0.03549529239535332,0.11665235273540017,False
train,train\Subject.7__Walk__ab3e009c__w000120_000167.npz,Subject.7__Walk__ab3e009c__w000120_000167,Subject.7/Walk,Subject.7__Walk__ab3e009c,0,120,167,23.0,0,0.0,0.9103535413742065,0.8013117909431458,0.873381495475769,0.7272727272727273,0.7787878787878788,0.0,0.0,0,0.04273410886526108,0.13840476348996153,False
train,train\Subject.7__Walk__ab3e009c__w000132_000179.npz,Subject.7__Walk__ab3e009c__w000132_000179,Subject.7/Walk,Subject.7__Walk__ab3e009c,0,132,179,23.0,0,0.0,0.8535353541374207,0.7400141358375549,0.8577831387519836,0.7272727272727273,0.7272727272727273,0.0,0.0,0,0.045395441353321075,0.14511467292904848,False
train,train\Subject.7__Walk__ab3e009c__w000144_000191.npz,Subject.7__Walk__ab3e009c__w000144_000191,Subject.7/Walk,Subject.7__Walk__ab3e009c,0,144,191,23.0,0,0.0,0.8112373948097229,0.682379961013794,0.830423891544342,0.6666666666666666,0.7272727272727273,0.0,0.0,0,0.040529247373342514,0.07527331635355934,False
train,train\Subject.8__Fall_backwards__6afd474e__w000000_000047.npz,Subject.8__Fall_backwards__6afd474e__w000000_000047,Subject.8/Fall backwards,Subject.8__Fall_backwards__6afd474e,0,0,47,23.0,0,0.0,0.879419207572937,0.7653034925460815,0.8659064769744873,0.8181818181818182,0.8484848484848485,0.0,0.0,0,0.038754113018512726,0.08642873801290986,False
train,train\Subject.8__Fall_backwards__6afd474e__w000012_000059.npz,Subject.8__Fall_backwards__6afd474e__w000012_000059,Subject.8/Fall backwards,Subject.8__Fall_backwards__6afd474e,0,12,59,23.0,0,0.0,0.7354797720909119,0.6229239702224731,0.8430641293525696,0.0,0.2757575757575758,0.10416666666666667,0.1875,5,0.07746082544326782,0.3453169718384742,True
train,train\Subject.8__Fall_backwards__6afd474e__w000024_000071.npz,Subject.8__Fall_backwards__6afd474e__w000024_000071,Subject.8/Fall backwards,Subject.8__Fall_backwards__6afd474e,1,24,71,23.0,8,0.1666666716337204,0.6767676472663879,0.5648022294044495,0.8261260986328125,0.0,0.2757575757575758,0.10416666666666667,0.20833333333333334,5,0.10074302554130554,0.44320356845855696,True
train,train\Subject.8__Fall_backwards__6afd474e__w000036_000083.npz,Subject.8__Fall_backwards__6afd474e__w000036_000083,Subject.8/Fall backwards,Subject.8__Fall_backwards__6afd474e,1,36,83,23.0,20,0.4166666567325592,0.6729797720909119,0.553151547908783,0.8128694295883179,0.0,0.2757575757575758,0.10416666666666667,0.20833333333333334,5,0.10452230274677277,0.44162714332342146,True
train,train\Subject.8__Fall_backwards__6afd474e__w000048_000095.npz,Subject.8__Fall_backwards__6afd474e__w000048_000095,Subject.8/Fall backwards,Subject.8__Fall_backwards__6afd474e,1,48,95,23.0,32,0.6666666865348816,0.685606062412262,0.5801441669464111,0.837026059627533,0.0,0.2757575757575758,0.10416666666666667,0.20833333333333334,5,0.09980753064155579,0.4249632030725473,True
train,train\Subject.8__Fall_backwards__6afd474e__w000060_000107.npz,Subject.8__Fall_backwards__6afd474e__w000060_000107,Subject.8/Fall backwards,Subject.8__Fall_backwards__6afd474e,1,60,107,23.0,44,0.9166666865348816,0.8516414165496826,0.7620140910148621,0.888182520866394,0.45454545454545453,0.6060606060606061,0.0,0.020833333333333332,0,0.05812973529100418,0.12150029689073547,False
train,train\Subject.8__Fall_backwards__6afd474e__w000072_000119.npz,Subject.8__Fall_backwards__6afd474e__w000072_000119,Subject.8/Fall backwards,Subject.8__Fall_backwards__6afd474e,1,72,119,23.0,48,1.0,0.9450757503509521,0.8411794304847717,0.8874784111976624,0.7878787878787878,0.8484848484848485,0.0,0.0,0,0.07981503009796143,0.42721426337957336,False
train,train\Subject.8__Fall_backwards__6afd474e__w000084_000131.npz,Subject.8__Fall_backwards__6afd474e__w000084_000131,Subject.8/Fall backwards,Subject.8__Fall_backwards__6afd474e,1,84,131,23.0,48,1.0,0.9854797720909119,0.8770613074302673,0.8889703750610352,0.8484848484848485,0.9636363636363636,0.0,0.0,0,0.10416892915964127,0.6869989216327668,False
train,train\Subject.8__Fall_backwards__6afd474e__w000096_000143.npz,Subject.8__Fall_backwards__6afd474e__w000096_000143,Subject.8/Fall backwards,Subject.8__Fall_backwards__6afd474e,1,96,143,23.0,48,1.0,1.0,0.8994547724723816,0.8994547724723816,1.0,1.0,0.0,0.0,0,0.10068465769290924,0.6849949330091476,False
train,train\Subject.8__Fall_backwards__6afd474e__w000108_000155.npz,Subject.8__Fall_backwards__6afd474e__w000108_000155,Subject.8/Fall backwards,Subject.8__Fall_backwards__6afd474e,1,108,155,23.0,48,1.0,1.0,0.8709911108016968,0.8709911108016968,1.0,1.0,0.0,0.0,0,0.10242215543985367,0.6849949330091476,False
train,train\Subject.8__Fall_backwards__6afd474e__w000120_000167.npz,Subject.8__Fall_backwards__6afd474e__w000120_000167,Subject.8/Fall backwards,Subject.8__Fall_backwards__6afd474e,1,120,167,23.0,48,1.0,0.9924242496490479,0.8373396396636963,0.843271017074585,0.9393939393939394,0.9606060606060607,0.0,0.0,0,0.060045089572668076,0.2670757845044134,False
train,train\Subject.8__Fall_backwards__6afd474e__w000132_000179.npz,Subject.8__Fall_backwards__6afd474e__w000132_000179,Subject.8/Fall backwards,Subject.8__Fall_backwards__6afd474e,1,132,179,23.0,48,1.0,0.9305555820465088,0.7733972668647766,0.8271154761314392,0.696969696969697,0.696969696969697,0.0,0.0,0,0.03479347750544548,0.13395746126770966,False
train,train\Subject.8__Fall_backwards__6afd474e__w000144_000191.npz,Subject.8__Fall_backwards__6afd474e__w000144_000191,Subject.8/Fall backwards,Subject.8__Fall_backwards__6afd474e,1,144,191,23.0,48,1.0,0.8939393758773804,0.7271609902381897,0.8062838912010193,0.696969696969697,0.696969696969697,0.0,0.0,0,0.03458637744188309,0.0932845883071422,False
train,train\Subject.8__Fall_backwards__6afd474e__w000156_000203.npz,Subject.8__Fall_backwards__6afd474e__w000156_000203,Subject.8/Fall backwards,Subject.8__Fall_backwards__6afd474e,1,156,203,23.0,48,1.0,0.8617424368858337,0.7044932246208191,0.8070961833000183,0.696969696969697,0.696969696969697,0.0,0.0,0,0.03571594879031181,0.0748463399708271,False
train,train\Subject.8__Fall_forward__f646154d__w000000_000047.npz,Subject.8__Fall_forward__f646154d__w000000_000047,Subject.8/Fall forward,Subject.8__Fall_forward__f646154d,1,0,47,23.0,8,0.1666666716337204,0.8642676472663879,0.6906511783599854,0.7940308451652527,0.45454545454545453,0.5757575757575758,0.0,0.0625,0,0.0983075499534607,0.4814007952809324,False
train,train\Subject.8__Fall_forward__f646154d__w000012_000059.npz,Subject.8__Fall_forward__f646154d__w000012_000059,Subject.8/Fall forward,Subject.8__Fall_forward__f646154d,1,12,59,23.0,20,0.4166666567325592,0.8592171669006348,0.6653503179550171,0.7686556577682495,0.45454545454545453,0.5757575757575758,0.0,0.0625,0,0.10811159014701843,0.5100290328264225,False
train,train\Subject.8__Fall_forward__f646154d__w000024_000071.npz,Subject.8__Fall_forward__f646154d__w000024_000071,Subject.8/Fall forward,Subject.8__Fall_forward__f646154d,1,24,71,23.0,32,0.6666666865348816,0.8566918969154358,0.6365556120872498,0.7374435067176819,0.45454545454545453,0.5757575757575758,0.0,0.0625,0,0.09649427235126495,0.5144052237272262,False
train,train\Subject.8__Fall_forward__f646154d__w000036_000083.npz,Subject.8__Fall_forward__f646154d__w000036_000083,Subject.8/Fall forward,Subject.8__Fall_forward__f646154d,1,36,83,23.0,44,0.9166666865348816,0.9627525210380554,0.7864642143249512,0.8140053749084473,0.6666666666666666,0.8787878787878788,0.0,0.0,0,0.044400423765182495,0.16119543761014937,False
train,train\Subject.8__Fall_forward__f646154d__w000048_000095.npz,Subject.8__Fall_forward__f646154d__w000048_000095,Subject.8/Fall forward,Subject.8__Fall_forward__f646154d,1,48,95,23.0,48,1.0,0.9867424368858337,0.8215965628623962,0.8314861059188843,0.9393939393939394,0.9696969696969697,0.0,0.0,0,0.024121766909956932,0.09338801242411124,False
train,train\Subject.8__Fall_forward__f646154d__w000060_000107.npz,Subject.8__Fall_forward__f646154d__w000060_000107,Subject.8/Fall forward,Subject.8__Fall_forward__f646154d,1,60,107,23.0,48,1.0,0.9924242496490479,0.8316149711608887,0.8374601006507874,0.9696969696969697,0.9696969696969697,0.0,0.0,0,0.01611010916531086,0.052485372871160424,False
train,train\Subject.8__Fall_forward__f646154d__w000072_000119.npz,Subject.8__Fall_forward__f646154d__w000072_000119,Subject.8/Fall forward,Subject.8__Fall_forward__f646154d,1,72,119,23.0,48,1.0,0.9797979593276978,0.828155517578125,0.8434687852859497,0.8787878787878788,0.9090909090909091,0.0,0.0,0,0.01855459436774254,0.051550967805087486,False
train,train\Subject.8__Fall_left__c62bf683__w000000_000047.npz,Subject.8__Fall_left__c62bf683__w000000_000047,Subject.8/Fall left,Subject.8__Fall_left__c62bf683,0,0,47,23.0,0,0.0,0.9797979593276978,0.7964116930961609,0.811215341091156,0.9090909090909091,0.9393939393939394,0.0,0.0,0,0.12637776136398315,0.5483864665031433,False
train,train\Subject.8__Fall_left__c62bf683__w000012_000059.npz,Subject.8__Fall_left__c62bf683__w000012_000059,Subject.8/Fall left,Subject.8__Fall_left__c62bf683,1,12,59,23.0,3,0.0625,0.9589646458625793,0.7522338032722473,0.7822737097740173,0.6666666666666666,0.8454545454545455,0.0,0.0,0,0.1494380086660385,0.5674617528915405,False
train,train\Subject.8__Fall_left__c62bf683__w000024_000071.npz,Subject.8__Fall_left__c62bf683__w000024_000071,Subject.8/Fall left,Subject.8__Fall_left__c62bf683,1,24,71,23.0,15,0.3125,0.9602272510528564,0.772465705871582,0.8024862408638,0.6666666666666666,0.8454545454545455,0.0,0.0,0,0.15811170637607574,0.5820874661207196,False
train,train\Subject.8__Fall_left__c62bf683__w000036_000083.npz,Subject.8__Fall_left__c62bf683__w000036_000083,Subject.8/Fall left,Subject.8__Fall_left__c62bf683,1,36,83,23.0,27,0.5625,0.9602272510528564,0.7511453628540039,0.7802828550338745,0.6666666666666666,0.8454545454545455,0.0,0.0,0,0.14691925048828125,0.5820874661207196,False
train,train\Subject.8__Fall_left__c62bf683__w000048_000095.npz,Subject.8__Fall_left__c62bf683__w000048_000095,Subject.8/Fall left,Subject.8__Fall_left__c62bf683,1,48,95,23.0,39,0.8125,0.9659090638160706,0.8148180842399597,0.8416128754615784,0.6666666666666666,0.8454545454545455,0.0,0.0,0,0.05399196967482567,0.1894622892141342,False
train,train\Subject.8__Fall_left__c62bf683__w000060_000107.npz,Subject.8__Fall_left__c62bf683__w000060_000107,Subject.8/Fall left,Subject.8__Fall_left__c62bf683,1,60,107,23.0,48,1.0,1.0,0.8931704163551331,0.8931704163551331,1.0,1.0,0.0,0.0,0,0.02586665377020836,0.07620457261800763,False
train,train\Subject.8__Fall_left__c62bf683__w000072_000119.npz,Subject.8__Fall_left__c62bf683__w000072_000119,Subject.8/Fall left,Subject.8__Fall_left__c62bf683,1,72,119,23.0,48,1.0,0.9911616444587708,0.868401288986206,0.8750339150428772,0.8787878787878788,0.9393939393939394,0.0,0.0,0,0.019018840044736862,0.04732519425451746,False
train,train\Subject.8__Fall_left__c62bf683__w000084_000131.npz,Subject.8__Fall_left__c62bf683__w000084_000131,Subject.8/Fall left,Subject.8__Fall_left__c62bf683,1,84,131,23.0,48,1.0,0.9532828330993652,0.8567418456077576,0.8945291638374329,0.8484848484848485,0.8484848484848485,0.0,0.0,0,0.019643424078822136,0.035473105683922763,False
train,train\Subject.8__Fall_left__c62bf683__w000096_000143.npz,Subject.8__Fall_left__c62bf683__w000096_000143,Subject.8/Fall left,Subject.8__Fall_left__c62bf683,1,96,143,23.0,48,1.0,0.931186854839325,0.8377864360809326,0.89313143491745,0.8484848484848485,0.8484848484848485,0.0,0.0,0,0.02676379308104515,0.05668184477835892,False
train,train\Subject.8__Fall_left__c62bf683__w000108_000155.npz,Subject.8__Fall_left__c62bf683__w000108_000155,Subject.8/Fall left,Subject.8__Fall_left__c62bf683,1,108,155,23.0,48,1.0,0.8945707082748413,0.7934296131134033,0.8785143494606018,0.8484848484848485,0.8484848484848485,0.0,0.0,0,0.03405886888504028,0.07131071090698225,False
train,train\Subject.8__Fall_left__c62bf683__w000120_000167.npz,Subject.8__Fall_left__c62bf683__w000120_000167,Subject.8/Fall left,Subject.8__Fall_left__c62bf683,1,120,167,23.0,48,1.0,0.8674242496490479,0.7762048244476318,0.8858692049980164,0.8484848484848485,0.8484848484848485,0.0,0.0,0,0.033746376633644104,0.06671265587210655,False
train,train\Subject.8__Fall_left__c62bf683__w000132_000179.npz,Subject.8__Fall_left__c62bf683__w000132_000179,Subject.8/Fall left,Subject.8__Fall_left__c62bf683,1,132,179,23.0,48,1.0,0.8693181872367859,0.7858350276947021,0.8970381617546082,0.8484848484848485,0.8484848484848485,0.0,0.0,0,0.03176167979836464,0.0671218980103731,False
train,train\Subject.8__Fall_left__c62bf683__w000144_000191.npz,Subject.8__Fall_left__c62bf683__w000144_000191,Subject.8/Fall left,Subject.8__Fall_left__c62bf683,1,144,191,23.0,48,1.0,0.8560606241226196,0.7810003161430359,0.9061552882194519,0.8484848484848485,0.8484848484848485,0.0,0.0,0,0.028127137571573257,0.061489050649106494,False
train,train\Subject.8__Fall_right__63c3af17__w000000_000047.npz,Subject.8__Fall_right__63c3af17__w000000_000047,Subject.8/Fall right,Subject.8__Fall_right__63c3af17,0,0,47,23.0,0,0.0,0.9457070827484131,0.8345282673835754,0.8802587389945984,0.7575757575757576,0.8484848484848485,0.0,0.0,0,0.07200144976377487,0.19297055378556244,False
train,train\Subject.8__Fall_right__63c3af17__w000012_000059.npz,Subject.8__Fall_right__63c3af17__w000012_000059,Subject.8/Fall right,Subject.8__Fall_right__63c3af17,1,12,59,23.0,1,0.02083333395421505,0.876893937587738,0.7533413171768188,0.8541997075080872,0.48484848484848486,0.7121212121212122,0.0,0.08333333333333333,0,0.1296006739139557,0.4570185080170617,False
train,train\Subject.8__Fall_right__63c3af17__w000024_000071.npz,Subject.8__Fall_right__63c3af17__w000024_000071,Subject.8/Fall right,Subject.8__Fall_right__63c3af17,1,24,71,23.0,13,0.2708333432674408,0.8459596037864685,0.7344670295715332,0.8624662160873413,0.48484848484848486,0.7121212121212122,0.0,0.08333333333333333,0,0.13565124571323395,0.5213331475853897,False
train,train\Subject.8__Fall_right__63c3af17__w000036_000083.npz,Subject.8__Fall_right__63c3af17__w000036_000083,Subject.8/Fall right,Subject.8__Fall_right__63c3af17,1,36,83,23.0,25,0.5208333134651184,0.7992424368858337,0.6506878137588501,0.8090495467185974,0.0,0.48484848484848486,0.08333333333333333,0.16666666666666666,4,0.18160484731197357,0.8252285867929458,True
train,train\Subject.8__Fall_right__63c3af17__w000048_000095.npz,Subject.8__Fall_right__63c3af17__w000048_000095,Subject.8/Fall right,Subject.8__Fall_right__63c3af17,1,48,95,23.0,37,0.7708333134651184,0.6357323527336121,0.4660288989543915,0.7271778583526611,0.0,0.0,0.25,0.3333333333333333,12,0.18187865614891052,1.1733355700969692,True
train,train\Subject.8__Fall_right__63c3af17__w000060_000107.npz,Subject.8__Fall_right__63c3af17__w000060_000107,Subject.8/Fall right,Subject.8__Fall_right__63c3af17,1,60,107,23.0,48,1.0,0.6912878751754761,0.4927799701690674,0.7089447975158691,0.0,0.0,0.25,0.25,12,0.13165734708309174,0.5849657118320455,True
train,train\Subject.8__Fall_right__63c3af17__w000072_000119.npz,Subject.8__Fall_right__63c3af17__w000072_000119,Subject.8/Fall right,Subject.8__Fall_right__63c3af17,1,72,119,23.0,48,1.0,0.7234848737716675,0.46986088156700134,0.6467570066452026,0.0,0.0,0.25,0.25,12,0.11966712772846222,0.5368949830532073,True
train,train\Subject.8__Fall_right__63c3af17__w000084_000131.npz,Subject.8__Fall_right__63c3af17__w000084_000131,Subject.8/Fall right,Subject.8__Fall_right__63c3af17,1,84,131,23.0,48,1.0,0.808080792427063,0.4895854890346527,0.6035822629928589,0.0,0.0,0.16666666666666666,0.16666666666666666,8,0.07070379704236984,0.18380932286381677,True
train,train\Subject.8__Fall_right__63c3af17__w000096_000143.npz,Subject.8__Fall_right__63c3af17__w000096_000143,Subject.8/Fall right,Subject.8__Fall_right__63c3af17,1,96,143,23.0,48,1.0,0.9829545617103577,0.6573413610458374,0.6670854687690735,0.8181818181818182,0.9515151515151515,0.0,0.0,0,0.03650670498609543,0.12161668092012402,False
train,train\Subject.8__Fall_right__63c3af17__w000108_000155.npz,Subject.8__Fall_right__63c3af17__w000108_000155,Subject.8/Fall right,Subject.8__Fall_right__63c3af17,1,108,155,23.0,48,1.0,0.9728535413742065,0.6830137372016907,0.7001664638519287,0.8484848484848485,0.8484848484848485,0.0,0.0,0,0.04305369406938553,0.10832660682499408,False
train,train\Subject.8__Fall_right__63c3af17__w000120_000167.npz,Subject.8__Fall_right__63c3af17__w000120_000167,Subject.8/Fall right,Subject.8__Fall_right__63c3af17,1,120,167,23.0,48,1.0,0.9734848737716675,0.7185245156288147,0.7364135384559631,0.8484848484848485,0.8484848484848485,0.0,0.0,0,0.04402124136686325,0.11626370400190349,False
train,train\Subject.8__Fall_right__63c3af17__w000132_000179.npz,Subject.8__Fall_right__63c3af17__w000132_000179,Subject.8/Fall right,Subject.8__Fall_right__63c3af17,1,132,179,23.0,48,1.0,0.9640151262283325,0.7817943692207336,0.8084356784820557,0.8484848484848485,0.8484848484848485,0.0,0.0,0,0.0467490628361702,0.10936648733913887,False
train,train\Subject.8__Fall_right__63c3af17__w000144_000191.npz,Subject.8__Fall_right__63c3af17__w000144_000191,Subject.8/Fall right,Subject.8__Fall_right__63c3af17,1,144,191,23.0,48,1.0,0.9545454382896423,0.752199113368988,0.7850655317306519,0.8484848484848485,0.8484848484848485,0.0,0.0,0,0.04830539599061012,0.11117616780102235,False
train,train\Subject.8__Fall_right__63c3af17__w000156_000203.npz,Subject.8__Fall_right__63c3af17__w000156_000203,Subject.8/Fall right,Subject.8__Fall_right__63c3af17,1,156,203,23.0,48,1.0,0.9602272510528564,0.6550076603889465,0.6802304983139038,0.8484848484848485,0.9090909090909091,0.0,0.0,0,0.05224917456507683,0.1501196168363094,False
train,train\Subject.8__Fall_right__63c3af17__w000168_000215.npz,Subject.8__Fall_right__63c3af17__w000168_000215,Subject.8/Fall right,Subject.8__Fall_right__63c3af17,1,168,215,23.0,48,1.0,0.9633838534355164,0.6050758361816406,0.6263960599899292,0.8787878787878788,0.9303030303030303,0.0,0.0,0,0.06590285152196884,0.25359886139631266,False
train,train\Subject.8__Fall_right__63c3af17__w000180_000227.npz,Subject.8__Fall_right__63c3af17__w000180_000227,Subject.8/Fall right,Subject.8__Fall_right__63c3af17,1,180,227,23.0,48,1.0,0.9577020406723022,0.5599812865257263,0.5828638672828674,0.8787878787878788,0.8787878787878788,0.0,0.0,0,0.07163282483816147,0.25650634914636605,False
train,train\Subject.8__Fall_sitting__e041c92a__w000000_000047.npz,Subject.8__Fall_sitting__e041c92a__w000000_000047,Subject.8/Fall sitting,Subject.8__Fall_sitting__e041c92a,0,0,47,23.0,0,0.0,0.9804292917251587,0.7738630771636963,0.7877023816108704,0.8787878787878788,0.8787878787878788,0.0,0.0,0,0.049517203122377396,0.15845814570784564,False
train,train\Subject.8__Fall_sitting__e041c92a__w000012_000059.npz,Subject.8__Fall_sitting__e041c92a__w000012_000059,Subject.8/Fall sitting,Subject.8__Fall_sitting__e041c92a,0,12,59,23.0,0,0.0,0.9690656661987305,0.8065914511680603,0.8298747539520264,0.8787878787878788,0.8787878787878788,0.0,0.0,0,0.05508521944284439,0.161270822584629,False
train,train\Subject.8__Fall_sitting__e041c92a__w000024_000071.npz,Subject.8__Fall_sitting__e041c92a__w000024_000071,Subject.8/Fall sitting,Subject.8__Fall_sitting__e041c92a,0,24,71,23.0,0,0.0,0.9690656661987305,0.824590265750885,0.8484482169151306,0.8787878787878788,0.8787878787878788,0.0,0.0,0,0.06473422050476074,0.21165568307042104,False
train,train\Subject.8__Fall_sitting__e041c92a__w000036_000083.npz,Subject.8__Fall_sitting__e041c92a__w000036_000083,Subject.8/Fall sitting,Subject.8__Fall_sitting__e041c92a,1,36,83,23.0,4,0.0833333358168602,0.9375,0.7840802669525146,0.8322710990905762,0.8484848484848485,0.8484848484848485,0.0,0.0,0,0.07887633889913559,0.2466607086360453,False
train,train\Subject.8__Fall_sitting__e041c92a__w000048_000095.npz,Subject.8__Fall_sitting__e041c92a__w000048_000095,Subject.8/Fall sitting,Subject.8__Fall_sitting__e041c92a,1,48,95,23.0,16,0.3333333432674408,0.9450757503509521,0.7781258821487427,0.819934070110321,0.8484848484848485,0.8484848484848485,0.0,0.0,0,0.08525362610816956,0.2534921318292617,False
train,train\Subject.8__Fall_sitting__e041c92a__w000060_000107.npz,Subject.8__Fall_sitting__e041c92a__w000060_000107,Subject.8/Fall sitting,Subject.8__Fall_sitting__e041c92a,1,60,107,23.0,28,0.5833333134651184,0.9337121248245239,0.7785086631774902,0.8293182253837585,0.8484848484848485,0.8484848484848485,0.0,0.0,0,0.08631505072116852,0.2571082830429075,False
train,train\Subject.8__Fall_sitting__e041c92a__w000072_000119.npz,Subject.8__Fall_sitting__e041c92a__w000072_000119,Subject.8/Fall sitting,Subject.8__Fall_sitting__e041c92a,1,72,119,23.0,40,0.8333333134651184,0.9273989796638489,0.7581442594528198,0.8121981620788574,0.8484848484848485,0.8484848484848485,0.0,0.0,0,0.06502530723810196,0.17735269144177418,False
train,train\Subject.8__Fall_sitting__e041c92a__w000084_000131.npz,Subject.8__Fall_sitting__e041c92a__w000084_000131,Subject.8/Fall sitting,Subject.8__Fall_sitting__e041c92a,1,84,131,23.0,48,1.0,0.9381313323974609,0.7611148953437805,0.8048516511917114,0.8484848484848485,0.8484848484848485,0.0,0.0,0,0.05262833833694458,0.14114701151847833,False
train,train\Subject.8__Fall_sitting__e041c92a__w000096_000143.npz,Subject.8__Fall_sitting__e041c92a__w000096_000143,Subject.8/Fall sitting,Subject.8__Fall_sitting__e041c92a,1,96,143,23.0,48,1.0,0.9204545617103577,0.7339029312133789,0.7901110649108887,0.8484848484848485,0.8484848484848485,0.0,0.0,0,0.05031095817685127,0.10602115951478473,False
train,train\Subject.8__Fall_sitting__e041c92a__w000108_000155.npz,Subject.8__Fall_sitting__e041c92a__w000108_000155,Subject.8/Fall sitting,Subject.8__Fall_sitting__e041c92a,1,108,155,23.0,48,1.0,0.9128788113594055,0.7048923969268799,0.765007495880127,0.8484848484848485,0.8696969696969697,0.0,0.0,0,0.04211299493908882,0.08296789862215509,False
train,train\Subject.8__Fall_sitting__e041c92a__w000120_000167.npz,Subject.8__Fall_sitting__e041c92a__w000120_000167,Subject.8/Fall sitting,Subject.8__Fall_sitting__e041c92a,1,120,167,23.0,48,1.0,0.8838383555412292,0.6841844320297241,0.7655184268951416,0.8484848484848485,0.8484848484848485,0.0,0.0,0,0.03932184353470802,0.07870769351720804,False
train,train\Subject.8__Fall_sitting__e041c92a__w000132_000179.npz,Subject.8__Fall_sitting__e041c92a__w000132_000179,Subject.8/Fall sitting,Subject.8__Fall_sitting__e041c92a,1,132,179,23.0,48,1.0,0.8446969985961914,0.6709838509559631,0.7867431640625,0.696969696969697,0.7272727272727273,0.0,0.0,0,0.03404879942536354,0.0462955119088292,False
train,train\Subject.8__Fall_sitting__e041c92a__w000144_000191.npz,Subject.8__Fall_sitting__e041c92a__w000144_000191,Subject.8/Fall sitting,Subject.8__Fall_sitting__e041c92a,1,144,191,23.0,48,1.0,0.7986111044883728,0.6474224925041199,0.8035194873809814,0.696969696969697,0.696969696969697,0.0,0.0,0,0.019005991518497467,0.038013894483447074,False
train,train\Subject.8__Fall_sitting__e041c92a__w000156_000203.npz,Subject.8__Fall_sitting__e041c92a__w000156_000203,Subject.8/Fall sitting,Subject.8__Fall_sitting__e041c92a,1,156,203,23.0,48,1.0,0.7531565427780151,0.6303616762161255,0.8302320241928101,0.696969696969697,0.696969696969697,0.0,0.0,0,0.019505567848682404,0.03773882538080212,False
train,train\Subject.8__Fall_sitting__e041c92a__w000168_000215.npz,Subject.8__Fall_sitting__e041c92a__w000168_000215,Subject.8/Fall sitting,Subject.8__Fall_sitting__e041c92a,1,168,215,23.0,48,1.0,0.7178030014038086,0.617848813533783,0.85481858253479,0.696969696969697,0.696969696969697,0.0,0.0,0,0.01821180060505867,0.02960731750354169,False
train,train\Subject.8__Fall_sitting__e041c92a__w000180_000227.npz,Subject.8__Fall_sitting__e041c92a__w000180_000227,Subject.8/Fall sitting,Subject.8__Fall_sitting__e041c92a,1,180,227,23.0,48,1.0,0.7215909361839294,0.637370228767395,0.8773230910301208,0.696969696969697,0.696969696969697,0.0,0.0,0,0.017209267243742943,0.03380941990762946,False
train,train\Subject.8__Hop__9c3cc943__w000000_000047.npz,Subject.8__Hop__9c3cc943__w000000_000047,Subject.8/Hop,Subject.8__Hop__9c3cc943,0,0,47,23.0,0,0.0,1.0,0.9556629061698914,0.9556629061698914,1.0,1.0,0.0,0.0,0,0.036010533571243286,0.09645873159170149,False
train,train\Subject.8__Hop__9c3cc943__w000012_000059.npz,Subject.8__Hop__9c3cc943__w000012_000059,Subject.8/Hop,Subject.8__Hop__9c3cc943,0,12,59,23.0,0,0.0,0.9905303120613098,0.9249245524406433,0.933201014995575,0.9090909090909091,0.9606060606060607,0.0,0.0,0,0.04951680451631546,0.1126356527209282,False
train,train\Subject.8__Hop__9c3cc943__w000024_000071.npz,Subject.8__Hop__9c3cc943__w000024_000071,Subject.8/Hop,Subject.8__Hop__9c3cc943,0,24,71,23.0,0,0.0,0.9406565427780151,0.852702260017395,0.9039065837860107,0.7272727272727273,0.7696969696969697,0.0,0.0,0,0.05668123811483383,0.1295824214816091,False
train,train\Subject.8__Hop__9c3cc943__w000036_000083.npz,Subject.8__Hop__9c3cc943__w000036_000083,Subject.8/Hop,Subject.8__Hop__9c3cc943,0,36,83,23.0,0,0.0,0.8604797720909119,0.7656073570251465,0.88288414478302,0.6363636363636364,0.6666666666666666,0.0,0.0,0,0.05982761085033417,0.14571011140942552,False
train,train\Subject.8__Hop__9c3cc943__w000048_000095.npz,Subject.8__Hop__9c3cc943__w000048_000095,Subject.8/Hop,Subject.8__Hop__9c3cc943,0,48,95,23.0,0,0.0,0.7998737096786499,0.6949108242988586,0.8601613640785217,0.6363636363636364,0.6666666666666666,0.0,0.0,0,0.04779079183936119,0.1128873374313116,False
train,train\Subject.8__Hop__9c3cc943__w000060_000107.npz,Subject.8__Hop__9c3cc943__w000060_000107,Subject.8/Hop,Subject.8__Hop__9c3cc943,0,60,107,23.0,0,0.0,0.7739899158477783,0.6702325940132141,0.8556925654411316,0.6363636363636364,0.6666666666666666,0.0,0.0,0,0.04199070483446121,0.10100696384906756,False
train,train\Subject.8__Hop__9c3cc943__w000072_000119.npz,Subject.8__Hop__9c3cc943__w000072_000119,Subject.8/Hop,Subject.8__Hop__9c3cc943,0,72,119,23.0,0,0.0,0.8011363744735718,0.6824812293052673,0.8412570357322693,0.6363636363636364,0.6666666666666666,0.0,0.0,0,0.04103149101138115,0.09463307596743106,False
train,train\Subject.8__Hop__9c3cc943__w000084_000131.npz,Subject.8__Hop__9c3cc943__w000084_000131,Subject.8/Hop,Subject.8__Hop__9c3cc943,0,84,131,23.0,0,0.0,0.8737373948097229,0.7458626627922058,0.8471838235855103,0.7272727272727273,0.7575757575757576,0.0,0.0,0,0.0398331880569458,0.09378323443233963,False
train,train\Subject.8__Hop__9c3cc943__w000096_000143.npz,Subject.8__Hop__9c3cc943__w000096_000143,Subject.8/Hop,Subject.8__Hop__9c3cc943,0,96,143,23.0,0,0.0,0.9343434572219849,0.8058755993843079,0.8575177192687988,0.7272727272727273,0.8303030303030303,0.0,0.0,0,0.04441167041659355,0.10343069955706595,False
train,train\Subject.8__Hop__9c3cc943__w000108_000155.npz,Subject.8__Hop__9c3cc943__w000108_000155,Subject.8/Hop,Subject.8__Hop__9c3cc943,0,108,155,23.0,0,0.0,0.9602272510528564,0.8282654285430908,0.8588327765464783,0.8787878787878788,0.8787878787878788,0.0,0.0,0,0.04990749806165695,0.11938842087984083,False
train,train\Subject.8__Kneel__a41e77bf__w000000_000047.npz,Subject.8__Kneel__a41e77bf__w000000_000047,Subject.8/Kneel,Subject.8__Kneel__a41e77bf,0,0,47,23.0,0,0.0,0.9905303120613098,0.8703540563583374,0.8785662651062012,0.8484848484848485,1.0,0.0,0.0,0,0.09092119336128235,0.4115103796124456,False
train,train\Subject.8__Kneel__a41e77bf__w000012_000059.npz,Subject.8__Kneel__a41e77bf__w000012_000059,Subject.8/Kneel,Subject.8__Kneel__a41e77bf,0,12,59,23.0,0,0.0,0.9116161465644836,0.740332841873169,0.8088249564170837,0.45454545454545453,0.6545454545454547,0.0,0.10416666666666667,0,0.17819751799106598,0.7505323827266688,False
train,train\Subject.8__Kneel__a41e77bf__w000024_000071.npz,Subject.8__Kneel__a41e77bf__w000024_000071,Subject.8/Kneel,Subject.8__Kneel__a41e77bf,0,24,71,23.0,0,0.0,0.8661616444587708,0.6630441546440125,0.760801374912262,0.45454545454545453,0.6545454545454547,0.0,0.10416666666666667,0,0.21586212515830994,0.857733079791066,False
train,train\Subject.8__Kneel__a41e77bf__w000036_000083.npz,Subject.8__Kneel__a41e77bf__w000036_000083,Subject.8/Kneel,Subject.8__Kneel__a41e77bf,0,36,83,23.0,0,0.0,0.8383838534355164,0.5709150433540344,0.6753039360046387,0.45454545454545453,0.6545454545454547,0.0,0.10416666666666667,0,0.28809070587158203,0.9363440454006193,False
train,train\Subject.8__Kneel__a41e77bf__w000048_000095.npz,Subject.8__Kneel__a41e77bf__w000048_000095,Subject.8/Kneel,Subject.8__Kneel__a41e77bf,0,48,95,23.0,0,0.0,0.808080792427063,0.5397836565971375,0.6609148979187012,0.45454545454545453,0.6545454545454547,0.0,0.10416666666666667,0,0.2443874627351761,0.6943649560213088,False
train,train\Subject.8__Kneel__a41e77bf__w000060_000107.npz,Subject.8__Kneel__a41e77bf__w000060_000107,Subject.8/Kneel,Subject.8__Kneel__a41e77bf,0,60,107,23.0,0,0.0,0.8364899158477783,0.5901930332183838,0.6999046206474304,0.7878787878787878,0.7878787878787878,0.0,0.0,0,0.16440455615520477,0.6167274415493009,False
train,train\Subject.8__Kneel__a41e77bf__w000072_000119.npz,Subject.8__Kneel__a41e77bf__w000072_000119,Subject.8/Kneel,Subject.8__Kneel__a41e77bf,0,72,119,23.0,0,0.0,0.8011363744735718,0.5365759134292603,0.6623291969299316,0.42424242424242425,0.6787878787878788,0.0,0.10416666666666667,0,0.1727655529975891,0.682348895072937,False
train,train\Subject.8__Kneel__a41e77bf__w000084_000131.npz,Subject.8__Kneel__a41e77bf__w000084_000131,Subject.8/Kneel,Subject.8__Kneel__a41e77bf,0,84,131,23.0,0,0.0,0.7834596037864685,0.5023520588874817,0.6341236233711243,0.42424242424242425,0.6787878787878788,0.0,0.10416666666666667,0,0.09849322587251663,0.3914570450782773,False
train,train\Subject.8__Kneel__a41e77bf__w000096_000143.npz,Subject.8__Kneel__a41e77bf__w000096_000143,Subject.8/Kneel,Subject.8__Kneel__a41e77bf,0,96,143,23.0,0,0.0,0.7777777910232544,0.5856901407241821,0.7465512156486511,0.42424242424242425,0.6787878787878788,0.0,0.10416666666666667,0,0.08610557019710541,0.3650716915726661,False
train,train\Subject.8__Kneel__a41e77bf__w000108_000155.npz,Subject.8__Kneel__a41e77bf__w000108_000155,Subject.8/Kneel,Subject.8__Kneel__a41e77bf,0,108,155,23.0,0,0.0,0.7834596037864685,0.627417266368866,0.7958204746246338,0.42424242424242425,0.7000000000000001,0.0,0.10416666666666667,0,0.0753278061747551,0.2601932927966117,False
train,train\Subject.8__Kneel__a41e77bf__w000120_000167.npz,Subject.8__Kneel__a41e77bf__w000120_000167,Subject.8/Kneel,Subject.8__Kneel__a41e77bf,0,120,167,23.0,0,0.0,0.7847222089767456,0.6510617136955261,0.8265044093132019,0.0,0.8181818181818182,0.041666666666666664,0.041666666666666664,2,0.03856280818581581,0.12930905818939206,True
train,train\Subject.8__Kneel__a41e77bf__w000132_000179.npz,Subject.8__Kneel__a41e77bf__w000132_000179,Subject.8/Kneel,Subject.8__Kneel__a41e77bf,0,132,179,23.0,0,0.0,0.6521464586257935,0.5760920643806458,0.8791751265525818,0.0,0.0,0.14583333333333334,0.25,7,0.07893109321594238,0.4362934336066204,True
train,train\Subject.8__Kneel__a41e77bf__w000144_000191.npz,Subject.8__Kneel__a41e77bf__w000144_000191,Subject.8/Kneel,Subject.8__Kneel__a41e77bf,0,144,191,23.0,0,0.0,0.6496211886405945,0.5185950398445129,0.7946783304214478,0.0,0.0,0.14583333333333334,0.25,7,0.08524812757968903,0.4797797575592956,True
train,train\Subject.8__Kneel__a41e77bf__w000156_000203.npz,Subject.8__Kneel__a41e77bf__w000156_000203,Subject.8/Kneel,Subject.8__Kneel__a41e77bf,0,156,203,23.0,0,0.0,0.6489899158477783,0.5182267427444458,0.7956634163856506,0.0,0.0,0.14583333333333334,0.25,7,0.08209367841482162,0.4362934336066204,True
train,train\Subject.8__Kneel__a41e77bf__w000168_000215.npz,Subject.8__Kneel__a41e77bf__w000168_000215,Subject.8/Kneel,Subject.8__Kneel__a41e77bf,0,168,215,23.0,0,0.0,0.693813145160675,0.5581739544868469,0.8023310899734497,0.0,0.2757575757575758,0.10416666666666667,0.20833333333333334,5,0.095160573720932,0.5885145843029016,True
train,train\Subject.8__Kneel__a41e77bf__w000180_000227.npz,Subject.8__Kneel__a41e77bf__w000180_000227,Subject.8/Kneel,Subject.8__Kneel__a41e77bf,0,180,227,23.0,0,0.0,0.6477272510528564,0.5432674884796143,0.8350767493247986,0.0,0.0,0.20833333333333334,0.20833333333333334,10,0.10098424553871155,0.6420495808124532,True
train,train\Subject.8__Kneel__a41e77bf__w000192_000239.npz,Subject.8__Kneel__a41e77bf__w000192_000239,Subject.8/Kneel,Subject.8__Kneel__a41e77bf,0,192,239,23.0,0,0.0,0.6635100841522217,0.5260317921638489,0.7884289026260376,0.0,0.0,0.20833333333333334,0.20833333333333334,10,0.17269475758075714,0.8869810074567772,True
train,train\Subject.8__Kneel__a41e77bf__w000204_000251.npz,Subject.8__Kneel__a41e77bf__w000204_000251,Subject.8/Kneel,Subject.8__Kneel__a41e77bf,0,204,251,23.0,0,0.0,0.7007575631141663,0.5337985157966614,0.7566466927528381,0.0,0.0,0.20833333333333334,0.20833333333333334,10,0.1943831443786621,0.9013953715562818,True
train,train\Subject.8__Pick_up_object__c7cf223d__w000000_000047.npz,Subject.8__Pick_up_object__c7cf223d__w000000_000047,Subject.8/Pick up object,Subject.8__Pick_up_object__c7cf223d,0,0,47,23.0,0,0.0,0.9766414165496826,0.8854364156723022,0.904339075088501,0.8787878787878788,0.8787878787878788,0.0,0.0,0,0.04240716993808746,0.17622644230723364,False
train,train\Subject.8__Pick_up_object__c7cf223d__w000012_000059.npz,Subject.8__Pick_up_object__c7cf223d__w000012_000059,Subject.8/Pick up object,Subject.8__Pick_up_object__c7cf223d,0,12,59,23.0,0,0.0,0.9179292917251587,0.7717919945716858,0.8365879654884338,0.5454545454545454,0.7272727272727273,0.0,0.0,0,0.08031398802995682,0.2878522977232932,False
train,train\Subject.8__Pick_up_object__c7cf223d__w000024_000071.npz,Subject.8__Pick_up_object__c7cf223d__w000024_000071,Subject.8/Pick up object,Subject.8__Pick_up_object__c7cf223d,0,24,71,23.0,0,0.0,0.810606062412262,0.6443797945976257,0.7882633209228516,0.45454545454545453,0.5363636363636364,0.0,0.0625,0,0.08411771804094315,0.28995040953159323,False
train,train\Subject.8__Pick_up_object__c7cf223d__w000036_000083.npz,Subject.8__Pick_up_object__c7cf223d__w000036_000083,Subject.8/Pick up object,Subject.8__Pick_up_object__c7cf223d,0,36,83,23.0,0,0.0,0.6862373948097229,0.5227007865905762,0.7488658428192139,0.45454545454545453,0.45454545454545453,0.0,0.22916666666666666,0,0.09468704462051392,0.31016718745231614,False
train,train\Subject.8__Pick_up_object__c7cf223d__w000048_000095.npz,Subject.8__Pick_up_object__c7cf223d__w000048_000095,Subject.8/Pick up object,Subject.8__Pick_up_object__c7cf223d,0,48,95,23.0,0,0.0,0.5587121248245239,0.4186113774776459,0.7291021347045898,0.45454545454545453,0.45454545454545453,0.0,0.4375,0,0.07744856923818588,0.3182704657316206,False
train,train\Subject.8__Pick_up_object__c7cf223d__w000060_000107.npz,Subject.8__Pick_up_object__c7cf223d__w000060_000107,Subject.8/Pick up object,Subject.8__Pick_up_object__c7cf223d,0,60,107,23.0,0,0.0,0.49116161465644836,0.4190824031829834,0.8301197290420532,0.45454545454545453,0.45454545454545453,0.0,0.6875,0,0.034570854157209396,0.04314817637205123,True
train,train\Subject.8__Pick_up_object__c7cf223d__w000072_000119.npz,Subject.8__Pick_up_object__c7cf223d__w000072_000119,Subject.8/Pick up object,Subject.8__Pick_up_object__c7cf223d,0,72,119,23.0,0,0.0,0.4886363744735718,0.42336973547935486,0.8459998369216919,0.45454545454545453,0.45454545454545453,0.0,0.7708333333333334,0,0.041414059698581696,0.045245878770947434,True
train,train\Subject.8__Pick_up_object__c7cf223d__w000084_000131.npz,Subject.8__Pick_up_object__c7cf223d__w000084_000131,Subject.8/Pick up object,Subject.8__Pick_up_object__c7cf223d,0,84,131,23.0,0,0.0,0.4816919267177582,0.3700786232948303,0.7512852549552917,0.45454545454545453,0.45454545454545453,0.0,0.7916666666666666,0,0.041587118059396744,0.05798689182847737,True
train,train\Subject.8__Pick_up_object__c7cf223d__w000096_000143.npz,Subject.8__Pick_up_object__c7cf223d__w000096_000143,Subject.8/Pick up object,Subject.8__Pick_up_object__c7cf223d,0,96,143,23.0,0,0.0,0.49368685483932495,0.370470255613327,0.7292507290840149,0.45454545454545453,0.45454545454545453,0.0,0.625,0,0.04771117866039276,0.07008280456066127,True
train,train\Subject.8__Pick_up_object__c7cf223d__w000108_000155.npz,Subject.8__Pick_up_object__c7cf223d__w000108_000155,Subject.8/Pick up object,Subject.8__Pick_up_object__c7cf223d,0,108,155,23.0,0,0.0,0.5031565427780151,0.3629806637763977,0.698736310005188,0.45454545454545453,0.45454545454545453,0.0,0.5833333333333334,0,0.06545547395944595,0.09041566103696812,False
train,train\Subject.8__Pick_up_object__c7cf223d__w000120_000167.npz,Subject.8__Pick_up_object__c7cf223d__w000120_000167,Subject.8/Pick up object,Subject.8__Pick_up_object__c7cf223d,0,120,167,23.0,0,0.0,0.5498737096786499,0.4002341330051422,0.7006298899650574,0.45454545454545453,0.45454545454545453,0.0,0.4375,0,0.07226955890655518,0.13179961517453045,False
train,train\Subject.8__Pick_up_object__c7cf223d__w000132_000179.npz,Subject.8__Pick_up_object__c7cf223d__w000132_000179,Subject.8/Pick up object,Subject.8__Pick_up_object__c7cf223d,0,132,179,23.0,0,0.0,0.6369949579238892,0.48112988471984863,0.7299141883850098,0.45454545454545453,0.45454545454545453,0.0,0.25,0,0.09435557574033737,0.3258651927113532,False
train,train\Subject.8__Pick_up_object__c7cf223d__w000144_000191.npz,Subject.8__Pick_up_object__c7cf223d__w000144_000191,Subject.8/Pick up object,Subject.8__Pick_up_object__c7cf223d,0,144,191,23.0,0,0.0,0.6174242496490479,0.4534508287906647,0.7088102698326111,0.45454545454545453,0.45454545454545453,0.0,0.4375,0,0.10235486179590225,0.3358211681246757,False
train,train\Subject.8__Pick_up_object__c7cf223d__w000156_000203.npz,Subject.8__Pick_up_object__c7cf223d__w000156_000203,Subject.8/Pick up object,Subject.8__Pick_up_object__c7cf223d,0,156,203,23.0,0,0.0,0.625,0.45405417680740356,0.701072096824646,0.45454545454545453,0.45454545454545453,0.0,0.2916666666666667,0,0.09382957965135574,0.3190790265798568,False
train,train\Subject.8__Pick_up_object__c7cf223d__w000168_000215.npz,Subject.8__Pick_up_object__c7cf223d__w000168_000215,Subject.8/Pick up object,Subject.8__Pick_up_object__c7cf223d,0,168,215,23.0,0,0.0,0.6047979593276978,0.4328848421573639,0.6950223445892334,0.45454545454545453,0.45454545454545453,0.0,0.2916666666666667,0,0.08074294030666351,0.3081614315509796,False
train,train\Subject.8__Pick_up_object__c7cf223d__w000180_000227.npz,Subject.8__Pick_up_object__c7cf223d__w000180_000227,Subject.8/Pick up object,Subject.8__Pick_up_object__c7cf223d,0,180,227,23.0,0,0.0,0.564393937587738,0.42537742853164673,0.7329175472259521,0.45454545454545453,0.45454545454545453,0.0,0.2916666666666667,0,0.07013096660375595,0.20787031129002542,False
train,train\Subject.8__Pick_up_object__c7cf223d__w000192_000239.npz,Subject.8__Pick_up_object__c7cf223d__w000192_000239,Subject.8/Pick up object,Subject.8__Pick_up_object__c7cf223d,0,192,239,23.0,0,0.0,0.6136363744735718,0.4841199815273285,0.7707903981208801,0.45454545454545453,0.5454545454545454,0.0,0.0625,0,0.09743427485227585,0.2696584001183506,False
train,train\Subject.8__Pick_up_object__c7cf223d__w000204_000251.npz,Subject.8__Pick_up_object__c7cf223d__w000204_000251,Subject.8/Pick up object,Subject.8__Pick_up_object__c7cf223d,0,204,251,23.0,0,0.0,0.7304292917251587,0.584189772605896,0.7891650795936584,0.5454545454545454,0.5454545454545454,0.0,0.0,0,0.11595999449491501,0.27374000102281565,False
train,train\Subject.8__Pick_up_object__c7cf223d__w000216_000263.npz,Subject.8__Pick_up_object__c7cf223d__w000216_000263,Subject.8/Pick up object,Subject.8__Pick_up_object__c7cf223d,0,216,263,23.0,0,0.0,0.8232323527336121,0.6945863962173462,0.8358632922172546,0.5454545454545454,0.5454545454545454,0.0,0.0,0,0.10357263684272766,0.2645051807165146,False
train,train\Subject.8__Sit_down__e9ca6012__w000000_000047.npz,Subject.8__Sit_down__e9ca6012__w000000_000047,Subject.8/Sit down,Subject.8__Sit_down__e9ca6012,0,0,47,23.0,0,0.0,0.9267676472663879,0.7821530699729919,0.8387008905410767,0.7272727272727273,0.8181818181818182,0.0,0.0,0,0.047712914645671844,0.10808817856013773,False
train,train\Subject.8__Sit_down__e9ca6012__w000012_000059.npz,Subject.8__Sit_down__e9ca6012__w000012_000059,Subject.8/Sit down,Subject.8__Sit_down__e9ca6012,0,12,59,23.0,0,0.0,0.8819444179534912,0.7378464341163635,0.8304417133331299,0.7272727272727273,0.7575757575757576,0.0,0.0,0,0.0509553961455822,0.1121986344456671,False
train,train\Subject.8__Sit_down__e9ca6012__w000024_000071.npz,Subject.8__Sit_down__e9ca6012__w000024_000071,Subject.8/Sit down,Subject.8__Sit_down__e9ca6012,0,24,71,23.0,0,0.0,0.8421717286109924,0.7075400948524475,0.8326615691184998,0.7272727272727273,0.7575757575757576,0.0,0.0,0,0.05300851911306381,0.11305756755173206,False
train,train\Subject.8__Sit_down__e9ca6012__w000036_000083.npz,Subject.8__Sit_down__e9ca6012__w000036_000083,Subject.8/Sit down,Subject.8__Sit_down__e9ca6012,0,36,83,23.0,0,0.0,0.8125,0.6764118671417236,0.8238450288772583,0.7272727272727273,0.7575757575757576,0.0,0.0,0,0.05317433550953865,0.11266936995089054,False
train,train\Subject.8__Sit_down__e9ca6012__w000048_000095.npz,Subject.8__Sit_down__e9ca6012__w000048_000095,Subject.8/Sit down,Subject.8__Sit_down__e9ca6012,0,48,95,23.0,0,0.0,0.8390151262283325,0.6927810907363892,0.8180654644966125,0.7272727272727273,0.7575757575757576,0.0,0.0,0,0.04207732528448105,0.08415280021727072,False
train,train\Subject.8__Sit_down__e9ca6012__w000060_000107.npz,Subject.8__Sit_down__e9ca6012__w000060_000107,Subject.8/Sit down,Subject.8__Sit_down__e9ca6012,0,60,107,23.0,0,0.0,0.8667929172515869,0.7333179712295532,0.8375518918037415,0.7272727272727273,0.8181818181818182,0.0,0.0,0,0.03924782574176788,0.07758021242916584,False
train,train\Subject.8__Sit_down__e9ca6012__w000072_000119.npz,Subject.8__Sit_down__e9ca6012__w000072_000119,Subject.8/Sit down,Subject.8__Sit_down__e9ca6012,0,72,119,23.0,0,0.0,0.9021464586257935,0.7673943042755127,0.8430493474006653,0.7272727272727273,0.8181818181818182,0.0,0.0,0,0.038043003529310226,0.09247956201434133,False
train,train\Subject.8__Sit_down__e9ca6012__w000084_000131.npz,Subject.8__Sit_down__e9ca6012__w000084_000131,Subject.8/Sit down,Subject.8__Sit_down__e9ca6012,0,84,131,23.0,0,0.0,0.941919207572937,0.8109921813011169,0.8555622100830078,0.8484848484848485,0.8787878787878788,0.0,0.0,0,0.038121309131383896,0.11687927208840822,False
train,train\Subject.8__Sit_down__e9ca6012__w000096_000143.npz,Subject.8__Sit_down__e9ca6012__w000096_000143,Subject.8/Sit down,Subject.8__Sit_down__e9ca6012,0,96,143,23.0,0,0.0,0.9608585834503174,0.8479537963867188,0.8785539269447327,0.8787878787878788,0.8787878787878788,0.0,0.0,0,0.03314747288823128,0.10786287412047374,False
train,train\Subject.8__Sit_down__e9ca6012__w000108_000155.npz,Subject.8__Sit_down__e9ca6012__w000108_000155,Subject.8/Sit down,Subject.8__Sit_down__e9ca6012,0,108,155,23.0,0,0.0,0.9880050420761108,0.8841757774353027,0.893767774105072,0.9393939393939394,0.9696969696969697,0.0,0.0,0,0.02900685742497444,0.10087605938315386,False
train,train\Subject.8__Sit_down__e9ca6012__w000120_000167.npz,Subject.8__Sit_down__e9ca6012__w000120_000167,Subject.8/Sit down,Subject.8__Sit_down__e9ca6012,0,120,167,23.0,0,0.0,0.9962121248245239,0.910980224609375,0.9142365455627441,0.9696969696969697,0.9696969696969697,0.0,0.0,0,0.022731561213731766,0.05749941188842055,False
train,train\Subject.8__Sit_down__e9ca6012__w000132_000179.npz,Subject.8__Sit_down__e9ca6012__w000132_000179,Subject.8/Sit down,Subject.8__Sit_down__e9ca6012,0,132,179,23.0,0,0.0,0.9911616444587708,0.8710673451423645,0.878119170665741,0.9393939393939394,0.9393939393939394,0.0,0.0,0,0.020430926233530045,0.05454506706446408,False
train,train\Subject.8__Sit_down__e9ca6012__w000144_000191.npz,Subject.8__Sit_down__e9ca6012__w000144_000191,Subject.8/Sit down,Subject.8__Sit_down__e9ca6012,0,144,191,23.0,0,0.0,0.9678030014038086,0.7859556674957275,0.810734212398529,0.8181818181818182,0.8393939393939395,0.0,0.0,0,0.027530869469046593,0.06940729431807995,False
train,train\Subject.8__Sit_down__e9ca6012__w000156_000203.npz,Subject.8__Sit_down__e9ca6012__w000156_000203,Subject.8/Sit down,Subject.8__Sit_down__e9ca6012,0,156,203,23.0,0,0.0,0.935606062412262,0.7364251613616943,0.7829241156578064,0.8181818181818182,0.8393939393939395,0.0,0.0,0,0.03045983798801899,0.07495150603353976,False
train,train\Subject.8__Walk__b83516a5__w000000_000047.npz,Subject.8__Walk__b83516a5__w000000_000047,Subject.8/Walk,Subject.8__Walk__b83516a5,0,0,47,23.0,0,0.0,0.9583333134651184,0.8874735236167908,0.9244723916053772,0.7575757575757576,0.8484848484848485,0.0,0.0,0,0.03694383054971695,0.08186105899512762,False
train,train\Subject.8__Walk__b83516a5__w000012_000059.npz,Subject.8__Walk__b83516a5__w000012_000059,Subject.8/Walk,Subject.8__Walk__b83516a5,0,12,59,23.0,0,0.0,0.9015151262283325,0.8002961874008179,0.8831045031547546,0.6363636363636364,0.696969696969697,0.0,0.0,0,0.0449957475066185,0.09726547226309751,False
train,train\Subject.8__Walk__b83516a5__w000024_000071.npz,Subject.8__Walk__b83516a5__w000024_000071,Subject.8/Walk,Subject.8__Walk__b83516a5,0,24,71,23.0,0,0.0,0.8800504803657532,0.7486065030097961,0.844516932964325,0.6363636363636364,0.696969696969697,0.0,0.0,0,0.045035671442747116,0.11784929186105679,False
train,train\Subject.8__Walk__b83516a5__w000036_000083.npz,Subject.8__Walk__b83516a5__w000036_000083,Subject.8/Walk,Subject.8__Walk__b83516a5,0,36,83,23.0,0,0.0,0.875,0.7269675731658936,0.8242049217224121,0.6363636363636364,0.696969696969697,0.0,0.0,0,0.045625898987054825,0.1367744974792003,False
train,train\Subject.8__Walk__b83516a5__w000048_000095.npz,Subject.8__Walk__b83516a5__w000048_000095,Subject.8/Walk,Subject.8__Walk__b83516a5,0,48,95,23.0,0,0.0,0.8939393758773804,0.7181751132011414,0.7959932684898376,0.6363636363636364,0.696969696969697,0.0,0.0,0,0.04011056572198868,0.11985929682850827,False
train,train\Subject.8__Walk__b83516a5__w000060_000107.npz,Subject.8__Walk__b83516a5__w000060_000107,Subject.8/Walk,Subject.8__Walk__b83516a5,0,60,107,23.0,0,0.0,0.9482323527336121,0.7719411849975586,0.8097940683364868,0.8181818181818182,0.8393939393939395,0.0,0.0,0,0.034804292023181915,0.11846668533980846,False
train,train\Subject.8__Walk__b83516a5__w000072_000119.npz,Subject.8__Walk__b83516a5__w000072_000119,Subject.8/Walk,Subject.8__Walk__b83516a5,0,72,119,23.0,0,0.0,0.9337121248245239,0.7732707858085632,0.8242889642715454,0.8181818181818182,0.8484848484848485,0.0,0.0,0,0.030908122658729553,0.10968496799468994,False
train,train\Subject.8__Walk__b83516a5__w000084_000131.npz,Subject.8__Walk__b83516a5__w000084_000131,Subject.8/Walk,Subject.8__Walk__b83516a5,0,84,131,23.0,0,0.0,0.9172979593276978,0.7688941359519958,0.8330899477005005,0.8181818181818182,0.8484848484848485,0.0,0.0,0,0.02569771744310856,0.088234257698059,False
train,train\Subject.8__Walk__b83516a5__w000096_000143.npz,Subject.8__Walk__b83516a5__w000096_000143,Subject.8/Walk,Subject.8__Walk__b83516a5,0,96,143,23.0,0,0.0,0.9248737096786499,0.7860248684883118,0.8459823727607727,0.8181818181818182,0.8484848484848485,0.0,0.0,0,0.02769041806459427,0.07810522392392151,False
train,train\Subject.8__Walk__b83516a5__w000108_000155.npz,Subject.8__Walk__b83516a5__w000108_000155,Subject.8/Walk,Subject.8__Walk__b83516a5,0,108,155,23.0,0,0.0,0.9229797720909119,0.7847385406494141,0.8459607362747192,0.8181818181818182,0.8484848484848485,0.0,0.0,0,0.02465078979730606,0.053819867223501086,False
train,train\Subject.8__Walk__b83516a5__w000120_000167.npz,Subject.8__Walk__b83516a5__w000120_000167,Subject.8/Walk,Subject.8__Walk__b83516a5,0,120,167,23.0,0,0.0,0.9589646458625793,0.8226346373558044,0.8545460104942322,0.8181818181818182,0.8787878787878788,0.0,0.0,0,0.02721589058637619,0.07104001715779294,False
train,train\Subject.8__Walk__b83516a5__w000132_000179.npz,Subject.8__Walk__b83516a5__w000132_000179,Subject.8/Walk,Subject.8__Walk__b83516a5,0,132,179,23.0,0,0.0,0.9444444179534912,0.7900816798210144,0.8299705982208252,0.7878787878787878,0.7878787878787878,0.0,0.0,0,0.031001538038253784,0.07869196869432925,False
train,train\Subject.8__Walk__b83516a5__w000144_000191.npz,Subject.8__Walk__b83516a5__w000144_000191,Subject.8/Walk,Subject.8__Walk__b83516a5,0,144,191,23.0,0,0.0,0.9577020406723022,0.8259363770484924,0.8570136427879333,0.7878787878787878,0.7878787878787878,0.0,0.0,0,0.02887517213821411,0.07838528566062439,False
train,train\Subject.8__Walk__b83516a5__w000156_000203.npz,Subject.8__Walk__b83516a5__w000156_000203,Subject.8/Walk,Subject.8__Walk__b83516a5,0,156,203,23.0,0,0.0,0.9621211886405945,0.8609440326690674,0.8899228572845459,0.7878787878787878,0.7878787878787878,0.0,0.0,0,0.029850559309124947,0.08180758021771903,False
train,train\Subject.8__Walk__b83516a5__w000168_000215.npz,Subject.8__Walk__b83516a5__w000168_000215,Subject.8/Walk,Subject.8__Walk__b83516a5,0,168,215,23.0,0,0.0,0.9520202279090881,0.8591318130493164,0.8965814113616943,0.7878787878787878,0.7878787878787878,0.0,0.0,0,0.03454287350177765,0.08088937848806371,False
val,val\Subject.9__Fall_backwards__70b1f6b6__w000000_000047.npz,Subject.9__Fall_backwards__70b1f6b6__w000000_000047,Subject.9/Fall backwards,Subject.9__Fall_backwards__70b1f6b6,0,0,47,23.0,0,0.0,0.8560606241226196,0.7426022887229919,0.8597964644432068,0.6363636363636364,0.7787878787878788,0.0,0.0,0,0.09054944664239883,0.3511551871895789,False
val,val\Subject.9__Fall_backwards__70b1f6b6__w000012_000059.npz,Subject.9__Fall_backwards__70b1f6b6__w000012_000059,Subject.9/Fall backwards,Subject.9__Fall_backwards__70b1f6b6,0,12,59,23.0,0,0.0,0.9040403962135315,0.7850275635719299,0.8621041774749756,0.7575757575757576,0.8181818181818182,0.0,0.0,0,0.10890033096075058,0.3629734441637993,False
val,val\Subject.9__Fall_backwards__70b1f6b6__w000024_000071.npz,Subject.9__Fall_backwards__70b1f6b6__w000024_000071,Subject.9/Fall backwards,Subject.9__Fall_backwards__70b1f6b6,1,24,71,23.0,7,0.1458333283662796,0.9469696879386902,0.8250593543052673,0.8670493364334106,0.7575757575757576,0.8181818181818182,0.0,0.0,0,0.12256383150815964,0.3626602098345756,False
val,val\Subject.9__Fall_backwards__70b1f6b6__w000036_000083.npz,Subject.9__Fall_backwards__70b1f6b6__w000036_000083,Subject.9/Fall backwards,Subject.9__Fall_backwards__70b1f6b6,1,36,83,23.0,19,0.3958333432674408,0.9886363744735718,0.8606774806976318,0.8694332242012024,0.9393939393939394,0.9393939393939394,0.0,0.0,0,0.13864682614803314,0.4052417710423468,False
val,val\Subject.9__Fall_backwards__70b1f6b6__w000048_000095.npz,Subject.9__Fall_backwards__70b1f6b6__w000048_000095,Subject.9/Fall backwards,Subject.9__Fall_backwards__70b1f6b6,1,48,95,23.0,31,0.6458333134651184,0.9968434572219849,0.8615454435348511,0.8639699220657349,0.9696969696969697,0.990909090909091,0.0,0.0,0,0.10184306651353836,0.35342089831829065,False
val,val\Subject.9__Fall_backwards__70b1f6b6__w000060_000107.npz,Subject.9__Fall_backwards__70b1f6b6__w000060_000107,Subject.9/Fall backwards,Subject.9__Fall_backwards__70b1f6b6,1,60,107,23.0,43,0.8958333134651184,1.0,0.8710312247276306,0.8710312247276306,1.0,1.0,0.0,0.0,0,0.08536403626203537,0.32249953895807254,False
val,val\Subject.9__Fall_backwards__70b1f6b6__w000072_000119.npz,Subject.9__Fall_backwards__70b1f6b6__w000072_000119,Subject.9/Fall backwards,Subject.9__Fall_backwards__70b1f6b6,1,72,119,23.0,48,1.0,1.0,0.8705044984817505,0.8705044984817505,1.0,1.0,0.0,0.0,0,0.06719353795051575,0.3027722343802452,False
val,val\Subject.9__Fall_backwards__70b1f6b6__w000084_000131.npz,Subject.9__Fall_backwards__70b1f6b6__w000084_000131,Subject.9/Fall backwards,Subject.9__Fall_backwards__70b1f6b6,1,84,131,23.0,48,1.0,1.0,0.8896172046661377,0.8896172046661377,1.0,1.0,0.0,0.0,0,0.03909551352262497,0.1354326926171778,False
val,val\Subject.9__Fall_backwards__70b1f6b6__w000096_000143.npz,Subject.9__Fall_backwards__70b1f6b6__w000096_000143,Subject.9/Fall backwards,Subject.9__Fall_backwards__70b1f6b6,1,96,143,23.0,48,1.0,1.0,0.9277119636535645,0.9277119636535645,1.0,1.0,0.0,0.0,0,0.024129504337906837,0.0622955985367298,False
val,val\Subject.9__Fall_backwards__70b1f6b6__w000108_000155.npz,Subject.9__Fall_backwards__70b1f6b6__w000108_000155,Subject.9/Fall backwards,Subject.9__Fall_backwards__70b1f6b6,1,108,155,23.0,48,1.0,1.0,0.9223448038101196,0.9223448038101196,1.0,1.0,0.0,0.0,0,0.027393482625484467,0.08126455508172495,False
val,val\Subject.9__Fall_backwards__70b1f6b6__w000120_000167.npz,Subject.9__Fall_backwards__70b1f6b6__w000120_000167,Subject.9/Fall backwards,Subject.9__Fall_backwards__70b1f6b6,1,120,167,23.0,48,1.0,0.9671717286109924,0.8688257336616516,0.8947404623031616,0.6363636363636364,0.8181818181818182,0.0,0.0,0,0.037941060960292816,0.09400153234601005,False
val,val\Subject.9__Fall_backwards__70b1f6b6__w000132_000179.npz,Subject.9__Fall_backwards__70b1f6b6__w000132_000179,Subject.9/Fall backwards,Subject.9__Fall_backwards__70b1f6b6,1,132,179,23.0,48,1.0,0.8693181872367859,0.7642932534217834,0.870373010635376,0.5454545454545454,0.6181818181818182,0.0,0.0,0,0.04252651333808899,0.1279945868998761,False
val,val\Subject.9__Fall_backwards__70b1f6b6__w000144_000191.npz,Subject.9__Fall_backwards__70b1f6b6__w000144_000191,Subject.9/Fall backwards,Subject.9__Fall_backwards__70b1f6b6,1,144,191,23.0,48,1.0,0.7638888955116272,0.6560748219490051,0.8436499238014221,0.5454545454545454,0.5454545454545454,0.0,0.0,0,0.04257397726178169,0.13066939115524273,False
val,val\Subject.9__Fall_backwards__70b1f6b6__w000156_000203.npz,Subject.9__Fall_backwards__70b1f6b6__w000156_000203,Subject.9/Fall backwards,Subject.9__Fall_backwards__70b1f6b6,1,156,203,23.0,48,1.0,0.6691918969154358,0.5716615319252014,0.8306756019592285,0.5454545454545454,0.5454545454545454,0.0,0.0,0,0.03385632857680321,0.042597335390746574,False
val,val\Subject.9__Fall_backwards__70b1f6b6__w000168_000215.npz,Subject.9__Fall_backwards__70b1f6b6__w000168_000215,Subject.9/Fall backwards,Subject.9__Fall_backwards__70b1f6b6,1,168,215,23.0,48,1.0,0.6123737096786499,0.5299261212348938,0.8401283025741577,0.5454545454545454,0.5454545454545454,0.0,0.0,0,0.019524425268173218,0.028247374109923833,False
val,val\Subject.9__Fall_backwards__70b1f6b6__w000180_000227.npz,Subject.9__Fall_backwards__70b1f6b6__w000180_000227,Subject.9/Fall backwards,Subject.9__Fall_backwards__70b1f6b6,1,180,227,23.0,48,1.0,0.6136363744735718,0.533054530620575,0.8441755175590515,0.5454545454545454,0.5757575757575758,0.0,0.0,0,0.014702007174491882,0.022479830030351866,False
val,val\Subject.9__Fall_backwards__70b1f6b6__w000192_000239.npz,Subject.9__Fall_backwards__70b1f6b6__w000192_000239,Subject.9/Fall backwards,Subject.9__Fall_backwards__70b1f6b6,1,192,239,23.0,48,1.0,0.6515151262283325,0.5493024587631226,0.8184057474136353,0.5757575757575758,0.5757575757575758,0.0,0.0,0,0.023086240515112877,0.027836039103567578,False
val,val\Subject.9__Fall_backwards__70b1f6b6__w000204_000251.npz,Subject.9__Fall_backwards__70b1f6b6__w000204_000251,Subject.9/Fall backwards,Subject.9__Fall_backwards__70b1f6b6,1,204,251,23.0,48,1.0,0.7215909361839294,0.5906959176063538,0.7981399297714233,0.5757575757575758,0.5757575757575758,0.0,0.0,0,0.028400568291544914,0.03757307101041078,False
val,val\Subject.9__Fall_forward__6da9dbab__w000000_000047.npz,Subject.9__Fall_forward__6da9dbab__w000000_000047,Subject.9/Fall forward,Subject.9__Fall_forward__6da9dbab,0,0,47,23.0,0,0.0,0.9949495196342468,0.9080621600151062,0.9125503301620483,0.7575757575757576,1.0,0.0,0.0,0,0.05191049724817276,0.22318853214383125,False
val,val\Subject.9__Fall_forward__6da9dbab__w000012_000059.npz,Subject.9__Fall_forward__6da9dbab__w000012_000059,Subject.9/Fall forward,Subject.9__Fall_forward__6da9dbab,1,12,59,23.0,4,0.0833333358168602,0.9501262903213501,0.8512320518493652,0.8946196436882019,0.7272727272727273,0.7575757575757576,0.0,0.0,0,0.0697314664721489,0.24692899361252782,False
val,val\Subject.9__Fall_forward__6da9dbab__w000024_000071.npz,Subject.9__Fall_forward__6da9dbab__w000024_000071,Subject.9/Fall forward,Subject.9__Fall_forward__6da9dbab,1,24,71,23.0,16,0.3333333432674408,0.9305555820465088,0.7918186187744141,0.8478593230247498,0.7272727272727273,0.7575757575757576,0.0,0.0,0,0.07850263267755508,0.25842479467391966,False
val,val\Subject.9__Fall_forward__6da9dbab__w000036_000083.npz,Subject.9__Fall_forward__6da9dbab__w000036_000083,Subject.9/Fall forward,Subject.9__Fall_forward__6da9dbab,1,36,83,23.0,28,0.5833333134651184,0.8901515007019043,0.7259258031845093,0.8085547685623169,0.7272727272727273,0.7575757575757576,0.0,0.0,0,0.07862599939107895,0.28937809616327237,False
val,val\Subject.9__Fall_forward__6da9dbab__w000048_000095.npz,Subject.9__Fall_forward__6da9dbab__w000048_000095,Subject.9/Fall forward,Subject.9__Fall_forward__6da9dbab,1,48,95,23.0,40,0.8333333134651184,0.8806818127632141,0.7274453639984131,0.8169718980789185,0.7272727272727273,0.7575757575757576,0.0,0.0,0,0.04152994602918625,0.09822376109659671,False
val,val\Subject.9__Fall_forward__6da9dbab__w000060_000107.npz,Subject.9__Fall_forward__6da9dbab__w000060_000107,Subject.9/Fall forward,Subject.9__Fall_forward__6da9dbab,1,60,107,23.0,43,0.8958333134651184,0.9179292917251587,0.7416387796401978,0.7992763519287109,0.7878787878787878,0.7878787878787878,0.0,0.0,0,0.023448850959539413,0.0580042652785778,False
val,val\Subject.9__Fall_forward__6da9dbab__w000072_000119.npz,Subject.9__Fall_forward__6da9dbab__w000072_000119,Subject.9/Fall forward,Subject.9__Fall_forward__6da9dbab,1,72,119,23.0,31,0.6458333134651184,0.9185606241226196,0.7491936087608337,0.806228756904602,0.7878787878787878,0.7878787878787878,0.0,0.0,0,0.014404918998479843,0.017480878718197344,False
val,val\Subject.9__Fall_forward__6da9dbab__w000084_000131.npz,Subject.9__Fall_forward__6da9dbab__w000084_000131,Subject.9/Fall forward,Subject.9__Fall_forward__6da9dbab,1,84,131,23.0,19,0.3958333432674408,0.9444444179534912,0.7664130330085754,0.8039695024490356,0.9090909090909091,0.9090909090909091,0.0,0.0,0,0.007920325733721256,0.01350005818530917,False
val,val\Subject.9__Fall_forward__6da9dbab__w000096_000143.npz,Subject.9__Fall_forward__6da9dbab__w000096_000143,Subject.9/Fall forward,Subject.9__Fall_forward__6da9dbab,1,96,143,23.0,7,0.1458333283662796,0.941919207572937,0.7679790258407593,0.8078014254570007,0.8787878787878788,0.9090909090909091,0.0,0.0,0,0.009791419841349125,0.01571550704538822,False
val,val\Subject.9__Fall_left__5f783326__w000000_000047.npz,Subject.9__Fall_left__5f783326__w000000_000047,Subject.9/Fall left,Subject.9__Fall_left__5f783326,0,0,47,23.0,0,0.0,0.8806818127632141,0.7190535068511963,0.8121412396430969,0.6363636363636364,0.6787878787878788,0.0,0.0,0,0.06271866708993912,0.1854262523353099,False
val,val\Subject.9__Fall_left__5f783326__w000012_000059.npz,Subject.9__Fall_left__5f783326__w000012_000059,Subject.9/Fall left,Subject.9__Fall_left__5f783326,1,12,59,23.0,5,0.1041666641831398,0.8251262903213501,0.6448599100112915,0.7751837372779846,0.6363636363636364,0.6787878787878788,0.0,0.0,0,0.08827336877584457,0.2601305887103081,False
val,val\Subject.9__Fall_left__5f783326__w000024_000071.npz,Subject.9__Fall_left__5f783326__w000024_000071,Subject.9/Fall left,Subject.9__Fall_left__5f783326,1,24,71,23.0,17,0.3541666567325592,0.8276515007019043,0.6597623229026794,0.7911162972450256,0.6363636363636364,0.6787878787878788,0.0,0.0,0,0.09497449547052383,0.2601305887103081,False
val,val\Subject.9__Fall_left__5f783326__w000036_000083.npz,Subject.9__Fall_left__5f783326__w000036_000083,Subject.9/Fall left,Subject.9__Fall_left__5f783326,1,36,83,23.0,29,0.6041666865348816,0.8680555820465088,0.7289751768112183,0.835861086845398,0.6363636363636364,0.6787878787878788,0.0,0.0,0,0.077403225004673,0.24941469058394408,False
val,val\Subject.9__Fall_left__5f783326__w000048_000095.npz,Subject.9__Fall_left__5f783326__w000048_000095,Subject.9/Fall left,Subject.9__Fall_left__5f783326,1,48,95,23.0,41,0.8541666865348816,0.941919207572937,0.7786092758178711,0.8248989582061768,0.696969696969697,0.7575757575757576,0.0,0.0,0,0.06169348210096359,0.22004057690501214,False
val,val\Subject.9__Fall_left__5f783326__w000060_000107.npz,Subject.9__Fall_left__5f783326__w000060_000107,Subject.9/Fall left,Subject.9__Fall_left__5f783326,1,60,107,23.0,48,1.0,0.9886363744735718,0.8071867227554321,0.8155211806297302,0.9090909090909091,0.9090909090909091,0.0,0.0,0,0.040677666664123535,0.12313939854502673,False
val,val\Subject.9__Fall_left__5f783326__w000072_000119.npz,Subject.9__Fall_left__5f783326__w000072_000119,Subject.9/Fall left,Subject.9__Fall_left__5f783326,1,72,119,23.0,48,1.0,0.9886363744735718,0.7567471861839294,0.7645018696784973,0.9090909090909091,0.9090909090909091,0.0,0.0,0,0.031146714463829994,0.07790918610990044,False
val,val\Subject.9__Fall_left__5f783326__w000084_000131.npz,Subject.9__Fall_left__5f783326__w000084_000131,Subject.9/Fall left,Subject.9__Fall_left__5f783326,1,84,131,23.0,48,1.0,0.9886363744735718,0.7277044653892517,0.7351253628730774,0.9090909090909091,0.9090909090909091,0.0,0.0,0,0.021470053121447563,0.03971667252480981,False
val,val\Subject.9__Fall_left__5f783326__w000096_000143.npz,Subject.9__Fall_left__5f783326__w000096_000143,Subject.9/Fall left,Subject.9__Fall_left__5f783326,1,96,143,23.0,48,1.0,0.9886363744735718,0.7308499217033386,0.7383068799972534,0.9090909090909091,0.9090909090909091,0.0,0.0,0,0.018211346119642258,0.03030103957280516,False
val,val\Subject.9__Fall_left__5f783326__w000108_000155.npz,Subject.9__Fall_left__5f783326__w000108_000155,Subject.9/Fall left,Subject.9__Fall_left__5f783326,1,108,155,23.0,48,1.0,0.9968434572219849,0.7331768274307251,0.7351623177528381,0.9696969696969697,0.990909090909091,0.0,0.0,0,0.014104383997619152,0.02967040408402681,False
val,val\Subject.9__Fall_left__5f783326__w000120_000167.npz,Subject.9__Fall_left__5f783326__w000120_000167,Subject.9/Fall left,Subject.9__Fall_left__5f783326,1,120,167,23.0,48,1.0,0.9968434572219849,0.7382404804229736,0.7402419447898865,0.9696969696969697,0.990909090909091,0.0,0.0,0,0.014175361022353172,0.02998651955276726,False
val,val\Subject.9__Fall_left__5f783326__w000132_000179.npz,Subject.9__Fall_left__5f783326__w000132_000179,Subject.9/Fall left,Subject.9__Fall_left__5f783326,1,132,179,23.0,48,1.0,0.9785353541374207,0.7361234426498413,0.7504191398620605,0.8787878787878788,0.8787878787878788,0.0,0.0,0,0.02489365078508854,0.03215341232717036,False
val,val\Subject.9__Fall_left__5f783326__w000144_000191.npz,Subject.9__Fall_left__5f783326__w000144_000191,Subject.9/Fall left,Subject.9__Fall_left__5f783326,1,144,191,23.0,48,1.0,0.9412878751754761,0.7192398905754089,0.758362352848053,0.7878787878787878,0.8181818181818182,0.0,0.0,0,0.03271494433283806,0.03625881988555186,False
val,val\Subject.9__Fall_left__5f783326__w000156_000203.npz,Subject.9__Fall_left__5f783326__w000156_000203,Subject.9/Fall left,Subject.9__Fall_left__5f783326,1,156,203,23.0,48,1.0,0.9103535413742065,0.7232279777526855,0.785926878452301,0.7878787878787878,0.8181818181818182,0.0,0.0,0,0.04911825433373451,0.04464814905077218,False
val,val\Subject.9__Fall_right__f73e5389__w000000_000047.npz,Subject.9__Fall_right__f73e5389__w000000_000047,Subject.9/Fall right,Subject.9__Fall_right__f73e5389,0,0,47,23.0,0,0.0,0.9854797720909119,0.8845489025115967,0.8963204026222229,0.8484848484848485,0.9424242424242425,0.0,0.0,0,0.047638338059186935,0.18148063570261,False
val,val\Subject.9__Fall_right__f73e5389__w000012_000059.npz,Subject.9__Fall_right__f73e5389__w000012_000059,Subject.9/Fall right,Subject.9__Fall_right__f73e5389,1,12,59,23.0,3,0.0625,0.9804292917251587,0.8521251678466797,0.8673558831214905,0.8484848484848485,0.9,0.0,0.0,0,0.06600479781627655,0.18437538892030714,False
val,val\Subject.9__Fall_right__f73e5389__w000024_000071.npz,Subject.9__Fall_right__f73e5389__w000024_000071,Subject.9/Fall right,Subject.9__Fall_right__f73e5389,1,24,71,23.0,15,0.3125,0.9715909361839294,0.8120463490486145,0.8336483836174011,0.8484848484848485,0.8787878787878788,0.0,0.0,0,0.07888804376125336,0.20402374491095543,False
val,val\Subject.9__Fall_right__f73e5389__w000036_000083.npz,Subject.9__Fall_right__f73e5389__w000036_000083,Subject.9/Fall right,Subject.9__Fall_right__f73e5389,1,36,83,23.0,27,0.5625,0.9154040217399597,0.7437514662742615,0.8068517446517944,0.7272727272727273,0.7272727272727273,0.0,0.0,0,0.08862198889255524,0.20888240113854406,False
val,val\Subject.9__Fall_right__f73e5389__w000048_000095.npz,Subject.9__Fall_right__f73e5389__w000048_000095,Subject.9/Fall right,Subject.9__Fall_right__f73e5389,1,48,95,23.0,39,0.8125,0.8920454382896423,0.7153539657592773,0.7960779666900635,0.7272727272727273,0.7272727272727273,0.0,0.0,0,0.05987030267715454,0.156742811948061,False
val,val\Subject.9__Fall_right__f73e5389__w000060_000107.npz,Subject.9__Fall_right__f73e5389__w000060_000107,Subject.9/Fall right,Subject.9__Fall_right__f73e5389,1,60,107,23.0,48,1.0,0.8554292917251587,0.6809195280075073,0.7872466444969177,0.7272727272727273,0.7272727272727273,0.0,0.0,0,0.04637141153216362,0.1210929334163665,False
val,val\Subject.9__Fall_right__f73e5389__w000072_000119.npz,Subject.9__Fall_right__f73e5389__w000072_000119,Subject.9/Fall right,Subject.9__Fall_right__f73e5389,1,72,119,23.0,48,1.0,0.8238636255264282,0.6581539511680603,0.7865880727767944,0.7272727272727273,0.7272727272727273,0.0,0.0,0,0.03176680579781532,0.07119193747639654,False
val,val\Subject.9__Fall_right__f73e5389__w000084_000131.npz,Subject.9__Fall_right__f73e5389__w000084_000131,Subject.9/Fall right,Subject.9__Fall_right__f73e5389,1,84,131,23.0,48,1.0,0.8162878751754761,0.6550832986831665,0.7875782251358032,0.696969696969697,0.696969696969697,0.0,0.0,0,0.02458573505282402,0.04552618749439716,False
val,val\Subject.9__Fall_right__f73e5389__w000096_000143.npz,Subject.9__Fall_right__f73e5389__w000096_000143,Subject.9/Fall right,Subject.9__Fall_right__f73e5389,1,96,143,23.0,48,1.0,0.7979797720909119,0.6460029482841492,0.7911399006843567,0.696969696969697,0.696969696969697,0.0,0.0,0,0.023511333391070366,0.03582549225538967,False
val,val\Subject.9__Fall_right__f73e5389__w000108_000155.npz,Subject.9__Fall_right__f73e5389__w000108_000155,Subject.9/Fall right,Subject.9__Fall_right__f73e5389,1,108,155,23.0,48,1.0,0.7866161465644836,0.6263883709907532,0.7764500975608826,0.696969696969697,0.696969696969697,0.0,0.0,0,0.019115056842565536,0.027375439647585147,False
val,val\Subject.9__Fall_right__f73e5389__w000120_000167.npz,Subject.9__Fall_right__f73e5389__w000120_000167,Subject.9/Fall right,Subject.9__Fall_right__f73e5389,1,120,167,23.0,48,1.0,0.7714646458625793,0.6136788129806519,0.773876965045929,0.696969696969697,0.696969696969697,0.0,0.0,0,0.02048254758119583,0.027375439647585147,False
val,val\Subject.9__Fall_right__f73e5389__w000132_000179.npz,Subject.9__Fall_right__f73e5389__w000132_000179,Subject.9/Fall right,Subject.9__Fall_right__f73e5389,1,132,179,23.0,48,1.0,0.7777777910232544,0.610867440700531,0.7642645835876465,0.7272727272727273,0.7575757575757576,0.0,0.0,0,0.01839064434170723,0.02299123592674732,False
val,val\Subject.9__Fall_sitting__e8590c2c__w000000_000047.npz,Subject.9__Fall_sitting__e8590c2c__w000000_000047,Subject.9/Fall sitting,Subject.9__Fall_sitting__e8590c2c,0,0,47,23.0,0,0.0,0.997474730014801,0.8668375015258789,0.8686076998710632,0.9696969696969697,1.0,0.0,0.0,0,0.023148396983742714,0.06673294156789779,False
val,val\Subject.9__Fall_sitting__e8590c2c__w000012_000059.npz,Subject.9__Fall_sitting__e8590c2c__w000012_000059,Subject.9/Fall sitting,Subject.9__Fall_sitting__e8590c2c,0,12,59,23.0,0,0.0,0.9791666865348816,0.8170602917671204,0.8331844210624695,0.8484848484848485,0.9090909090909091,0.0,0.0,0,0.04167895391583443,0.12406550534069537,False
val,val\Subject.9__Fall_sitting__e8590c2c__w000024_000071.npz,Subject.9__Fall_sitting__e8590c2c__w000024_000071,Subject.9/Fall sitting,Subject.9__Fall_sitting__e8590c2c,0,24,71,23.0,0,0.0,0.9299242496490479,0.7698051929473877,0.8240119218826294,0.7575757575757576,0.7878787878787878,0.0,0.0,0,0.057121653109788895,0.15494059324264506,False
val,val\Subject.9__Fall_sitting__e8590c2c__w000036_000083.npz,Subject.9__Fall_sitting__e8590c2c__w000036_000083,Subject.9/Fall sitting,Subject.9__Fall_sitting__e8590c2c,0,36,83,23.0,0,0.0,0.8964646458625793,0.7304201722145081,0.8088541626930237,0.7575757575757576,0.7787878787878788,0.0,0.0,0,0.07494770735502243,0.19966443032026276,False
val,val\Subject.9__Fall_sitting__e8590c2c__w000048_000095.npz,Subject.9__Fall_sitting__e8590c2c__w000048_000095,Subject.9/Fall sitting,Subject.9__Fall_sitting__e8590c2c,1,48,95,23.0,7,0.1458333283662796,0.8428030014038086,0.6743655800819397,0.7894214987754822,0.6666666666666666,0.7272727272727273,0.0,0.0,0,0.08785506337881088,0.21475862488150582,False
val,val\Subject.9__Fall_sitting__e8590c2c__w000060_000107.npz,Subject.9__Fall_sitting__e8590c2c__w000060_000107,Subject.9/Fall sitting,Subject.9__Fall_sitting__e8590c2c,1,60,107,23.0,19,0.3958333432674408,0.8478535413742065,0.6975271701812744,0.8116970658302307,0.6666666666666666,0.7272727272727273,0.0,0.0,0,0.0724654346704483,0.18014863878488516,False
val,val\Subject.9__Fall_sitting__e8590c2c__w000072_000119.npz,Subject.9__Fall_sitting__e8590c2c__w000072_000119,Subject.9/Fall sitting,Subject.9__Fall_sitting__e8590c2c,1,72,119,23.0,31,0.6458333134651184,0.870580792427063,0.6918738484382629,0.7850338220596313,0.6666666666666666,0.7272727272727273,0.0,0.0,0,0.0863572508096695,0.4119297653436648,False
val,val\Subject.9__Fall_sitting__e8590c2c__w000084_000131.npz,Subject.9__Fall_sitting__e8590c2c__w000084_000131,Subject.9/Fall sitting,Subject.9__Fall_sitting__e8590c2c,1,84,131,23.0,43,0.8958333134651184,0.8838383555412292,0.6881418228149414,0.769023597240448,0.6666666666666666,0.7272727272727273,0.0,0.0,0,0.06938429921865463,0.35726322829723234,False
val,val\Subject.9__Fall_sitting__e8590c2c__w000096_000143.npz,Subject.9__Fall_sitting__e8590c2c__w000096_000143,Subject.9/Fall sitting,Subject.9__Fall_sitting__e8590c2c,1,96,143,23.0,48,1.0,0.9337121248245239,0.7308889031410217,0.7776482105255127,0.8787878787878788,0.8787878787878788,0.0,0.0,0,0.05493727698922157,0.15654517486691383,False
val,val\Subject.9__Fall_sitting__e8590c2c__w000108_000155.npz,Subject.9__Fall_sitting__e8590c2c__w000108_000155,Subject.9/Fall sitting,Subject.9__Fall_sitting__e8590c2c,1,108,155,23.0,48,1.0,0.9280303120613098,0.7106587290763855,0.7606578469276428,0.8787878787878788,0.8787878787878788,0.0,0.0,0,0.05277782678604126,0.16236627101898146,False
val,val\Subject.9__Fall_sitting__e8590c2c__w000120_000167.npz,Subject.9__Fall_sitting__e8590c2c__w000120_000167,Subject.9/Fall sitting,Subject.9__Fall_sitting__e8590c2c,1,120,167,23.0,48,1.0,0.9109848737716675,0.7111121416091919,0.7744843363761902,0.8181818181818182,0.8181818181818182,0.0,0.0,0,0.027552112936973572,0.04605451542884109,False
val,val\Subject.9__Fall_sitting__e8590c2c__w000132_000179.npz,Subject.9__Fall_sitting__e8590c2c__w000132_000179,Subject.9/Fall sitting,Subject.9__Fall_sitting__e8590c2c,1,132,179,23.0,48,1.0,0.9097222089767456,0.6939970850944519,0.7568274736404419,0.8181818181818182,0.8181818181818182,0.0,0.0,0,0.028152205049991608,0.04583766795694827,False
val,val\Subject.9__Fall_sitting__e8590c2c__w000144_000191.npz,Subject.9__Fall_sitting__e8590c2c__w000144_000191,Subject.9/Fall sitting,Subject.9__Fall_sitting__e8590c2c,1,144,191,23.0,48,1.0,0.9046717286109924,0.6629576086997986,0.7263643741607666,0.8181818181818182,0.8181818181818182,0.0,0.0,0,0.02455838769674301,0.02613110141828656,False
val,val\Subject.9__Fall_sitting__e8590c2c__w000156_000203.npz,Subject.9__Fall_sitting__e8590c2c__w000156_000203,Subject.9/Fall sitting,Subject.9__Fall_sitting__e8590c2c,1,156,203,23.0,48,1.0,0.8952020406723022,0.6640496850013733,0.7343371510505676,0.8181818181818182,0.8181818181818182,0.0,0.0,0,0.029202956706285477,0.023430923838168374,False
val,val\Subject.9__Fall_sitting__e8590c2c__w000168_000215.npz,Subject.9__Fall_sitting__e8590c2c__w000168_000215,Subject.9/Fall sitting,Subject.9__Fall_sitting__e8590c2c,1,168,215,23.0,48,1.0,0.9034090638160706,0.664822518825531,0.7273539304733276,0.8181818181818182,0.8181818181818182,0.0,0.0,0,0.03212856873869896,0.02397150946781037,False
val,val\Subject.9__Hop__d1f18d29__w000000_000047.npz,Subject.9__Hop__d1f18d29__w000000_000047,Subject.9/Hop,Subject.9__Hop__d1f18d29,0,0,47,23.0,0,0.0,1.0,0.9211665391921997,0.9211665391921997,1.0,1.0,0.0,0.0,0,0.0274527408182621,0.06409579291939731,False
val,val\Subject.9__Hop__d1f18d29__w000012_000059.npz,Subject.9__Hop__d1f18d29__w000012_000059,Subject.9/Hop,Subject.9__Hop__d1f18d29,0,12,59,23.0,0,0.0,1.0,0.9094698429107666,0.9094698429107666,1.0,1.0,0.0,0.0,0,0.032438505440950394,0.07056614123284817,False
val,val\Subject.9__Hop__d1f18d29__w000024_000071.npz,Subject.9__Hop__d1f18d29__w000024_000071,Subject.9/Hop,Subject.9__Hop__d1f18d29,0,24,71,23.0,0,0.0,1.0,0.9123961329460144,0.9123961329460144,1.0,1.0,0.0,0.0,0,0.033264368772506714,0.07324057631194592,False
val,val\Subject.9__Hop__d1f18d29__w000036_000083.npz,Subject.9__Hop__d1f18d29__w000036_000083,Subject.9/Hop,Subject.9__Hop__d1f18d29,0,36,83,23.0,0,0.0,1.0,0.9141517281532288,0.9141517281532288,1.0,1.0,0.0,0.0,0,0.03788150101900101,0.08489381596446033,False
val,val\Subject.9__Hop__d1f18d29__w000048_000095.npz,Subject.9__Hop__d1f18d29__w000048_000095,Subject.9/Hop,Subject.9__Hop__d1f18d29,0,48,95,23.0,0,0.0,1.0,0.9059956073760986,0.9059956073760986,1.0,1.0,0.0,0.0,0,0.04354061186313629,0.12078959234058846,False
val,val\Subject.9__Hop__d1f18d29__w000060_000107.npz,Subject.9__Hop__d1f18d29__w000060_000107,Subject.9/Hop,Subject.9__Hop__d1f18d29,0,60,107,23.0,0,0.0,1.0,0.9191582202911377,0.9191582202911377,1.0,1.0,0.0,0.0,0,0.04223177954554558,0.12078959234058846,False
val,val\Subject.9__Hop__d1f18d29__w000072_000119.npz,Subject.9__Hop__d1f18d29__w000072_000119,Subject.9/Hop,Subject.9__Hop__d1f18d29,0,72,119,23.0,0,0.0,1.0,0.9090146422386169,0.9090146422386169,1.0,1.0,0.0,0.0,0,0.041909679770469666,0.12294493280351146,False
val,val\Subject.9__Hop__d1f18d29__w000084_000131.npz,Subject.9__Hop__d1f18d29__w000084_000131,Subject.9/Hop,Subject.9__Hop__d1f18d29,0,84,131,23.0,0,0.0,1.0,0.8991850018501282,0.8991850018501282,1.0,1.0,0.0,0.0,0,0.042389314621686935,0.15902640670537935,False
val,val\Subject.9__Hop__d1f18d29__w000096_000143.npz,Subject.9__Hop__d1f18d29__w000096_000143,Subject.9/Hop,Subject.9__Hop__d1f18d29,0,96,143,23.0,0,0.0,0.9987373948097229,0.8630537390708923,0.864051878452301,0.9696969696969697,1.0,0.0,0.0,0,0.08280519396066666,0.43351455777883474,False
val,val\Subject.9__Hop__d1f18d29__w000108_000155.npz,Subject.9__Hop__d1f18d29__w000108_000155,Subject.9/Hop,Subject.9__Hop__d1f18d29,0,108,155,23.0,0,0.0,0.9633838534355164,0.8262453675270081,0.8557636141777039,0.8484848484848485,0.8484848484848485,0.0,0.0,0,0.09635597467422485,0.5247358471155166,False
val,val\Subject.9__Hop__d1f18d29__w000120_000167.npz,Subject.9__Hop__d1f18d29__w000120_000167,Subject.9/Hop,Subject.9__Hop__d1f18d29,0,120,167,23.0,0,0.0,0.9501262903213501,0.796446681022644,0.8348833322525024,0.8484848484848485,0.8484848484848485,0.0,0.0,0,0.10141947120428085,0.5419912755489346,False
val,val\Subject.9__Hop__d1f18d29__w000132_000179.npz,Subject.9__Hop__d1f18d29__w000132_000179,Subject.9/Hop,Subject.9__Hop__d1f18d29,0,132,179,23.0,0,0.0,0.9501262903213501,0.7945400476455688,0.8328765630722046,0.8484848484848485,0.8484848484848485,0.0,0.0,0,0.09463266283273697,0.5419912755489346,False
val,val\Subject.9__Hop__d1f18d29__w000144_000191.npz,Subject.9__Hop__d1f18d29__w000144_000191,Subject.9/Hop,Subject.9__Hop__d1f18d29,0,144,191,23.0,0,0.0,0.9513888955116272,0.8583752512931824,0.8989656567573547,0.8484848484848485,0.8484848484848485,0.0,0.0,0,0.04008789360523224,0.11147175021469544,False
val,val\Subject.9__Hop__d1f18d29__w000156_000203.npz,Subject.9__Hop__d1f18d29__w000156_000203,Subject.9/Hop,Subject.9__Hop__d1f18d29,0,156,203,23.0,0,0.0,0.9867424368858337,0.9050188064575195,0.9157742261886597,0.8484848484848485,0.9696969696969697,0.0,0.0,0,0.03190424293279648,0.08820692300796505,False
val,val\Subject.9__Kneel__ef1df7cd__w000000_000047.npz,Subject.9__Kneel__ef1df7cd__w000000_000047,Subject.9/Kneel,Subject.9__Kneel__ef1df7cd,0,0,47,23.0,0,0.0,0.9993686676025391,0.9046916961669922,0.9051402807235718,0.9696969696969697,1.0,0.0,0.0,0,0.021287517622113228,0.05164113659411668,False
val,val\Subject.9__Kneel__ef1df7cd__w000012_000059.npz,Subject.9__Kneel__ef1df7cd__w000012_000059,Subject.9/Kneel,Subject.9__Kneel__ef1df7cd,0,12,59,23.0,0,0.0,1.0,0.8961451649665833,0.8961451649665833,1.0,1.0,0.0,0.0,0,0.03367461636662483,0.06589331217110156,False
val,val\Subject.9__Kneel__ef1df7cd__w000024_000071.npz,Subject.9__Kneel__ef1df7cd__w000024_000071,Subject.9/Kneel,Subject.9__Kneel__ef1df7cd,0,24,71,23.0,0,0.0,0.9709596037864685,0.8377020359039307,0.8609341382980347,0.7272727272727273,0.8090909090909091,0.0,0.0,0,0.09388404339551926,0.5553279876708983,False
val,val\Subject.9__Kneel__ef1df7cd__w000036_000083.npz,Subject.9__Kneel__ef1df7cd__w000036_000083,Subject.9/Kneel,Subject.9__Kneel__ef1df7cd,0,36,83,23.0,0,0.0,0.9210858345031738,0.7793542146682739,0.8398993015289307,0.7272727272727273,0.7272727272727273,0.0,0.0,0,0.11987347900867462,0.5757007002830505,False
val,val\Subject.9__Kneel__ef1df7cd__w000048_000095.npz,Subject.9__Kneel__ef1df7cd__w000048_000095,Subject.9/Kneel,Subject.9__Kneel__ef1df7cd,0,48,95,23.0,0,0.0,0.9090909361839294,0.7191780209541321,0.7839052081108093,0.7272727272727273,0.7272727272727273,0.0,0.0,0,0.13847342133522034,0.5828319668769835,False
val,val\Subject.9__Kneel__ef1df7cd__w000060_000107.npz,Subject.9__Kneel__ef1df7cd__w000060_000107,Subject.9/Kneel,Subject.9__Kneel__ef1df7cd,0,60,107,23.0,0,0.0,0.8983585834503174,0.6574416756629944,0.7239440083503723,0.7272727272727273,0.7272727272727273,0.0,0.0,0,0.14599129557609558,0.5649362593889236,False
val,val\Subject.9__Kneel__ef1df7cd__w000072_000119.npz,Subject.9__Kneel__ef1df7cd__w000072_000119,Subject.9/Kneel,Subject.9__Kneel__ef1df7cd,0,72,119,23.0,0,0.0,0.8800504803657532,0.6479652523994446,0.7281496524810791,0.7272727272727273,0.7575757575757576,0.0,0.0,0,0.14094921946525574,0.5543894022703171,False
val,val\Subject.9__Kneel__ef1df7cd__w000084_000131.npz,Subject.9__Kneel__ef1df7cd__w000084_000131,Subject.9/Kneel,Subject.9__Kneel__ef1df7cd,0,84,131,23.0,0,0.0,0.870580792427063,0.6517835855484009,0.7443059682846069,0.7575757575757576,0.7575757575757576,0.0,0.0,0,0.11020202189683914,0.4922417342662807,False
val,val\Subject.9__Kneel__ef1df7cd__w000096_000143.npz,Subject.9__Kneel__ef1df7cd__w000096_000143,Subject.9/Kneel,Subject.9__Kneel__ef1df7cd,0,96,143,23.0,0,0.0,0.8295454382896423,0.6651549935340881,0.796737015247345,0.7575757575757576,0.7575757575757576,0.0,0.0,0,0.09628282487392426,0.49452240616083126,False
val,val\Subject.9__Kneel__ef1df7cd__w000108_000155.npz,Subject.9__Kneel__ef1df7cd__w000108_000155,Subject.9/Kneel,Subject.9__Kneel__ef1df7cd,0,108,155,23.0,0,0.0,0.7948232293128967,0.6886075735092163,0.8609617948532104,0.7575757575757576,0.7575757575757576,0.0,0.0,0,0.0678209662437439,0.4706271767616272,False
val,val\Subject.9__Kneel__ef1df7cd__w000120_000167.npz,Subject.9__Kneel__ef1df7cd__w000120_000167,Subject.9/Kneel,Subject.9__Kneel__ef1df7cd,0,120,167,23.0,0,0.0,0.7967171669006348,0.725306510925293,0.906518816947937,0.7575757575757576,0.7575757575757576,0.0,0.0,0,0.019598999992012978,0.047384372912347296,False
val,val\Subject.9__Kneel__ef1df7cd__w000132_000179.npz,Subject.9__Kneel__ef1df7cd__w000132_000179,Subject.9/Kneel,Subject.9__Kneel__ef1df7cd,0,132,179,23.0,0,0.0,0.810606062412262,0.7529799342155457,0.9245492219924927,0.7575757575757576,0.7575757575757576,0.0,0.0,0,0.014761267229914665,0.03950735256075859,False
val,val\Subject.9__Kneel__ef1df7cd__w000144_000191.npz,Subject.9__Kneel__ef1df7cd__w000144_000191,Subject.9/Kneel,Subject.9__Kneel__ef1df7cd,0,144,191,23.0,0,0.0,0.8181818127632141,0.7770846486091614,0.9433850646018982,0.8181818181818182,0.8181818181818182,0.0,0.0,0,0.013665948063135147,0.039831094257533534,False
val,val\Subject.9__Kneel__ef1df7cd__w000156_000203.npz,Subject.9__Kneel__ef1df7cd__w000156_000203,Subject.9/Kneel,Subject.9__Kneel__ef1df7cd,0,156,203,23.0,0,0.0,0.8339646458625793,0.7982365489006042,0.9492279887199402,0.8181818181818182,0.8181818181818182,0.0,0.0,0,0.017728937789797783,0.046459703706204884,False
val,val\Subject.9__Kneel__ef1df7cd__w000168_000215.npz,Subject.9__Kneel__ef1df7cd__w000168_000215,Subject.9/Kneel,Subject.9__Kneel__ef1df7cd,0,168,215,23.0,0,0.0,0.8352272510528564,0.8046144247055054,0.9533972144126892,0.8181818181818182,0.8181818181818182,0.0,0.0,0,0.022376250475645065,0.050339511409401884,False
val,val\Subject.9__Pick_up_object__db2c8423__w000000_000047.npz,Subject.9__Pick_up_object__db2c8423__w000000_000047,Subject.9/Pick up object,Subject.9__Pick_up_object__db2c8423,0,0,47,23.0,0,0.0,1.0,0.9307645559310913,0.9307645559310913,1.0,1.0,0.0,0.0,0,0.03370223939418793,0.08009722232818603,False
val,val\Subject.9__Pick_up_object__db2c8423__w000012_000059.npz,Subject.9__Pick_up_object__db2c8423__w000012_000059,Subject.9/Pick up object,Subject.9__Pick_up_object__db2c8423,0,12,59,23.0,0,0.0,0.9949495196342468,0.9168475270271301,0.9211307764053345,0.8787878787878788,1.0,0.0,0.0,0,0.049419064074754715,0.1428937874734401,False
val,val\Subject.9__Pick_up_object__db2c8423__w000024_000071.npz,Subject.9__Pick_up_object__db2c8423__w000024_000071,Subject.9/Pick up object,Subject.9__Pick_up_object__db2c8423,0,24,71,23.0,0,0.0,0.9627525210380554,0.8601700067520142,0.8902835249900818,0.8181818181818182,0.8787878787878788,0.0,0.0,0,0.06050427630543709,0.15569218769669532,False
val,val\Subject.9__Pick_up_object__db2c8423__w000036_000083.npz,Subject.9__Pick_up_object__db2c8423__w000036_000083,Subject.9/Pick up object,Subject.9__Pick_up_object__db2c8423,0,36,83,23.0,0,0.0,0.8914141654968262,0.7841559648513794,0.8724135160446167,0.6363636363636364,0.6363636363636364,0.0,0.0,0,0.06683255732059479,0.18914514556527137,False
val,val\Subject.9__Pick_up_object__db2c8423__w000048_000095.npz,Subject.9__Pick_up_object__db2c8423__w000048_000095,Subject.9/Pick up object,Subject.9__Pick_up_object__db2c8423,0,48,95,23.0,0,0.0,0.8415403962135315,0.7167864441871643,0.8407164812088013,0.6363636363636364,0.6363636363636364,0.0,0.0,0,0.06176281347870827,0.18933706134557723,False
val,val\Subject.9__Pick_up_object__db2c8423__w000060_000107.npz,Subject.9__Pick_up_object__db2c8423__w000060_000107,Subject.9/Pick up object,Subject.9__Pick_up_object__db2c8423,0,60,107,23.0,0,0.0,0.7973484992980957,0.6698368191719055,0.8266006112098694,0.6363636363636364,0.6363636363636364,0.0,0.0,0,0.03756071999669075,0.10812335498630994,False
val,val\Subject.9__Pick_up_object__db2c8423__w000072_000119.npz,Subject.9__Pick_up_object__db2c8423__w000072_000119,Subject.9/Pick up object,Subject.9__Pick_up_object__db2c8423,0,72,119,23.0,0,0.0,0.7765151262283325,0.6610338687896729,0.8388051390647888,0.6363636363636364,0.6363636363636364,0.0,0.0,0,0.028529101982712746,0.056547987833619105,False
val,val\Subject.9__Pick_up_object__db2c8423__w000084_000131.npz,Subject.9__Pick_up_object__db2c8423__w000084_000131,Subject.9/Pick up object,Subject.9__Pick_up_object__db2c8423,0,84,131,23.0,0,0.0,0.7973484992980957,0.6784700155258179,0.8406840562820435,0.6666666666666666,0.7878787878787878,0.0,0.0,0,0.02161969244480133,0.0580247975885868,False
val,val\Subject.9__Pick_up_object__db2c8423__w000096_000143.npz,Subject.9__Pick_up_object__db2c8423__w000096_000143,Subject.9/Pick up object,Subject.9__Pick_up_object__db2c8423,0,96,143,23.0,0,0.0,0.7935606241226196,0.6872623562812805,0.8573447465896606,0.7575757575757576,0.7878787878787878,0.0,0.0,0,0.021186664700508118,0.05797446873039007,False
val,val\Subject.9__Pick_up_object__db2c8423__w000108_000155.npz,Subject.9__Pick_up_object__db2c8423__w000108_000155,Subject.9/Pick up object,Subject.9__Pick_up_object__db2c8423,0,108,155,23.0,0,0.0,0.7828282713890076,0.6809054017066956,0.8615337014198303,0.7575757575757576,0.7575757575757576,0.0,0.0,0,0.02237139828503132,0.0580247975885868,False
val,val\Subject.9__Pick_up_object__db2c8423__w000120_000167.npz,Subject.9__Pick_up_object__db2c8423__w000120_000167,Subject.9/Pick up object,Subject.9__Pick_up_object__db2c8423,0,120,167,23.0,0,0.0,0.7853535413742065,0.6883413791656494,0.867488443851471,0.7575757575757576,0.7575757575757576,0.0,0.0,0,0.028573153540492058,0.06678309924900527,False
val,val\Subject.9__Pick_up_object__db2c8423__w000132_000179.npz,Subject.9__Pick_up_object__db2c8423__w000132_000179,Subject.9/Pick up object,Subject.9__Pick_up_object__db2c8423,0,132,179,23.0,0,0.0,0.7986111044883728,0.6999106407165527,0.8670523762702942,0.7575757575757576,0.7575757575757576,0.0,0.0,0,0.04895825684070587,0.17530261054635038,False
val,val\Subject.9__Pick_up_object__db2c8423__w000144_000191.npz,Subject.9__Pick_up_object__db2c8423__w000144_000191,Subject.9/Pick up object,Subject.9__Pick_up_object__db2c8423,0,144,191,23.0,0,0.0,0.8011363744735718,0.6932807564735413,0.8534424901008606,0.7575757575757576,0.7575757575757576,0.0,0.0,0,0.07765786349773407,0.2384635835886,False
val,val\Subject.9__Pick_up_object__db2c8423__w000156_000203.npz,Subject.9__Pick_up_object__db2c8423__w000156_000203,Subject.9/Pick up object,Subject.9__Pick_up_object__db2c8423,0,156,203,23.0,0,0.0,0.8390151262283325,0.7205268740653992,0.846856415271759,0.7575757575757576,0.7575757575757576,0.0,0.0,0,0.10798802971839905,0.30559300184249877,False
val,val\Subject.9__Pick_up_object__db2c8423__w000168_000215.npz,Subject.9__Pick_up_object__db2c8423__w000168_000215,Subject.9/Pick up object,Subject.9__Pick_up_object__db2c8423,0,168,215,23.0,0,0.0,0.8888888955116272,0.7649334073066711,0.8516547679901123,0.7575757575757576,0.7575757575757576,0.0,0.0,0,0.10796693712472916,0.29464984685182566,False
val,val\Subject.9__Sit_down__f2b6234d__w000000_000047.npz,Subject.9__Sit_down__f2b6234d__w000000_000047,Subject.9/Sit down,Subject.9__Sit_down__f2b6234d,0,0,47,23.0,0,0.0,0.7992424368858337,0.6960009932518005,0.8527268767356873,0.6363636363636364,0.7181818181818183,0.0,0.0,0,0.049300454556941986,0.07650848366320133,False
val,val\Subject.9__Sit_down__f2b6234d__w000012_000059.npz,Subject.9__Sit_down__f2b6234d__w000012_000059,Subject.9/Sit down,Subject.9__Sit_down__f2b6234d,0,12,59,23.0,0,0.0,0.7727272510528564,0.6644382476806641,0.8410502672195435,0.5757575757575758,0.6575757575757576,0.0,0.0,0,0.09076805412769318,0.5011278405785551,False
val,val\Subject.9__Sit_down__f2b6234d__w000024_000071.npz,Subject.9__Sit_down__f2b6234d__w000024_000071,Subject.9/Sit down,Subject.9__Sit_down__f2b6234d,0,24,71,23.0,0,0.0,0.7828282713890076,0.6351083517074585,0.7968597412109375,0.5757575757575758,0.6666666666666666,0.0,0.0,0,0.12985701858997345,0.5140388965606689,False
val,val\Subject.9__Sit_down__f2b6234d__w000036_000083.npz,Subject.9__Sit_down__f2b6234d__w000036_000083,Subject.9/Sit down,Subject.9__Sit_down__f2b6234d,0,36,83,23.0,0,0.0,0.7746211886405945,0.6082354784011841,0.7724800109863281,0.5151515151515151,0.6363636363636364,0.0,0.0,0,0.1692708134651184,0.526305654644966,False
val,val\Subject.9__Sit_down__f2b6234d__w000048_000095.npz,Subject.9__Sit_down__f2b6234d__w000048_000095,Subject.9/Sit down,Subject.9__Sit_down__f2b6234d,0,48,95,23.0,0,0.0,0.7184343338012695,0.5523169636726379,0.7524613738059998,0.5151515151515151,0.5666666666666667,0.0,0.0,0,0.1911126673221588,0.5806660026311866,False
val,val\Subject.9__Sit_down__f2b6234d__w000060_000107.npz,Subject.9__Sit_down__f2b6234d__w000060_000107,Subject.9/Sit down,Subject.9__Sit_down__f2b6234d,0,60,107,23.0,0,0.0,0.7222222089767456,0.5686188340187073,0.7715471386909485,0.5151515151515151,0.5666666666666667,0.0,0.0,0,0.14678536355495453,0.5178230345249174,False
val,val\Subject.9__Sit_down__f2b6234d__w000072_000119.npz,Subject.9__Sit_down__f2b6234d__w000072_000119,Subject.9/Sit down,Subject.9__Sit_down__f2b6234d,0,72,119,23.0,0,0.0,0.7285353541374207,0.60936439037323,0.8202451467514038,0.5151515151515151,0.5666666666666667,0.0,0.0,0,0.10203966498374939,0.3945322334766387,False
val,val\Subject.9__Sit_down__f2b6234d__w000084_000131.npz,Subject.9__Sit_down__f2b6234d__w000084_000131,Subject.9/Sit down,Subject.9__Sit_down__f2b6234d,0,84,131,23.0,0,0.0,0.7796717286109924,0.6569284200668335,0.8294844031333923,0.5454545454545454,0.6181818181818182,0.0,0.0,0,0.05300778150558472,0.15014254525303825,False
val,val\Subject.9__Sit_down__f2b6234d__w000096_000143.npz,Subject.9__Sit_down__f2b6234d__w000096_000143,Subject.9/Sit down,Subject.9__Sit_down__f2b6234d,0,96,143,23.0,0,0.0,0.8289141654968262,0.7112029194831848,0.8475804924964905,0.6363636363636364,0.7484848484848485,0.0,0.0,0,0.02933252789080143,0.07290453799068915,False
val,val\Subject.9__Sit_down__f2b6234d__w000108_000155.npz,Subject.9__Sit_down__f2b6234d__w000108_000155,Subject.9/Sit down,Subject.9__Sit_down__f2b6234d,0,108,155,23.0,0,0.0,0.8598484992980957,0.7342084050178528,0.8462319374084473,0.8181818181818182,0.8181818181818182,0.0,0.0,0,0.019696949049830437,0.04526566602289675,False
val,val\Subject.9__Sit_down__f2b6234d__w000120_000167.npz,Subject.9__Sit_down__f2b6234d__w000120_000167,Subject.9/Sit down,Subject.9__Sit_down__f2b6234d,0,120,167,23.0,0,0.0,0.8522727489471436,0.7345028519630432,0.8531349301338196,0.7878787878787878,0.7878787878787878,0.0,0.0,0,0.01963128335773945,0.03286815267056222,False
val,val\Subject.9__Sit_down__f2b6234d__w000132_000179.npz,Subject.9__Sit_down__f2b6234d__w000132_000179,Subject.9/Sit down,Subject.9__Sit_down__f2b6234d,0,132,179,23.0,0,0.0,0.8314393758773804,0.7284495234489441,0.8655329942703247,0.7272727272727273,0.7272727272727273,0.0,0.0,0,0.02436814457178116,0.031681340560317024,False
val,val\Subject.9__Sit_down__f2b6234d__w000144_000191.npz,Subject.9__Sit_down__f2b6234d__w000144_000191,Subject.9/Sit down,Subject.9__Sit_down__f2b6234d,0,144,191,23.0,0,0.0,0.8270202279090881,0.7247089147567749,0.8656917214393616,0.7272727272727273,0.7272727272727273,0.0,0.0,0,0.023485692217946053,0.030456225667148815,False
val,val\Subject.9__Sit_down__f2b6234d__w000156_000203.npz,Subject.9__Sit_down__f2b6234d__w000156_000203,Subject.9/Sit down,Subject.9__Sit_down__f2b6234d,0,156,203,23.0,0,0.0,0.7967171669006348,0.709418773651123,0.8786739110946655,0.7272727272727273,0.7272727272727273,0.0,0.0,0,0.02770465798676014,0.059692849405109855,False
val,val\Subject.9__Sit_down__f2b6234d__w000168_000215.npz,Subject.9__Sit_down__f2b6234d__w000168_000215,Subject.9/Sit down,Subject.9__Sit_down__f2b6234d,0,168,215,23.0,0,0.0,0.8308081030845642,0.7320852279663086,0.8723655343055725,0.7272727272727273,0.7272727272727273,0.0,0.0,0,0.028357837349176407,0.057633773423731056,False
val,val\Subject.9__Sit_down__f2b6234d__w000180_000227.npz,Subject.9__Sit_down__f2b6234d__w000180_000227,Subject.9/Sit down,Subject.9__Sit_down__f2b6234d,0,180,227,23.0,0,0.0,0.873106062412262,0.7655399441719055,0.8704942464828491,0.7272727272727273,0.7272727272727273,0.0,0.0,0,0.02454276569187641,0.05291327573359002,False
val,val\Subject.9__Walk__6ac21e64__w000000_000047.npz,Subject.9__Walk__6ac21e64__w000000_000047,Subject.9/Walk,Subject.9__Walk__6ac21e64,0,0,47,23.0,0,0.0,0.9892676472663879,0.9307172298431396,0.9395142197608948,0.9393939393939394,0.9393939393939394,0.0,0.0,0,0.01866023987531662,0.04130256511270999,False
val,val\Subject.9__Walk__6ac21e64__w000012_000059.npz,Subject.9__Walk__6ac21e64__w000012_000059,Subject.9/Walk,Subject.9__Walk__6ac21e64,0,12,59,23.0,0,0.0,0.9854797720909119,0.9006861448287964,0.9120633006095886,0.9393939393939394,0.9393939393939394,0.0,0.0,0,0.02127036266028881,0.047912989929318424,False
val,val\Subject.9__Walk__6ac21e64__w000024_000071.npz,Subject.9__Walk__6ac21e64__w000024_000071,Subject.9/Walk,Subject.9__Walk__6ac21e64,0,24,71,23.0,0,0.0,0.995580792427063,0.9062997102737427,0.9096712470054626,0.9696969696969697,0.9696969696969697,0.0,0.0,0,0.021726088598370552,0.05026753600686786,False
val,val\Subject.9__Walk__6ac21e64__w000036_000083.npz,Subject.9__Walk__6ac21e64__w000036_000083,Subject.9/Walk,Subject.9__Walk__6ac21e64,0,36,83,23.0,0,0.0,0.995580792427063,0.8849821090698242,0.8882589936256409,0.9696969696969697,0.9696969696969697,0.0,0.0,0,0.02371201664209366,0.059172518737614095,False
val,val\Subject.9__Walk__6ac21e64__w000048_000095.npz,Subject.9__Walk__6ac21e64__w000048_000095,Subject.9/Walk,Subject.9__Walk__6ac21e64,0,48,95,23.0,0,0.0,0.995580792427063,0.8595873117446899,0.8627514839172363,0.9696969696969697,0.9696969696969697,0.0,0.0,0,0.02539415843784809,0.06313440725207328,False
val,val\Subject.9__Walk__6ac21e64__w000060_000107.npz,Subject.9__Walk__6ac21e64__w000060_000107,Subject.9/Walk,Subject.9__Walk__6ac21e64,0,60,107,23.0,0,0.0,0.998106062412262,0.8312640190124512,0.8325616121292114,0.9696969696969697,1.0,0.0,0.0,0,0.05729249119758606,0.20451514571905124,False
val,val\Subject.9__Walk__6ac21e64__w000072_000119.npz,Subject.9__Walk__6ac21e64__w000072_000119,Subject.9/Walk,Subject.9__Walk__6ac21e64,0,72,119,23.0,0,0.0,0.9375,0.7576575875282288,0.8044095039367676,0.6060606060606061,0.6666666666666666,0.0,0.0,0,0.14668120443820953,0.7554973691701886,False
val,val\Subject.9__Walk__6ac21e64__w000084_000131.npz,Subject.9__Walk__6ac21e64__w000084_000131,Subject.9/Walk,Subject.9__Walk__6ac21e64,0,84,131,23.0,0,0.0,0.8604797720909119,0.6747867465019226,0.7752233147621155,0.6060606060606061,0.6666666666666666,0.0,0.0,0,0.16170477867126465,0.7669360488653183,False
val,val\Subject.9__Walk__6ac21e64__w000096_000143.npz,Subject.9__Walk__6ac21e64__w000096_000143,Subject.9/Walk,Subject.9__Walk__6ac21e64,0,96,143,23.0,0,0.0,0.7796717286109924,0.5972493886947632,0.7532581090927124,0.6060606060606061,0.6484848484848484,0.0,0.0,0,0.16343891620635986,0.7703783810138702,False
val,val\Subject.9__Walk__6ac21e64__w000108_000155.npz,Subject.9__Walk__6ac21e64__w000108_000155,Subject.9/Walk,Subject.9__Walk__6ac21e64,0,108,155,23.0,0,0.0,0.689393937587738,0.54476398229599,0.7694283723831177,0.5454545454545454,0.596969696969697,0.0,0.0,0,0.128618523478508,0.7673579484224319,False
val,val\Subject.9__Walk__6ac21e64__w000120_000167.npz,Subject.9__Walk__6ac21e64__w000120_000167,Subject.9/Walk,Subject.9__Walk__6ac21e64,0,120,167,23.0,0,0.0,0.6963383555412292,0.554881751537323,0.7745258212089539,0.5454545454545454,0.5454545454545454,0.0,0.0,0,0.053403887897729874,0.14567049667239154,False
val,val\Subject.9__Walk__6ac21e64__w000132_000179.npz,Subject.9__Walk__6ac21e64__w000132_000179,Subject.9/Walk,Subject.9__Walk__6ac21e64,0,132,179,23.0,0,0.0,0.7398989796638489,0.5924590229988098,0.782371461391449,0.5454545454545454,0.5454545454545454,0.0,0.0,0,0.039326731115579605,0.06371545828878877,False
val,val\Subject.9__Walk__6ac21e64__w000144_000191.npz,Subject.9__Walk__6ac21e64__w000144_000191,Subject.9/Walk,Subject.9__Walk__6ac21e64,0,144,191,23.0,0,0.0,0.8042929172515869,0.6510936617851257,0.793747067451477,0.5454545454545454,0.5454545454545454,0.0,0.0,0,0.034430451691150665,0.06042506210505959,False
val,val\Subject.9__Walk__6ac21e64__w000156_000203.npz,Subject.9__Walk__6ac21e64__w000156_000203,Subject.9/Walk,Subject.9__Walk__6ac21e64,0,156,203,23.0,0,0.0,0.873106062412262,0.7151610851287842,0.8089757561683655,0.5454545454545454,0.7575757575757576,0.0,0.0,0,0.02646634355187416,0.05413871128112078,False
val,val\Subject.9__Walk__6ac21e64__w000168_000215.npz,Subject.9__Walk__6ac21e64__w000168_000215,Subject.9/Walk,Subject.9__Walk__6ac21e64,0,168,215,23.0,0,0.0,0.8952020406723022,0.7346351742744446,0.8140482902526855,0.7575757575757576,0.7878787878787878,0.0,0.0,0,0.023551439866423607,0.05454066190868612,False
val,val\Subject.9__Walk__6ac21e64__w000180_000227.npz,Subject.9__Walk__6ac21e64__w000180_000227,Subject.9/Walk,Subject.9__Walk__6ac21e64,0,180,227,23.0,0,0.0,0.8895202279090881,0.750116229057312,0.8386372327804565,0.7575757575757576,0.7878787878787878,0.0,0.0,0,0.019335709512233734,0.049220268800854644,False
test,test\Subject.6__Fall_backwards__50ade5e9__w000000_000047.npz,Subject.6__Fall_backwards__50ade5e9__w000000_000047,Subject.6/Fall backwards,Subject.6__Fall_backwards__50ade5e9,0,0,47,23.0,0,0.0,0.7121211886405945,0.5950202345848083,0.8178072571754456,0.6363636363636364,0.6363636363636364,0.0,0.0,0,0.028787832707166672,0.03865073453634976,False
test,test\Subject.6__Fall_backwards__50ade5e9__w000012_000059.npz,Subject.6__Fall_backwards__50ade5e9__w000012_000059,Subject.6/Fall backwards,Subject.6__Fall_backwards__50ade5e9,0,12,59,23.0,0,0.0,0.7266414165496826,0.5929208993911743,0.8010295033454895,0.6363636363636364,0.6363636363636364,0.0,0.0,0,0.04577910900115967,0.10248983204364773,False
test,test\Subject.6__Fall_backwards__50ade5e9__w000024_000071.npz,Subject.6__Fall_backwards__50ade5e9__w000024_000071,Subject.6/Fall backwards,Subject.6__Fall_backwards__50ade5e9,0,24,71,23.0,0,0.0,0.7405303120613098,0.6066581010818481,0.8040294051170349,0.6363636363636364,0.6363636363636364,0.0,0.0,0,0.0684172734618187,0.15059043094515778,False
test,test\Subject.6__Fall_backwards__50ade5e9__w000036_000083.npz,Subject.6__Fall_backwards__50ade5e9__w000036_000083,Subject.6/Fall backwards,Subject.6__Fall_backwards__50ade5e9,0,36,83,23.0,0,0.0,0.7891414165496826,0.6437656283378601,0.8038503527641296,0.6666666666666666,0.696969696969697,0.0,0.0,0,0.0829603523015976,0.2533221945166586,False
test,test\Subject.6__Fall_backwards__50ade5e9__w000048_000095.npz,Subject.6__Fall_backwards__50ade5e9__w000048_000095,Subject.6/Fall backwards,Subject.6__Fall_backwards__50ade5e9,1,48,95,23.0,5,0.1041666641831398,0.814393937587738,0.6558767557144165,0.7949972152709961,0.6363636363636364,0.696969696969697,0.0,0.0,0,0.12896782159805298,0.5667177021503448,False
test,test\Subject.6__Fall_backwards__50ade5e9__w000060_000107.npz,Subject.6__Fall_backwards__50ade5e9__w000060_000107,Subject.6/Fall backwards,Subject.6__Fall_backwards__50ade5e9,1,60,107,23.0,17,0.3541666567325592,0.7670454382896423,0.5949247479438782,0.7646818161010742,0.45454545454545453,0.6363636363636364,0.0,0.08333333333333333,0,0.15238037705421448,0.6019836366176605,False
test,test\Subject.6__Fall_backwards__50ade5e9__w000072_000119.npz,Subject.6__Fall_backwards__50ade5e9__w000072_000119,Subject.6/Fall backwards,Subject.6__Fall_backwards__50ade5e9,1,72,119,23.0,29,0.6041666865348816,0.8005050420761108,0.6085346341133118,0.7533822059631348,0.45454545454545453,0.48484848484848486,0.0,0.125,0,0.16993531584739685,0.5933496296405791,False
test,test\Subject.6__Fall_backwards__50ade5e9__w000084_000131.npz,Subject.6__Fall_backwards__50ade5e9__w000084_000131,Subject.6/Fall backwards,Subject.6__Fall_backwards__50ade5e9,1,84,131,23.0,41,0.8541666865348816,0.8352272510528564,0.6202027201652527,0.7377436757087708,0.45454545454545453,0.48484848484848486,0.0,0.125,0,0.20362798869609833,0.6019836366176605,False
test,test\Subject.6__Fall_backwards__50ade5e9__w000096_000143.npz,Subject.6__Fall_backwards__50ade5e9__w000096_000143,Subject.6/Fall backwards,Subject.6__Fall_backwards__50ade5e9,1,96,143,23.0,48,1.0,0.8743686676025391,0.6464678645133972,0.7368655204772949,0.45454545454545453,0.48484848484848486,0.0,0.125,0,0.1938663125038147,0.5819130450487136,False
test,test\Subject.6__Fall_backwards__50ade5e9__w000108_000155.npz,Subject.6__Fall_backwards__50ade5e9__w000108_000155,Subject.6/Fall backwards,Subject.6__Fall_backwards__50ade5e9,1,108,155,23.0,48,1.0,0.9678030014038086,0.7618966102600098,0.7870323061943054,0.48484848484848486,0.9696969696969697,0.0,0.041666666666666664,0,0.2019871473312378,0.5434360563755035,False
test,test\Subject.6__Fall_backwards__50ade5e9__w000120_000167.npz,Subject.6__Fall_backwards__50ade5e9__w000120_000167,Subject.6/Fall backwards,Subject.6__Fall_backwards__50ade5e9,1,120,167,23.0,48,1.0,0.997474730014801,0.7891985774040222,0.7910613417625427,0.9696969696969697,1.0,0.0,0.0,0,0.2024998962879181,0.5417744070291519,False
test,test\Subject.6__Fall_backwards__50ade5e9__w000132_000179.npz,Subject.6__Fall_backwards__50ade5e9__w000132_000179,Subject.6/Fall backwards,Subject.6__Fall_backwards__50ade5e9,1,132,179,23.0,48,1.0,1.0,0.8282167315483093,0.8282167315483093,1.0,1.0,0.0,0.0,0,0.1808793991804123,0.5130403816699981,False
test,test\Subject.6__Fall_backwards__50ade5e9__w000144_000191.npz,Subject.6__Fall_backwards__50ade5e9__w000144_000191,Subject.6/Fall backwards,Subject.6__Fall_backwards__50ade5e9,1,144,191,23.0,48,1.0,1.0,0.834770143032074,0.834770143032074,1.0,1.0,0.0,0.0,0,0.17661087214946747,0.5048127323389053,False
test,test\Subject.6__Fall_backwards__50ade5e9__w000156_000203.npz,Subject.6__Fall_backwards__50ade5e9__w000156_000203,Subject.6/Fall backwards,Subject.6__Fall_backwards__50ade5e9,1,156,203,23.0,48,1.0,1.0,0.8297932744026184,0.8297932744026184,1.0,1.0,0.0,0.0,0,0.15814948081970215,0.48083610832691187,False
test,test\Subject.6__Fall_backwards__50ade5e9__w000168_000215.npz,Subject.6__Fall_backwards__50ade5e9__w000168_000215,Subject.6/Fall backwards,Subject.6__Fall_backwards__50ade5e9,1,168,215,23.0,48,1.0,1.0,0.8556981086730957,0.8556981086730957,1.0,1.0,0.0,0.0,0,0.12568576633930206,0.4513877168297761,False
test,test\Subject.6__Fall_backwards__50ade5e9__w000180_000227.npz,Subject.6__Fall_backwards__50ade5e9__w000180_000227,Subject.6/Fall backwards,Subject.6__Fall_backwards__50ade5e9,1,180,227,23.0,48,1.0,0.997474730014801,0.8422498106956482,0.8441768884658813,0.9696969696969697,1.0,0.0,0.0,0,0.10382942110300064,0.33329341113567346,False
test,test\Subject.6__Fall_backwards__50ade5e9__w000192_000239.npz,Subject.6__Fall_backwards__50ade5e9__w000192_000239,Subject.6/Fall backwards,Subject.6__Fall_backwards__50ade5e9,1,192,239,23.0,48,1.0,0.9968434572219849,0.8680299520492554,0.8704794645309448,0.9696969696969697,0.990909090909091,0.0,0.0,0,0.06399033218622208,0.1933360561728476,False
test,test\Subject.6__Fall_backwards__50ade5e9__w000204_000251.npz,Subject.6__Fall_backwards__50ade5e9__w000204_000251,Subject.6/Fall backwards,Subject.6__Fall_backwards__50ade5e9,1,204,251,23.0,48,1.0,0.9968434572219849,0.8704750537872314,0.8729323148727417,0.9696969696969697,0.990909090909091,0.0,0.0,0,0.05515938252210617,0.1495399266481399,False
test,test\Subject.6__Fall_forward__aa6b2a95__w000000_000047.npz,Subject.6__Fall_forward__aa6b2a95__w000000_000047,Subject.6/Fall forward,Subject.6__Fall_forward__aa6b2a95,0,0,47,23.0,0,0.0,1.0,0.9702690839767456,0.9702690839767456,1.0,1.0,0.0,0.0,0,0.010193241760134697,0.02471387349069118,False
test,test\Subject.6__Fall_forward__aa6b2a95__w000012_000059.npz,Subject.6__Fall_forward__aa6b2a95__w000012_000059,Subject.6/Fall forward,Subject.6__Fall_forward__aa6b2a95,0,12,59,23.0,0,0.0,1.0,0.9642354249954224,0.9642354249954224,1.0,1.0,0.0,0.0,0,0.01410161703824997,0.04367825575172899,False
test,test\Subject.6__Fall_forward__aa6b2a95__w000024_000071.npz,Subject.6__Fall_forward__aa6b2a95__w000024_000071,Subject.6/Fall forward,Subject.6__Fall_forward__aa6b2a95,0,24,71,23.0,0,0.0,0.9898989796638489,0.9272286891937256,0.9360811710357666,0.6363636363636364,0.990909090909091,0.0,0.0,0,0.029142683371901512,0.09942462742328635,False
test,test\Subject.6__Fall_forward__aa6b2a95__w000036_000083.npz,Subject.6__Fall_forward__aa6b2a95__w000036_000083,Subject.6/Fall forward,Subject.6__Fall_forward__aa6b2a95,1,36,83,23.0,1,0.02083333395421505,0.9191918969154358,0.8143470883369446,0.883142352104187,0.6060606060606061,0.7212121212121212,0.0,0.0,0,0.06124874949455261,0.24632197543978687,False
test,test\Subject.6__Fall_forward__aa6b2a95__w000048_000095.npz,Subject.6__Fall_forward__aa6b2a95__w000048_000095,Subject.6/Fall forward,Subject.6__Fall_forward__aa6b2a95,1,48,95,23.0,13,0.2708333432674408,0.881313145160675,0.7644867300987244,0.8623492121696472,0.6060606060606061,0.7212121212121212,0.0,0.0,0,0.0683874860405922,0.259424492716789,False
test,test\Subject.6__Fall_forward__aa6b2a95__w000060_000107.npz,Subject.6__Fall_forward__aa6b2a95__w000060_000107,Subject.6/Fall forward,Subject.6__Fall_forward__aa6b2a95,1,60,107,23.0,25,0.5208333134651184,0.8390151262283325,0.6988983154296875,0.8236045241355896,0.6060606060606061,0.7212121212121212,0.0,0.0,0,0.07144340872764587,0.27071204185485825,False
test,test\Subject.6__Fall_forward__aa6b2a95__w000072_000119.npz,Subject.6__Fall_forward__aa6b2a95__w000072_000119,Subject.6/Fall forward,Subject.6__Fall_forward__aa6b2a95,1,72,119,23.0,37,0.7708333134651184,0.8282828330993652,0.6825354695320129,0.8128431439399719,0.6060606060606061,0.7575757575757576,0.0,0.0,0,0.059943992644548416,0.28462789356708496,False
test,test\Subject.6__Fall_forward__aa6b2a95__w000084_000131.npz,Subject.6__Fall_forward__aa6b2a95__w000084_000131,Subject.6/Fall forward,Subject.6__Fall_forward__aa6b2a95,1,84,131,23.0,48,1.0,0.8989899158477783,0.771338701248169,0.8498807549476624,0.7878787878787878,0.7878787878787878,0.0,0.0,0,0.028952155262231827,0.06465112641453734,False
test,test\Subject.6__Fall_forward__aa6b2a95__w000096_000143.npz,Subject.6__Fall_forward__aa6b2a95__w000096_000143,Subject.6/Fall forward,Subject.6__Fall_forward__aa6b2a95,1,96,143,23.0,48,1.0,0.9368686676025391,0.7902547717094421,0.8377561569213867,0.7878787878787878,0.7878787878787878,0.0,0.0,0,0.02076800912618637,0.03147798422724006,False
test,test\Subject.6__Fall_forward__aa6b2a95__w000108_000155.npz,Subject.6__Fall_forward__aa6b2a95__w000108_000155,Subject.6/Fall forward,Subject.6__Fall_forward__aa6b2a95,1,108,155,23.0,48,1.0,0.9760100841522217,0.831155002117157,0.8490741848945618,0.8484848484848485,0.9393939393939394,0.0,0.0,0,0.012924443930387497,0.02406459581106901,False
test,test\Subject.6__Fall_forward__aa6b2a95__w000120_000167.npz,Subject.6__Fall_forward__aa6b2a95__w000120_000167,Subject.6/Fall forward,Subject.6__Fall_forward__aa6b2a95,1,120,167,23.0,48,1.0,0.9968434572219849,0.843349277973175,0.8455610275268555,0.9696969696969697,0.990909090909091,0.0,0.0,0,0.009500822983682156,0.024054649844765665,False
test,test\Subject.6__Fall_forward__aa6b2a95__w000132_000179.npz,Subject.6__Fall_forward__aa6b2a95__w000132_000179,Subject.6/Fall forward,Subject.6__Fall_forward__aa6b2a95,1,132,179,23.0,48,1.0,0.9911616444587708,0.8183156847953796,0.8244613409042358,0.9696969696969697,0.9696969696969697,0.0,0.0,0,0.009686834178864956,0.023919093515723928,False
test,test\Subject.6__Fall_forward__aa6b2a95__w000144_000191.npz,Subject.6__Fall_forward__aa6b2a95__w000144_000191,Subject.6/Fall forward,Subject.6__Fall_forward__aa6b2a95,1,144,191,23.0,48,1.0,0.9880050420761108,0.80304354429245,0.8113088011741638,0.9696969696969697,0.9696969696969697,0.0,0.0,0,0.010897966101765633,0.026260584127157913,False
test,test\Subject.6__Fall_left__81dc36f3__w000000_000047.npz,Subject.6__Fall_left__81dc36f3__w000000_000047,Subject.6/Fall left,Subject.6__Fall_left__81dc36f3,0,0,47,23.0,0,0.0,0.941919207572937,0.7881748676300049,0.8327553272247314,0.7575757575757576,0.8484848484848485,0.0,0.0,0,0.13767990469932556,0.3827319264411923,False
test,test\Subject.6__Fall_left__81dc36f3__w000012_000059.npz,Subject.6__Fall_left__81dc36f3__w000012_000059,Subject.6/Fall left,Subject.6__Fall_left__81dc36f3,1,12,59,23.0,9,0.1875,0.9513888955116272,0.7459897398948669,0.7814753651618958,0.7575757575757576,0.8212121212121213,0.0,0.0,0,0.17196688055992126,0.46217069178819653,False
test,test\Subject.6__Fall_left__81dc36f3__w000024_000071.npz,Subject.6__Fall_left__81dc36f3__w000024_000071,Subject.6/Fall left,Subject.6__Fall_left__81dc36f3,1,24,71,23.0,21,0.4375,0.9469696879386902,0.7306798100471497,0.7695642709732056,0.7575757575757576,0.8212121212121213,0.0,0.0,0,0.22676733136177063,0.6374588996171952,False
test,test\Subject.6__Fall_left__81dc36f3__w000036_000083.npz,Subject.6__Fall_left__81dc36f3__w000036_000083,Subject.6/Fall left,Subject.6__Fall_left__81dc36f3,1,36,83,23.0,33,0.6875,0.9204545617103577,0.6992705464363098,0.7575262188911438,0.7575757575757576,0.7575757575757576,0.0,0.0,0,0.26490068435668945,0.7733379274606699,False
test,test\Subject.6__Fall_left__81dc36f3__w000048_000095.npz,Subject.6__Fall_left__81dc36f3__w000048_000095,Subject.6/Fall left,Subject.6__Fall_left__81dc36f3,1,48,95,23.0,45,0.9375,0.8592171669006348,0.6406266689300537,0.7430956363677979,0.0,0.6363636363636364,0.020833333333333332,0.020833333333333332,1,0.31168636679649353,0.971877518296241,True
test,test\Subject.6__Fall_left__81dc36f3__w000060_000107.npz,Subject.6__Fall_left__81dc36f3__w000060_000107,Subject.6/Fall left,Subject.6__Fall_left__81dc36f3,1,60,107,23.0,48,1.0,0.6982323527336121,0.5314570069313049,0.7565541863441467,0.0,0.0,0.125,0.22916666666666666,6,0.32290416955947876,1.2686541497707366,True
test,test\Subject.6__Fall_left__81dc36f3__w000072_000119.npz,Subject.6__Fall_left__81dc36f3__w000072_000119,Subject.6/Fall left,Subject.6__Fall_left__81dc36f3,1,72,119,23.0,48,1.0,0.6388888955116272,0.47421887516975403,0.7374393939971924,0.0,0.0,0.1875,0.2916666666666667,9,0.3228384256362915,1.343514591455459,True
test,test\Subject.6__Fall_left__81dc36f3__w000084_000131.npz,Subject.6__Fall_left__81dc36f3__w000084_000131,Subject.6/Fall left,Subject.6__Fall_left__81dc36f3,1,84,131,23.0,48,1.0,0.46717172861099243,0.330963671207428,0.7006255388259888,0.0,0.0,0.3541666666666667,0.5208333333333334,17,0.29889217019081116,1.314721149206161,True
test,test\Subject.6__Fall_left__81dc36f3__w000096_000143.npz,Subject.6__Fall_left__81dc36f3__w000096_000143,Subject.6/Fall left,Subject.6__Fall_left__81dc36f3,1,96,143,23.0,48,1.0,0.42297980189323425,0.30741938948631287,0.717436671257019,0.0,0.0,0.4375,0.6041666666666666,21,0.33104249835014343,1.5533271431922888,True
test,test\Subject.6__Fall_left__81dc36f3__w000108_000155.npz,Subject.6__Fall_left__81dc36f3__w000108_000155,Subject.6/Fall left,Subject.6__Fall_left__81dc36f3,1,108,155,23.0,48,1.0,0.5934343338012695,0.39944204688072205,0.6685190796852112,0.0,0.0,0.3333333333333333,0.3958333333333333,16,0.37341466546058655,1.3625751316547374,True
test,test\Subject.6__Fall_left__81dc36f3__w000120_000167.npz,Subject.6__Fall_left__81dc36f3__w000120_000167,Subject.6/Fall left,Subject.6__Fall_left__81dc36f3,1,120,167,23.0,48,1.0,0.6710858345031738,0.4835236668586731,0.7170476913452148,0.0,0.0,0.2708333333333333,0.3333333333333333,13,0.34008002281188965,1.3153288841247557,True
test,test\Subject.6__Fall_left__81dc36f3__w000132_000179.npz,Subject.6__Fall_left__81dc36f3__w000132_000179,Subject.6/Fall left,Subject.6__Fall_left__81dc36f3,1,132,179,23.0,48,1.0,0.868686854839325,0.6395155787467957,0.7338482141494751,0.0,0.42424242424242437,0.10416666666666667,0.10416666666666667,5,0.2978183925151825,1.1146628379821777,True
test,test\Subject.6__Fall_left__81dc36f3__w000144_000191.npz,Subject.6__Fall_left__81dc36f3__w000144_000191,Subject.6/Fall left,Subject.6__Fall_left__81dc36f3,1,144,191,23.0,48,1.0,0.9911616444587708,0.71439528465271,0.7198094725608826,0.9696969696969697,0.9696969696969697,0.0,0.0,0,0.2036336213350296,0.7299416333436963,False
test,test\Subject.6__Fall_left__81dc36f3__w000156_000203.npz,Subject.6__Fall_left__81dc36f3__w000156_000203,Subject.6/Fall left,Subject.6__Fall_left__81dc36f3,1,156,203,23.0,48,1.0,0.9949495196342468,0.7748309969902039,0.7779605984687805,0.9696969696969697,0.9696969696969697,0.0,0.0,0,0.11998936533927917,0.39429445117712014,False
test,test\Subject.6__Fall_left__81dc36f3__w000168_000215.npz,Subject.6__Fall_left__81dc36f3__w000168_000215,Subject.6/Fall left,Subject.6__Fall_left__81dc36f3,1,168,215,23.0,48,1.0,0.995580792427063,0.733985960483551,0.7365149855613708,0.9696969696969697,0.9696969696969697,0.0,0.0,0,0.12793736159801483,0.365371763706207,False
test,test\Subject.6__Fall_left__81dc36f3__w000180_000227.npz,Subject.6__Fall_left__81dc36f3__w000180_000227,Subject.6/Fall left,Subject.6__Fall_left__81dc36f3,1,180,227,23.0,48,1.0,1.0,0.6945813298225403,0.6945813298225403,1.0,1.0,0.0,0.0,0,0.22907280921936035,0.849917486310005,False
test,test\Subject.6__Fall_right__bf92b1cb__w000000_000047.npz,Subject.6__Fall_right__bf92b1cb__w000000_000047,Subject.6/Fall right,Subject.6__Fall_right__bf92b1cb,0,0,47,23.0,0,0.0,1.0,0.95904940366745,0.95904940366745,1.0,1.0,0.0,0.0,0,0.026975534856319427,0.06620242223143577,False
test,test\Subject.6__Fall_right__bf92b1cb__w000012_000059.npz,Subject.6__Fall_right__bf92b1cb__w000012_000059,Subject.6/Fall right,Subject.6__Fall_right__bf92b1cb,0,12,59,23.0,0,0.0,0.9804292917251587,0.9223253130912781,0.9393041133880615,0.8484848484848485,0.9333333333333333,0.0,0.0,0,0.03195086494088173,0.06734529472887515,False
test,test\Subject.6__Fall_right__bf92b1cb__w000024_000071.npz,Subject.6__Fall_right__bf92b1cb__w000024_000071,Subject.6/Fall right,Subject.6__Fall_right__bf92b1cb,0,24,71,23.0,0,0.0,0.9734848737716675,0.8866229057312012,0.9088404178619385,0.8484848484848485,0.9333333333333333,0.0,0.0,0,0.0719180703163147,0.3014784753322601,False
test,test\Subject.6__Fall_right__bf92b1cb__w000036_000083.npz,Subject.6__Fall_right__bf92b1cb__w000036_000083,Subject.6/Fall right,Subject.6__Fall_right__bf92b1cb,1,36,83,23.0,3,0.0625,0.9482323527336121,0.7836114168167114,0.8229588866233826,0.8484848484848485,0.8484848484848485,0.0,0.0,0,0.11223762482404709,0.4119711562991142,False
test,test\Subject.6__Fall_right__bf92b1cb__w000048_000095.npz,Subject.6__Fall_right__bf92b1cb__w000048_000095,Subject.6/Fall right,Subject.6__Fall_right__bf92b1cb,1,48,95,23.0,15,0.3125,0.9273989796638489,0.6851520538330078,0.7336606383323669,0.8484848484848485,0.8484848484848485,0.0,0.0,0,0.13419967889785767,0.4391843140125273,False
test,test\Subject.6__Fall_right__bf92b1cb__w000060_000107.npz,Subject.6__Fall_right__bf92b1cb__w000060_000107,Subject.6/Fall right,Subject.6__Fall_right__bf92b1cb,1,60,107,23.0,27,0.5625,0.9198232293128967,0.6438814997673035,0.6951708793640137,0.7575757575757576,0.8484848484848485,0.0,0.0,0,0.14424093067646027,0.44597143977880416,False
test,test\Subject.6__Fall_right__bf92b1cb__w000072_000119.npz,Subject.6__Fall_right__bf92b1cb__w000072_000119,Subject.6/Fall right,Subject.6__Fall_right__bf92b1cb,1,72,119,23.0,39,0.8125,0.8920454382896423,0.5925595164299011,0.6589640378952026,0.7575757575757576,0.8484848484848485,0.0,0.0,0,0.15424291789531708,0.6578920423984522,False
test,test\Subject.6__Fall_right__bf92b1cb__w000084_000131.npz,Subject.6__Fall_right__bf92b1cb__w000084_000131,Subject.6/Fall right,Subject.6__Fall_right__bf92b1cb,1,84,131,23.0,48,1.0,0.9059343338012695,0.6316086649894714,0.6929308772087097,0.7575757575757576,0.8484848484848485,0.0,0.0,0,0.1644783467054367,0.6450532436370802,False
test,test\Subject.6__Fall_right__bf92b1cb__w000096_000143.npz,Subject.6__Fall_right__bf92b1cb__w000096_000143,Subject.6/Fall right,Subject.6__Fall_right__bf92b1cb,1,96,143,23.0,48,1.0,0.8989899158477783,0.6696437001228333,0.7407312989234924,0.7575757575757576,0.8484848484848485,0.0,0.0,0,0.1703207790851593,0.5985188633203498,False
test,test\Subject.6__Fall_right__bf92b1cb__w000108_000155.npz,Subject.6__Fall_right__bf92b1cb__w000108_000155,Subject.6/Fall right,Subject.6__Fall_right__bf92b1cb,1,108,155,23.0,48,1.0,0.8907828330993652,0.7046274542808533,0.7858023047447205,0.8484848484848485,0.8484848484848485,0.0,0.0,0,0.15015336871147156,0.567693808674812,False
test,test\Subject.6__Fall_right__bf92b1cb__w000120_000167.npz,Subject.6__Fall_right__bf92b1cb__w000120_000167,Subject.6/Fall right,Subject.6__Fall_right__bf92b1cb,1,120,167,23.0,48,1.0,0.9090909361839294,0.6988694071769714,0.763608455657959,0.8484848484848485,0.8484848484848485,0.0,0.0,0,0.10384450107812881,0.45705003738403316,False
test,test\Subject.6__Fall_right__bf92b1cb__w000132_000179.npz,Subject.6__Fall_right__bf92b1cb__w000132_000179,Subject.6/Fall right,Subject.6__Fall_right__bf92b1cb,1,132,179,23.0,48,1.0,0.9090909361839294,0.6855920553207397,0.7488309144973755,0.8484848484848485,0.8484848484848485,0.0,0.0,0,0.06844289600849152,0.2941950708627681,False
test,test\Subject.6__Fall_right__bf92b1cb__w000144_000191.npz,Subject.6__Fall_right__bf92b1cb__w000144_000191,Subject.6/Fall right,Subject.6__Fall_right__bf92b1cb,1,144,191,23.0,48,1.0,0.935606062412262,0.6782031655311584,0.7211819887161255,0.8484848484848485,0.8484848484848485,0.0,0.0,0,0.0559091754257679,0.1650993168354031,False
test,test\Subject.6__Fall_right__bf92b1cb__w000156_000203.npz,Subject.6__Fall_right__bf92b1cb__w000156_000203,Subject.6/Fall right,Subject.6__Fall_right__bf92b1cb,1,156,203,23.0,48,1.0,0.9709596037864685,0.6490723490715027,0.6669908165931702,0.9090909090909091,0.9090909090909091,0.0,0.0,0,0.064322330057621,0.18892477378249167,False
test,test\Subject.6__Fall_right__bf92b1cb__w000168_000215.npz,Subject.6__Fall_right__bf92b1cb__w000168_000215,Subject.6/Fall right,Subject.6__Fall_right__bf92b1cb,1,168,215,23.0,48,1.0,0.9785353541374207,0.6819449663162231,0.6959609985351562,0.7575757575757576,0.9090909090909091,0.0,0.0,0,0.07460454851388931,0.2459872886538504,False
test,test\Subject.6__Fall_right__bf92b1cb__w000180_000227.npz,Subject.6__Fall_right__bf92b1cb__w000180_000227,Subject.6/Fall right,Subject.6__Fall_right__bf92b1cb,1,180,227,23.0,48,1.0,0.9469696879386902,0.601063072681427,0.6330050230026245,0.5757575757575758,0.7575757575757576,0.0,0.0,0,0.10256311297416687,0.2879004687070844,False
test,test\Subject.6__Fall_sitting__e7f484db__w000000_000047.npz,Subject.6__Fall_sitting__e7f484db__w000000_000047,Subject.6/Fall sitting,Subject.6__Fall_sitting__e7f484db,0,0,47,23.0,0,0.0,0.9135100841522217,0.7520765066146851,0.8143759965896606,0.8484848484848485,0.8484848484848485,0.0,0.0,0,0.03277182951569557,0.07783986404538151,False
test,test\Subject.6__Fall_sitting__e7f484db__w000012_000059.npz,Subject.6__Fall_sitting__e7f484db__w000012_000059,Subject.6/Fall sitting,Subject.6__Fall_sitting__e7f484db,0,12,59,23.0,0,0.0,0.9387626051902771,0.770660400390625,0.8145731687545776,0.8484848484848485,0.8484848484848485,0.0,0.0,0,0.037375595420598984,0.09951891340315318,False
test,test\Subject.6__Fall_sitting__e7f484db__w000024_000071.npz,Subject.6__Fall_sitting__e7f484db__w000024_000071,Subject.6/Fall sitting,Subject.6__Fall_sitting__e7f484db,0,24,71,23.0,0,0.0,0.9179292917251587,0.725649356842041,0.7828346490859985,0.8181818181818182,0.8484848484848485,0.0,0.0,0,0.0534842386841774,0.1409094244241713,False
test,test\Subject.6__Fall_sitting__e7f484db__w000036_000083.npz,Subject.6__Fall_sitting__e7f484db__w000036_000083,Subject.6/Fall sitting,Subject.6__Fall_sitting__e7f484db,0,36,83,23.0,0,0.0,0.9292929172515869,0.7030211091041565,0.7516111135482788,0.8181818181818182,0.8484848484848485,0.0,0.0,0,0.08074263483285904,0.25816819220781323,False
test,test\Subject.6__Fall_sitting__e7f484db__w000048_000095.npz,Subject.6__Fall_sitting__e7f484db__w000048_000095,Subject.6/Fall sitting,Subject.6__Fall_sitting__e7f484db,0,48,95,23.0,0,0.0,0.9267676472663879,0.6934828162193298,0.7433176636695862,0.8181818181818182,0.8484848484848485,0.0,0.0,0,0.11830206960439682,0.3955745965242385,False
test,test\Subject.6__Fall_sitting__e7f484db__w000060_000107.npz,Subject.6__Fall_sitting__e7f484db__w000060_000107,Subject.6/Fall sitting,Subject.6__Fall_sitting__e7f484db,1,60,107,23.0,1,0.02083333395421505,0.9053030014038086,0.6743232607841492,0.7378840446472168,0.7272727272727273,0.8484848484848485,0.0,0.0,0,0.14279738068580627,0.4137794047594068,False
test,test\Subject.6__Fall_sitting__e7f484db__w000072_000119.npz,Subject.6__Fall_sitting__e7f484db__w000072_000119,Subject.6/Fall sitting,Subject.6__Fall_sitting__e7f484db,1,72,119,23.0,13,0.2708333432674408,0.9015151262283325,0.7017103433609009,0.7728577256202698,0.7272727272727273,0.7878787878787878,0.0,0.0,0,0.13322648406028748,0.3799016326665877,False
test,test\Subject.6__Fall_sitting__e7f484db__w000084_000131.npz,Subject.6__Fall_sitting__e7f484db__w000084_000131,Subject.6/Fall sitting,Subject.6__Fall_sitting__e7f484db,1,84,131,23.0,25,0.5208333134651184,0.8958333134651184,0.7246736288070679,0.8038322329521179,0.7272727272727273,0.7878787878787878,0.0,0.0,0,0.11239571869373322,0.3266804561018944,False
test,test\Subject.6__Fall_sitting__e7f484db__w000096_000143.npz,Subject.6__Fall_sitting__e7f484db__w000096_000143,Subject.6/Fall sitting,Subject.6__Fall_sitting__e7f484db,1,96,143,23.0,37,0.7708333134651184,0.879419207572937,0.738313615322113,0.8319939374923706,0.7272727272727273,0.7878787878787878,0.0,0.0,0,0.08993050456047058,0.24757892265915865,False
test,test\Subject.6__Fall_sitting__e7f484db__w000108_000155.npz,Subject.6__Fall_sitting__e7f484db__w000108_000155,Subject.6/Fall sitting,Subject.6__Fall_sitting__e7f484db,1,108,155,23.0,48,1.0,0.9027777910232544,0.7479482293128967,0.8228052854537964,0.7575757575757576,0.8484848484848485,0.0,0.0,0,0.07009502500295639,0.19935595691204,False
test,test\Subject.6__Fall_sitting__e7f484db__w000120_000167.npz,Subject.6__Fall_sitting__e7f484db__w000120_000167,Subject.6/Fall sitting,Subject.6__Fall_sitting__e7f484db,1,120,167,23.0,48,1.0,0.9261363744735718,0.7419143915176392,0.7956599593162537,0.8484848484848485,0.8484848484848485,0.0,0.0,0,0.0906727984547615,0.38903422951698263,False
test,test\Subject.6__Fall_sitting__e7f484db__w000132_000179.npz,Subject.6__Fall_sitting__e7f484db__w000132_000179,Subject.6/Fall sitting,Subject.6__Fall_sitting__e7f484db,1,132,179,23.0,48,1.0,0.935606062412262,0.7314300537109375,0.7766684889793396,0.8484848484848485,0.8484848484848485,0.0,0.0,0,0.14938145875930786,0.6160142898559571,False
test,test\Subject.6__Fall_sitting__e7f484db__w000144_000191.npz,Subject.6__Fall_sitting__e7f484db__w000144_000191,Subject.6/Fall sitting,Subject.6__Fall_sitting__e7f484db,1,144,191,23.0,48,1.0,0.9273989796638489,0.7026814222335815,0.7532456517219543,0.7878787878787878,0.8484848484848485,0.0,0.0,0,0.16334356367588043,0.6525027811527251,False
test,test\Subject.6__Fall_sitting__e7f484db__w000156_000203.npz,Subject.6__Fall_sitting__e7f484db__w000156_000203,Subject.6/Fall sitting,Subject.6__Fall_sitting__e7f484db,1,156,203,23.0,48,1.0,0.9147727489471436,0.6667101383209229,0.7246437668800354,0.7878787878787878,0.8484848484848485,0.0,0.0,0,0.20094719529151917,0.66424001455307,False
test,test\Subject.6__Fall_sitting__e7f484db__w000168_000215.npz,Subject.6__Fall_sitting__e7f484db__w000168_000215,Subject.6/Fall sitting,Subject.6__Fall_sitting__e7f484db,1,168,215,23.0,48,1.0,0.9198232293128967,0.6617815494537354,0.7161521911621094,0.7878787878787878,0.8484848484848485,0.0,0.0,0,0.1964988261461258,0.6548538446426391,False
test,test\Subject.6__Fall_sitting__e7f484db__w000180_000227.npz,Subject.6__Fall_sitting__e7f484db__w000180_000227,Subject.6/Fall sitting,Subject.6__Fall_sitting__e7f484db,1,180,227,23.0,48,1.0,0.9002525210380554,0.6584790349006653,0.7274438142776489,0.7878787878787878,0.8484848484848485,0.0,0.0,0,0.1534157246351242,0.5304496437311161,False
test,test\Subject.6__Fall_sitting__e7f484db__w000192_000239.npz,Subject.6__Fall_sitting__e7f484db__w000192_000239,Subject.6/Fall sitting,Subject.6__Fall_sitting__e7f484db,1,192,239,23.0,48,1.0,0.9280303120613098,0.6520935297012329,0.7006694674491882,0.8484848484848485,0.8484848484848485,0.0,0.0,0,0.13650083541870117,0.3989468052983282,False
test,test\Subject.6__Hop__a53fae5b__w000000_000047.npz,Subject.6__Hop__a53fae5b__w000000_000047,Subject.6/Hop,Subject.6__Hop__a53fae5b,0,0,47,23.0,0,0.0,1.0,0.8833742737770081,0.8833742737770081,1.0,1.0,0.0,0.0,0,0.023264670744538307,0.06278345435857768,False
test,test\Subject.6__Hop__a53fae5b__w000012_000059.npz,Subject.6__Hop__a53fae5b__w000012_000059,Subject.6/Hop,Subject.6__Hop__a53fae5b,0,12,59,23.0,0,0.0,1.0,0.9165623188018799,0.9165623188018799,1.0,1.0,0.0,0.0,0,0.027079327031970024,0.06943360716104506,False
test,test\Subject.6__Hop__a53fae5b__w000024_000071.npz,Subject.6__Hop__a53fae5b__w000024_000071,Subject.6/Hop,Subject.6__Hop__a53fae5b,0,24,71,23.0,0,0.0,1.0,0.9263550639152527,0.9263550639152527,1.0,1.0,0.0,0.0,0,0.03648173809051514,0.1114393293857574,False
test,test\Subject.6__Hop__a53fae5b__w000036_000083.npz,Subject.6__Hop__a53fae5b__w000036_000083,Subject.6/Hop,Subject.6__Hop__a53fae5b,0,36,83,23.0,0,0.0,1.0,0.917140781879425,0.917140781879425,1.0,1.0,0.0,0.0,0,0.05473287031054497,0.17926197126507754,False
test,test\Subject.6__Hop__a53fae5b__w000048_000095.npz,Subject.6__Hop__a53fae5b__w000048_000095,Subject.6/Hop,Subject.6__Hop__a53fae5b,0,48,95,23.0,0,0.0,1.0,0.9347153306007385,0.9347153306007385,1.0,1.0,0.0,0.0,0,0.06829576939344406,0.2612010106444358,False
test,test\Subject.6__Hop__a53fae5b__w000060_000107.npz,Subject.6__Hop__a53fae5b__w000060_000107,Subject.6/Hop,Subject.6__Hop__a53fae5b,0,60,107,23.0,0,0.0,0.9968434572219849,0.892244279384613,0.894752562046051,0.9696969696969697,0.990909090909091,0.0,0.0,0,0.09163902699947357,0.43078014105558315,False
test,test\Subject.6__Hop__a53fae5b__w000072_000119.npz,Subject.6__Hop__a53fae5b__w000072_000119,Subject.6/Hop,Subject.6__Hop__a53fae5b,0,72,119,23.0,0,0.0,0.9962121248245239,0.8592365980148315,0.8620794415473938,0.9696969696969697,0.9696969696969697,0.0,0.0,0,0.08916344493627548,0.43078014105558315,False
test,test\Subject.6__Hop__a53fae5b__w000084_000131.npz,Subject.6__Hop__a53fae5b__w000084_000131,Subject.6/Hop,Subject.6__Hop__a53fae5b,0,84,131,23.0,0,0.0,0.9962121248245239,0.8417333960533142,0.8445096611976624,0.9696969696969697,0.9696969696969697,0.0,0.0,0,0.0923101082444191,0.4369090244174003,False
test,test\Subject.6__Hop__a53fae5b__w000096_000143.npz,Subject.6__Hop__a53fae5b__w000096_000143,Subject.6/Hop,Subject.6__Hop__a53fae5b,0,96,143,23.0,0,0.0,0.9962121248245239,0.83621746301651,0.8389726877212524,0.9696969696969697,0.9696969696969697,0.0,0.0,0,0.09187043458223343,0.4217599526047706,False
test,test\Subject.6__Hop__a53fae5b__w000108_000155.npz,Subject.6__Hop__a53fae5b__w000108_000155,Subject.6/Hop,Subject.6__Hop__a53fae5b,0,108,155,23.0,0,0.0,0.9993686676025391,0.8852920532226562,0.8857445120811462,0.9696969696969697,1.0,0.0,0.0,0,0.07104876637458801,0.3527355432510375,False
test,test\Subject.6__Kneel__554bdadf__w000000_000047.npz,Subject.6__Kneel__554bdadf__w000000_000047,Subject.6/Kneel,Subject.6__Kneel__554bdadf,0,0,47,23.0,0,0.0,0.9728535413742065,0.8064948320388794,0.8271808624267578,0.8484848484848485,0.9121212121212122,0.0,0.0,0,0.09266053140163422,0.5464094370603559,False
test,test\Subject.6__Kneel__554bdadf__w000012_000059.npz,Subject.6__Kneel__554bdadf__w000012_000059,Subject.6/Kneel,Subject.6__Kneel__554bdadf,0,12,59,23.0,0,0.0,0.9267676472663879,0.7385543584823608,0.791650116443634,0.7878787878787878,0.7878787878787878,0.0,0.0,0,0.0921311229467392,0.5498363822698592,False
test,test\Subject.6__Kneel__554bdadf__w000024_000071.npz,Subject.6__Kneel__554bdadf__w000024_000071,Subject.6/Kneel,Subject.6__Kneel__554bdadf,0,24,71,23.0,0,0.0,0.9223484992980957,0.7106375694274902,0.7652691602706909,0.7878787878787878,0.7878787878787878,0.0,0.0,0,0.09403661638498306,0.5440128654241561,False
test,test\Subject.6__Kneel__554bdadf__w000036_000083.npz,Subject.6__Kneel__554bdadf__w000036_000083,Subject.6/Kneel,Subject.6__Kneel__554bdadf,0,36,83,23.0,0,0.0,0.8718434572219849,0.7046471834182739,0.7998785972595215,0.7575757575757576,0.7787878787878788,0.0,0.0,0,0.05151898041367531,0.16901449635624827,False
test,test\Subject.6__Kneel__554bdadf__w000048_000095.npz,Subject.6__Kneel__554bdadf__w000048_000095,Subject.6/Kneel,Subject.6__Kneel__554bdadf,0,48,95,23.0,0,0.0,0.8857323527336121,0.7195718288421631,0.8045930862426758,0.7575757575757576,0.7787878787878788,0.0,0.0,0,0.04451759532094002,0.1298578143119811,False
test,test\Subject.6__Kneel__554bdadf__w000060_000107.npz,Subject.6__Kneel__554bdadf__w000060_000107,Subject.6/Kneel,Subject.6__Kneel__554bdadf,0,60,107,23.0,0,0.0,0.9242424368858337,0.7447221279144287,0.8011829853057861,0.7575757575757576,0.7787878787878788,0.0,0.0,0,0.04459800571203232,0.12567065581679343,False
test,test\Subject.6__Kneel__554bdadf__w000072_000119.npz,Subject.6__Kneel__554bdadf__w000072_000119,Subject.6/Kneel,Subject.6__Kneel__554bdadf,0,72,119,23.0,0,0.0,0.935606062412262,0.7810158729553223,0.8308834433555603,0.7575757575757576,0.7787878787878788,0.0,0.0,0,0.03731967508792877,0.08506946675479411,False
test,test\Subject.6__Kneel__554bdadf__w000084_000131.npz,Subject.6__Kneel__554bdadf__w000084_000131,Subject.6/Kneel,Subject.6__Kneel__554bdadf,0,84,131,23.0,0,0.0,0.9785353541374207,0.7858284115791321,0.801124095916748,0.8787878787878788,0.9393939393939394,0.0,0.0,0,0.039115794003009796,0.09495940431952477,False
test,test\Subject.6__Kneel__554bdadf__w000096_000143.npz,Subject.6__Kneel__554bdadf__w000096_000143,Subject.6/Kneel,Subject.6__Kneel__554bdadf,0,96,143,23.0,0,0.0,0.9577020406723022,0.7774678468704224,0.8081856369972229,0.8181818181818182,0.8787878787878788,0.0,0.0,0,0.040708232671022415,0.09413904696702956,False
test,test\Subject.6__Kneel__554bdadf__w000108_000155.npz,Subject.6__Kneel__554bdadf__w000108_000155,Subject.6/Kneel,Subject.6__Kneel__554bdadf,0,108,155,23.0,0,0.0,0.9021464586257935,0.7580094933509827,0.8351551294326782,0.696969696969697,0.7393939393939394,0.0,0.0,0,0.04169594123959541,0.09351118467748165,False
test,test\Subject.6__Kneel__554bdadf__w000120_000167.npz,Subject.6__Kneel__554bdadf__w000120_000167,Subject.6/Kneel,Subject.6__Kneel__554bdadf,0,120,167,23.0,0,0.0,0.8440656661987305,0.7205682396888733,0.8465036749839783,0.696969696969697,0.7393939393939394,0.0,0.0,0,0.044775452464818954,0.0965531013906002,False
test,test\Subject.6__Kneel__554bdadf__w000132_000179.npz,Subject.6__Kneel__554bdadf__w000132_000179,Subject.6/Kneel,Subject.6__Kneel__554bdadf,0,132,179,23.0,0,0.0,0.8314393758773804,0.7116998434066772,0.8484960794448853,0.696969696969697,0.7393939393939394,0.0,0.0,0,0.045552659779787064,0.11151568554341791,False
test,test\Subject.6__Pick_up_object__cf2426e8__w000000_000047.npz,Subject.6__Pick_up_object__cf2426e8__w000000_000047,Subject.6/Pick up object,Subject.6__Pick_up_object__cf2426e8,0,0,47,23.0,0,0.0,1.0,0.9135913252830505,0.9135913252830505,1.0,1.0,0.0,0.0,0,0.020770201459527016,0.05811816938221454,False
test,test\Subject.6__Pick_up_object__cf2426e8__w000012_000059.npz,Subject.6__Pick_up_object__cf2426e8__w000012_000059,Subject.6/Pick up object,Subject.6__Pick_up_object__cf2426e8,0,12,59,23.0,0,0.0,1.0,0.865389347076416,0.865389347076416,1.0,1.0,0.0,0.0,0,0.04360649734735489,0.19307219684123988,False
test,test\Subject.6__Pick_up_object__cf2426e8__w000024_000071.npz,Subject.6__Pick_up_object__cf2426e8__w000024_000071,Subject.6/Pick up object,Subject.6__Pick_up_object__cf2426e8,0,24,71,23.0,0,0.0,0.7916666865348816,0.6591581702232361,0.8326209783554077,0.0,0.0,0.20833333333333334,0.20833333333333334,10,0.07223119586706161,0.29603970944881436,True
test,test\Subject.6__Pick_up_object__cf2426e8__w000036_000083.npz,Subject.6__Pick_up_object__cf2426e8__w000036_000083,Subject.6/Pick up object,Subject.6__Pick_up_object__cf2426e8,0,36,83,23.0,0,0.0,0.6483585834503174,0.49665966629981995,0.7639518976211548,0.0,0.0,0.3125,0.3333333333333333,15,0.11472056806087494,0.6523201346397393,True
test,test\Subject.6__Pick_up_object__cf2426e8__w000048_000095.npz,Subject.6__Pick_up_object__cf2426e8__w000048_000095,Subject.6/Pick up object,Subject.6__Pick_up_object__cf2426e8,0,48,95,23.0,0,0.0,0.6395202279090881,0.4384596347808838,0.6823827028274536,0.0,0.0,0.3125,0.3333333333333333,15,0.1364145427942276,0.6536587715148926,True
test,test\Subject.6__Pick_up_object__cf2426e8__w000060_000107.npz,Subject.6__Pick_up_object__cf2426e8__w000060_000107,Subject.6/Pick up object,Subject.6__Pick_up_object__cf2426e8,0,60,107,23.0,0,0.0,0.46590909361839294,0.28217369318008423,0.6001147031784058,0.0,0.0,0.4583333333333333,0.4791666666666667,22,0.14150851964950562,0.8113393694162369,True
test,test\Subject.6__Pick_up_object__cf2426e8__w000072_000119.npz,Subject.6__Pick_up_object__cf2426e8__w000072_000119,Subject.6/Pick up object,Subject.6__Pick_up_object__cf2426e8,0,72,119,23.0,0,0.0,0.4709596037864685,0.28035685420036316,0.5879042744636536,0.0,0.0,0.4166666666666667,0.4375,20,0.12348508089780807,0.7191694766283031,True
test,test\Subject.6__Pick_up_object__cf2426e8__w000084_000131.npz,Subject.6__Pick_up_object__cf2426e8__w000084_000131,Subject.6/Pick up object,Subject.6__Pick_up_object__cf2426e8,0,84,131,23.0,0,0.0,0.4943181872367859,0.29675036668777466,0.5927807092666626,0.0,0.0,0.3125,0.3125,15,0.08187314867973328,0.36272492259740746,True
test,test\Subject.6__Pick_up_object__cf2426e8__w000096_000143.npz,Subject.6__Pick_up_object__cf2426e8__w000096_000143,Subject.6/Pick up object,Subject.6__Pick_up_object__cf2426e8,0,96,143,23.0,0,0.0,0.28787878155708313,0.15933766961097717,0.5407695174217224,0.0,0.0,0.5,0.5,24,0.07408985495567322,0.5450017601251527,True
test,test\Subject.6__Pick_up_object__cf2426e8__w000108_000155.npz,Subject.6__Pick_up_object__cf2426e8__w000108_000155,Subject.6/Pick up object,Subject.6__Pick_up_object__cf2426e8,0,108,155,23.0,0,0.0,0.42297980189323425,0.2551352083683014,0.5942814350128174,0.0,0.0,0.375,0.3958333333333333,18,0.09555842727422714,0.4465565279126162,True
test,test\Subject.6__Pick_up_object__cf2426e8__w000120_000167.npz,Subject.6__Pick_up_object__cf2426e8__w000120_000167,Subject.6/Pick up object,Subject.6__Pick_up_object__cf2426e8,0,120,167,23.0,0,0.0,0.6262626051902771,0.4398753345012665,0.6978095173835754,0.0,0.0,0.20833333333333334,0.22916666666666666,10,0.09693914651870728,0.3855076760053633,True
test,test\Subject.6__Pick_up_object__cf2426e8__w000132_000179.npz,Subject.6__Pick_up_object__cf2426e8__w000132_000179,Subject.6/Pick up object,Subject.6__Pick_up_object__cf2426e8,0,132,179,23.0,0,0.0,0.7462121248245239,0.5880265831947327,0.7863160967826843,0.0,0.0,0.20833333333333334,0.22916666666666666,10,0.09445926547050476,0.3602780640125274,True
test,test\Subject.6__Pick_up_object__cf2426e8__w000144_000191.npz,Subject.6__Pick_up_object__cf2426e8__w000144_000191,Subject.6/Pick up object,Subject.6__Pick_up_object__cf2426e8,0,144,191,23.0,0,0.0,0.9614899158477783,0.797322154045105,0.8286149501800537,0.0,0.9393939393939394,0.020833333333333332,0.041666666666666664,1,0.0648859366774559,0.25162596106529217,True
test,test\Subject.6__Sit_down__c72d113c__w000000_000047.npz,Subject.6__Sit_down__c72d113c__w000000_000047,Subject.6/Sit down,Subject.6__Sit_down__c72d113c,0,0,47,23.0,0,0.0,0.8907828330993652,0.7558113932609558,0.8422620296478271,0.7575757575757576,0.8181818181818182,0.0,0.0,0,0.04262522608041763,0.08737997263669967,False
test,test\Subject.6__Sit_down__c72d113c__w000012_000059.npz,Subject.6__Sit_down__c72d113c__w000012_000059,Subject.6/Sit down,Subject.6__Sit_down__c72d113c,0,12,59,23.0,0,0.0,0.8358585834503174,0.6867355108261108,0.8138419389724731,0.7272727272727273,0.7272727272727273,0.0,0.0,0,0.04555206000804901,0.08340024538338181,False
test,test\Subject.6__Sit_down__c72d113c__w000024_000071.npz,Subject.6__Sit_down__c72d113c__w000024_000071,Subject.6/Sit down,Subject.6__Sit_down__c72d113c,0,24,71,23.0,0,0.0,0.8023989796638489,0.6643507480621338,0.8191111087799072,0.7272727272727273,0.7272727272727273,0.0,0.0,0,0.05273514613509178,0.11921666748821734,False
test,test\Subject.6__Sit_down__c72d113c__w000036_000083.npz,Subject.6__Sit_down__c72d113c__w000036_000083,Subject.6/Sit down,Subject.6__Sit_down__c72d113c,0,36,83,23.0,0,0.0,0.7613636255264282,0.6239720582962036,0.8085072040557861,0.5757575757575758,0.6484848484848484,0.0,0.0,0,0.08350900560617447,0.2927148833870888,False
test,test\Subject.6__Sit_down__c72d113c__w000048_000095.npz,Subject.6__Sit_down__c72d113c__w000048_000095,Subject.6/Sit down,Subject.6__Sit_down__c72d113c,0,48,95,23.0,0,0.0,0.7272727489471436,0.5857039093971252,0.791741132736206,0.5454545454545454,0.5757575757575758,0.0,0.0,0,0.13054990768432617,0.4050715297460552,False
test,test\Subject.6__Sit_down__c72d113c__w000060_000107.npz,Subject.6__Sit_down__c72d113c__w000060_000107,Subject.6/Sit down,Subject.6__Sit_down__c72d113c,0,60,107,23.0,0,0.0,0.751893937587738,0.6041163206100464,0.7914090156555176,0.5454545454545454,0.5757575757575758,0.0,0.0,0,0.12881478667259216,0.37435995340347283,False
test,test\Subject.6__Sit_down__c72d113c__w000072_000119.npz,Subject.6__Sit_down__c72d113c__w000072_000119,Subject.6/Sit down,Subject.6__Sit_down__c72d113c,0,72,119,23.0,0,0.0,0.7904040217399597,0.6217928528785706,0.7768308520317078,0.5454545454545454,0.5757575757575758,0.0,0.0,0,0.11948711425065994,0.3859785005450247,False
test,test\Subject.6__Sit_down__c72d113c__w000084_000131.npz,Subject.6__Sit_down__c72d113c__w000084_000131,Subject.6/Sit down,Subject.6__Sit_down__c72d113c,0,84,131,23.0,0,0.0,0.873106062412262,0.6938433647155762,0.7890269160270691,0.5454545454545454,0.6606060606060606,0.0,0.0,0,0.10667286813259125,0.4006948307156562,False
test,test\Subject.6__Sit_down__c72d113c__w000096_000143.npz,Subject.6__Sit_down__c72d113c__w000096_000143,Subject.6/Sit down,Subject.6__Sit_down__c72d113c,0,96,143,23.0,0,0.0,0.9444444179534912,0.7523258328437805,0.7938233017921448,0.8484848484848485,0.8484848484848485,0.0,0.0,0,0.05226533114910126,0.22785716429352745,False
test,test\Subject.6__Sit_down__c72d113c__w000108_000155.npz,Subject.6__Sit_down__c72d113c__w000108_000155,Subject.6/Sit down,Subject.6__Sit_down__c72d113c,0,108,155,23.0,0,0.0,0.9589646458625793,0.782107412815094,0.8107749223709106,0.8181818181818182,0.9090909090909091,0.0,0.0,0,0.05415694788098335,0.2664030790328979,False
test,test\Subject.6__Sit_down__c72d113c__w000120_000167.npz,Subject.6__Sit_down__c72d113c__w000120_000167,Subject.6/Sit down,Subject.6__Sit_down__c72d113c,0,120,167,23.0,0,0.0,0.9646464586257935,0.7933057546615601,0.8177549242973328,0.8181818181818182,0.9090909090909091,0.0,0.0,0,0.04645730182528496,0.2150485262274742,False
test,test\Subject.6__Sit_down__c72d113c__w000132_000179.npz,Subject.6__Sit_down__c72d113c__w000132_000179,Subject.6/Sit down,Subject.6__Sit_down__c72d113c,0,132,179,23.0,0,0.0,0.935606062412262,0.7624029517173767,0.8072364926338196,0.8181818181818182,0.8484848484848485,0.0,0.0,0,0.03485632315278053,0.06343821696937084,False
test,test\Subject.6__Walk__2dae7b75__w000000_000047.npz,Subject.6__Walk__2dae7b75__w000000_000047,Subject.6/Walk,Subject.6__Walk__2dae7b75,0,0,47,23.0,0,0.0,1.0,0.9507940411567688,0.9507940411567688,1.0,1.0,0.0,0.0,0,0.01756204664707184,0.0455843113362789,False
test,test\Subject.6__Walk__2dae7b75__w000012_000059.npz,Subject.6__Walk__2dae7b75__w000012_000059,Subject.6/Walk,Subject.6__Walk__2dae7b75,0,12,59,23.0,0,0.0,1.0,0.9394220113754272,0.9394220113754272,1.0,1.0,0.0,0.0,0,0.019821492955088615,0.05184045955538749,False
test,test\Subject.6__Walk__2dae7b75__w000024_000071.npz,Subject.6__Walk__2dae7b75__w000024_000071,Subject.6/Walk,Subject.6__Walk__2dae7b75,0,24,71,23.0,0,0.0,1.0,0.9317943453788757,0.9317943453788757,1.0,1.0,0.0,0.0,0,0.0219799242913723,0.0530353270471096,False
test,test\Subject.6__Walk__2dae7b75__w000036_000083.npz,Subject.6__Walk__2dae7b75__w000036_000083,Subject.6/Walk,Subject.6__Walk__2dae7b75,0,36,83,23.0,0,0.0,1.0,0.9285791516304016,0.9285791516304016,1.0,1.0,0.0,0.0,0,0.025345981121063232,0.0647711396217346,False
test,test\Subject.6__Walk__2dae7b75__w000048_000095.npz,Subject.6__Walk__2dae7b75__w000048_000095,Subject.6/Walk,Subject.6__Walk__2dae7b75,0,48,95,23.0,0,0.0,1.0,0.8867248892784119,0.8867248892784119,1.0,1.0,0.0,0.0,0,0.04093369096517563,0.12414039745926829,False
test,test\Subject.6__Walk__2dae7b75__w000060_000107.npz,Subject.6__Walk__2dae7b75__w000060_000107,Subject.6/Walk,Subject.6__Walk__2dae7b75,0,60,107,23.0,0,0.0,0.9217171669006348,0.7796111702919006,0.8428465723991394,0.5757575757575758,0.5757575757575758,0.0,0.0,0,0.09105239063501358,0.4284664735198021,False
test,test\Subject.6__Walk__2dae7b75__w000072_000119.npz,Subject.6__Walk__2dae7b75__w000072_000119,Subject.6/Walk,Subject.6__Walk__2dae7b75,0,72,119,23.0,0,0.0,0.8042929172515869,0.6722540259361267,0.8259034752845764,0.48484848484848486,0.5060606060606061,0.0,0.10416666666666667,0,0.09887323528528214,0.4848547890782351,False
test,test\Subject.6__Walk__2dae7b75__w000084_000131.npz,Subject.6__Walk__2dae7b75__w000084_000131,Subject.6/Walk,Subject.6__Walk__2dae7b75,0,84,131,23.0,0,0.0,0.7032828330993652,0.5666785836219788,0.7898337244987488,0.48484848484848486,0.48484848484848486,0.0,0.20833333333333334,0,0.11742684245109558,0.6043611228466019,False
test,test\Subject.6__Walk__2dae7b75__w000096_000143.npz,Subject.6__Walk__2dae7b75__w000096_000143,Subject.6/Walk,Subject.6__Walk__2dae7b75,0,96,143,23.0,0,0.0,0.6300504803657532,0.5142802000045776,0.7900800704956055,0.48484848484848486,0.48484848484848486,0.0,0.20833333333333334,0,0.10467536002397537,0.6638377428054807,False
test,test\Subject.6__Walk__2dae7b75__w000108_000155.npz,Subject.6__Walk__2dae7b75__w000108_000155,Subject.6/Walk,Subject.6__Walk__2dae7b75,0,108,155,23.0,0,0.0,0.6167929172515869,0.5306751132011414,0.8296144604682922,0.48484848484848486,0.48484848484848486,0.0,0.20833333333333334,0,0.06695923954248428,0.4331096321344369,False
test,test\Subject.6__Walk__2dae7b75__w000120_000167.npz,Subject.6__Walk__2dae7b75__w000120_000167,Subject.6/Walk,Subject.6__Walk__2dae7b75,0,120,167,23.0,0,0.0,0.6691918969154358,0.5579971075057983,0.8093580603599548,0.48484848484848486,0.5060606060606061,0.0,0.10416666666666667,0,0.06325385719537735,0.20625345781445215,False
test,test\Subject.6__Walk__2dae7b75__w000132_000179.npz,Subject.6__Walk__2dae7b75__w000132_000179,Subject.6/Walk,Subject.6__Walk__2dae7b75,0,132,179,23.0,0,0.0,0.7316918969154358,0.5883342027664185,0.7844906449317932,0.5151515151515151,0.596969696969697,0.0,0.0,0,0.0420064777135849,0.06130058337002987,False
test,test\Subject.6__Walk__2dae7b75__w000144_000191.npz,Subject.6__Walk__2dae7b75__w000144_000191,Subject.6/Walk,Subject.6__Walk__2dae7b75,0,144,191,23.0,0,0.0,0.7727272510528564,0.6160244345664978,0.7832059264183044,0.5151515151515151,0.6060606060606061,0.0,0.0,0,0.03596961125731468,0.059741620719432814,False
test,test\Subject.6__Walk__2dae7b75__w000156_000203.npz,Subject.6__Walk__2dae7b75__w000156_000203,Subject.6/Walk,Subject.6__Walk__2dae7b75,0,156,203,23.0,0,0.0,0.8289141654968262,0.6763355731964111,0.806831955909729,0.5151515151515151,0.7272727272727273,0.0,0.0,0,0.026080718263983727,0.05025234986096619,False
test,test\Subject.6__Walk__2dae7b75__w000168_000215.npz,Subject.6__Walk__2dae7b75__w000168_000215,Subject.6/Walk,Subject.6__Walk__2dae7b75,0,168,215,23.0,0,0.0,0.8604797720909119,0.7112563252449036,0.819828450679779,0.7272727272727273,0.7575757575757576,0.0,0.0,0,0.023543646559119225,0.05153008922934527,False
test,test\Subject.6__Walk__2dae7b75__w000180_000227.npz,Subject.6__Walk__2dae7b75__w000180_000227,Subject.6/Walk,Subject.6__Walk__2dae7b75,0,180,227,23.0,0,0.0,0.8743686676025391,0.7527786493301392,0.8542652130126953,0.7272727272727273,0.7575757575757576,0.0,0.0,0,0.023153800517320633,0.0505449654534459,False
test,test\Subject.6__Walk__2dae7b75__w000192_000239.npz,Subject.6__Walk__2dae7b75__w000192_000239,Subject.6/Walk,Subject.6__Walk__2dae7b75,0,192,239,23.0,0,0.0,0.9065656661987305,0.8072107434272766,0.8859299421310425,0.7575757575757576,0.8484848484848485,0.0,0.0,0,0.020139889791607857,0.0453627299517393,False
test,test\Subject.6__Walk__2dae7b75__w000204_000251.npz,Subject.6__Walk__2dae7b75__w000204_000251,Subject.6/Walk,Subject.6__Walk__2dae7b75,0,204,251,23.0,0,0.0,0.941919207572937,0.8515467643737793,0.9018195271492004,0.8181818181818182,0.8484848484848485,0.0,0.0,0,0.018384380266070366,0.04525825940072536,False
test,test\Subject.6__Walk__2dae7b75__w000216_000263.npz,Subject.6__Walk__2dae7b75__w000216_000263,Subject.6/Walk,Subject.6__Walk__2dae7b75,0,216,263,23.0,0,0.0,0.9753788113594055,0.9034433364868164,0.925029456615448,0.8181818181818182,0.9121212121212122,0.0,0.0,0,0.01568549871444702,0.038217293471097945,False
