split,path,stem,video_id,seq_stem,y,w_start,w_end,fps,overlap_frames,overlap_frac,valid_frac,avg_conf,valid_conf_mean,frame_valid_min,frame_valid_p10,low_frame_frac_25,low_frame_frac_50,zero_valid_frames,motion_mag_mean,motion_mag_p95,low_quality
train,train\Subject.10__Fall_backwards__ba208b73__w000000_000047.npz,Subject.10__Fall_backwards__ba208b73__w000000_000047,Subject.10/Fall backwards,Subject.10__Fall_backwards__ba208b73,0,0,47,23.0,0,0.0,0.7140151262283325,0.6081351637840271,0.8339846134185791,0.0,0.696969696969697,0.0625,0.0625,3,0.05009451135993004,0.08286736793816088,True
train,train\Subject.10__Fall_backwards__ba208b73__w000012_000059.npz,Subject.10__Fall_backwards__ba208b73__w000012_000059,Subject.10/Fall backwards,Subject.10__Fall_backwards__ba208b73,0,12,59,23.0,0,0.0,0.8049242496490479,0.6759493350982666,0.8273333311080933,0.696969696969697,0.696969696969697,0.0,0.0,0,0.03582224249839783,0.11833403855562204,False
train,train\Subject.10__Fall_backwards__ba208b73__w000024_000071.npz,Subject.10__Fall_backwards__ba208b73__w000024_000071,Subject.10/Fall backwards,Subject.10__Fall_backwards__ba208b73,0,24,71,23.0,0,0.0,0.8459596037864685,0.7038310766220093,0.8215454816818237,0.696969696969697,0.7181818181818183,0.0,0.0,0,0.04613407328724861,0.1313080646097659,False
train,train\Subject.10__Fall_backwards__ba208b73__w000036_000083.npz,Subject.10__Fall_backwards__ba208b73__w000036_000083,Subject.10/Fall backwards,Subject.10__Fall_backwards__ba208b73,1,36,83,23.0,6,0.125,0.8699495196342468,0.7303558588027954,0.8264362215995789,0.7272727272727273,0.8484848484848485,0.0,0.0,0,0.06301883608102798,0.14852619916200627,False
train,train\Subject.10__Fall_backwards__ba208b73__w000048_000095.npz,Subject.10__Fall_backwards__ba208b73__w000048_000095,Subject.10/Fall backwards,Subject.10__Fall_backwards__ba208b73,1,48,95,23.0,18,0.375,0.9040403962135315,0.7615511417388916,0.8299729228019714,0.7272727272727273,0.8484848484848485,0.0,0.0,0,0.06688296049833298,0.15053004771471004,False
train,train\Subject.10__Fall_backwards__ba208b73__w000060_000107.npz,Subject.10__Fall_backwards__ba208b73__w000060_000107,Subject.10/Fall backwards,Subject.10__Fall_backwards__ba208b73,1,60,107,23.0,30,0.625,0.9267676472663879,0.8095677495002747,0.863030731678009,0.7272727272727273,0.8484848484848485,0.0,0.0,0,0.05464224889874458,0.12266121990978714,False
train,train\Subject.10__Fall_backwards__ba208b73__w000072_000119.npz,Subject.10__Fall_backwards__ba208b73__w000072_000119,Subject.10/Fall backwards,Subject.10__Fall_backwards__ba208b73,1,72,119,23.0,42,0.875,0.9589646458625793,0.8621182441711426,0.8927097320556641,0.7272727272727273,0.8484848484848485,0.0,0.0,0,0.045455269515514374,0.1165905676782131,False
train,train\Subject.10__Fall_backwards__ba208b73__w000084_000131.npz,Subject.10__Fall_backwards__ba208b73__w000084_000131,Subject.10/Fall backwards,Subject.10__Fall_backwards__ba208b73,1,84,131,23.0,48,1.0,0.9962121248245239,0.913337767124176,0.9163452982902527,0.9696969696969697,0.9696969696969697,0.0,0.0,0,0.030029281973838806,0.10110225975513451,False
train,train\Subject.10__Fall_backwards__ba208b73__w000096_000143.npz,Subject.10__Fall_backwards__ba208b73__w000096_000143,Subject.10/Fall backwards,Subject.10__Fall_backwards__ba208b73,1,96,143,23.0,48,1.0,1.0,0.930762529373169,0.930762529373169,1.0,1.0,0.0,0.0,0,0.024970417842268944,0.08443091660737984,False
train,train\Subject.10__Fall_backwards__ba208b73__w000108_000155.npz,Subject.10__Fall_backwards__ba208b73__w000108_000155,Subject.10/Fall backwards,Subject.10__Fall_backwards__ba208b73,1,108,155,23.0,48,1.0,0.995580792427063,0.9145837426185608,0.9179723262786865,0.9696969696969697,0.9696969696969697,0.0,0.0,0,0.024480964988470078,0.07688863426446914,False
train,train\Subject.10__Fall_backwards__ba208b73__w000120_000167.npz,Subject.10__Fall_backwards__ba208b73__w000120_000167,Subject.10/Fall backwards,Subject.10__Fall_backwards__ba208b73,1,120,167,23.0,48,1.0,0.9880050420761108,0.8788049221038818,0.8882503509521484,0.9696969696969697,0.9696969696969697,0.0,0.0,0,0.025471968576312065,0.08188144825398912,False
train,train\Subject.10__Fall_backwards__ba208b73__w000132_000179.npz,Subject.10__Fall_backwards__ba208b73__w000132_000179,Subject.10/Fall backwards,Subject.10__Fall_backwards__ba208b73,1,132,179,23.0,48,1.0,0.9772727489471436,0.8439391851425171,0.861445963382721,0.9393939393939394,0.9606060606060607,0.0,0.0,0,0.025997987017035484,0.07333041690289968,False
train,train\Subject.10__Fall_backwards__ba208b73__w000144_000191.npz,Subject.10__Fall_backwards__ba208b73__w000144_000191,Subject.10/Fall backwards,Subject.10__Fall_backwards__ba208b73,1,144,191,23.0,48,1.0,0.9696969985961914,0.8255694508552551,0.8486204147338867,0.9393939393939394,0.9606060606060607,0.0,0.0,0,0.024971405044198036,0.05594859700649975,False
train,train\Subject.10__Fall_backwards__ba208b73__w000156_000203.npz,Subject.10__Fall_backwards__ba208b73__w000156_000203,Subject.10/Fall backwards,Subject.10__Fall_backwards__ba208b73,1,156,203,23.0,48,1.0,0.9709596037864685,0.8347564935684204,0.8572028279304504,0.9393939393939394,0.9606060606060607,0.0,0.0,0,0.02693677693605423,0.06115132216364139,False
train,train\Subject.10__Fall_backwards__ba208b73__w000168_000215.npz,Subject.10__Fall_backwards__ba208b73__w000168_000215,Subject.10/Fall backwards,Subject.10__Fall_backwards__ba208b73,1,168,215,23.0,48,1.0,0.9785353541374207,0.8728219866752625,0.8900197148323059,0.9393939393939394,0.9606060606060607,0.0,0.0,0,0.02310221455991268,0.051165779866278155,False
train,train\Subject.10__Fall_backwards__ba208b73__w000180_000227.npz,Subject.10__Fall_backwards__ba208b73__w000180_000227,Subject.10/Fall backwards,Subject.10__Fall_backwards__ba208b73,1,180,227,23.0,48,1.0,0.9892676472663879,0.9119117259979248,0.9207497835159302,0.9696969696969697,0.9696969696969697,0.0,0.0,0,0.019285406917333603,0.049637499451637264,False
train,train\Subject.10__Fall_backwards__ba208b73__w000192_000239.npz,Subject.10__Fall_backwards__ba208b73__w000192_000239,Subject.10/Fall backwards,Subject.10__Fall_backwards__ba208b73,1,192,239,23.0,48,1.0,0.9968434572219849,0.9337578415870667,0.9362627267837524,0.9696969696969697,0.990909090909091,0.0,0.0,0,0.017118588089942932,0.0480702431872487,False
train,train\Subject.10__Fall_backwards__ba208b73__w000204_000251.npz,Subject.10__Fall_backwards__ba208b73__w000204_000251,Subject.10/Fall backwards,Subject.10__Fall_backwards__ba208b73,1,204,251,23.0,48,1.0,1.0,0.9409703612327576,0.9409703612327576,1.0,1.0,0.0,0.0,0,0.012732486240565777,0.03662875778973102,False
train,train\Subject.10__Fall_backwards__ba208b73__w000216_000263.npz,Subject.10__Fall_backwards__ba208b73__w000216_000263,Subject.10/Fall backwards,Subject.10__Fall_backwards__ba208b73,1,216,263,23.0,48,1.0,1.0,0.935158371925354,0.935158371925354,1.0,1.0,0.0,0.0,0,0.01597542129456997,0.04784407913684843,False
train,train\Subject.10__Fall_forward__7071261d__w000000_000047.npz,Subject.10__Fall_forward__7071261d__w000000_000047,Subject.10/Fall forward,Subject.10__Fall_forward__7071261d,0,0,47,23.0,0,0.0,0.5410353541374207,0.43052905797958374,0.7955197691917419,0.0,0.0,0.4583333333333333,0.4583333333333333,22,0.06900151818990707,0.24666492789983682,True
train,train\Subject.10__Fall_forward__7071261d__w000012_000059.npz,Subject.10__Fall_forward__7071261d__w000012_000059,Subject.10/Fall forward,Subject.10__Fall_forward__7071261d,1,12,59,23.0,7,0.1458333283662796,0.6755050420761108,0.5250127911567688,0.7741653323173523,0.0,0.0,0.3125,0.3125,15,0.11139195412397385,0.518910428881645,True
train,train\Subject.10__Fall_forward__7071261d__w000024_000071.npz,Subject.10__Fall_forward__7071261d__w000024_000071,Subject.10/Fall forward,Subject.10__Fall_forward__7071261d,1,24,71,23.0,19,0.3958333432674408,0.8762626051902771,0.6648561358451843,0.755084753036499,0.0,0.6363636363636365,0.10416666666666667,0.10416666666666667,5,0.09466365724802017,0.32393051534891126,True
train,train\Subject.10__Fall_forward__7071261d__w000036_000083.npz,Subject.10__Fall_forward__7071261d__w000036_000083,Subject.10/Fall forward,Subject.10__Fall_forward__7071261d,1,36,83,23.0,31,0.6458333134651184,0.8648989796638489,0.646946132183075,0.742432713508606,0.0,0.6363636363636365,0.10416666666666667,0.10416666666666667,5,0.07918761670589447,0.34118883907794867,True
train,train\Subject.10__Fall_forward__7071261d__w000048_000095.npz,Subject.10__Fall_forward__7071261d__w000048_000095,Subject.10/Fall forward,Subject.10__Fall_forward__7071261d,1,48,95,23.0,43,0.8958333134651184,0.9021464586257935,0.6655991077423096,0.7316354513168335,0.0,0.9303030303030303,0.0625,0.0625,3,0.060056883841753006,0.20943249836564026,True
train,train\Subject.10__Fall_forward__7071261d__w000060_000107.npz,Subject.10__Fall_forward__7071261d__w000060_000107,Subject.10/Fall forward,Subject.10__Fall_forward__7071261d,1,60,107,23.0,48,1.0,0.9722222089767456,0.715446412563324,0.7314413785934448,0.9393939393939394,0.9393939393939394,0.0,0.0,0,0.023489756509661674,0.06214574482291936,False
train,train\Subject.10__Fall_forward__7071261d__w000072_000119.npz,Subject.10__Fall_forward__7071261d__w000072_000119,Subject.10/Fall forward,Subject.10__Fall_forward__7071261d,1,72,119,23.0,48,1.0,0.9772727489471436,0.7127296328544617,0.7255900502204895,0.9393939393939394,0.9393939393939394,0.0,0.0,0,0.017430486157536507,0.045384989678859684,False
train,train\Subject.10__Fall_forward__7071261d__w000084_000131.npz,Subject.10__Fall_forward__7071261d__w000084_000131,Subject.10/Fall forward,Subject.10__Fall_forward__7071261d,1,84,131,23.0,48,1.0,0.9753788113594055,0.7089994549751282,0.7227293848991394,0.9393939393939394,0.9393939393939394,0.0,0.0,0,0.015673190355300903,0.045623511262238015,False
train,train\Subject.10__Fall_forward__7071261d__w000096_000143.npz,Subject.10__Fall_forward__7071261d__w000096_000143,Subject.10/Fall forward,Subject.10__Fall_forward__7071261d,1,96,143,23.0,48,1.0,0.9652777910232544,0.6895878314971924,0.709073007106781,0.9393939393939394,0.9393939393939394,0.0,0.0,0,0.012758748605847359,0.030126860644668334,False
train,train\Subject.10__Fall_forward__7071261d__w000108_000155.npz,Subject.10__Fall_forward__7071261d__w000108_000155,Subject.10/Fall forward,Subject.10__Fall_forward__7071261d,1,108,155,23.0,48,1.0,0.9539141654968262,0.6826596260070801,0.7088003158569336,0.9393939393939394,0.9393939393939394,0.0,0.0,0,0.011739096604287624,0.04099653232842683,False
train,train\Subject.10__Fall_forward__7071261d__w000120_000167.npz,Subject.10__Fall_forward__7071261d__w000120_000167,Subject.10/Fall forward,Subject.10__Fall_forward__7071261d,1,120,167,23.0,48,1.0,0.9406565427780151,0.6856613755226135,0.7203248739242554,0.9090909090909091,0.9393939393939394,0.0,0.0,0,0.010249319486320019,0.039901043102145185,False
train,train\Subject.10__Fall_forward__7071261d__w000132_000179.npz,Subject.10__Fall_forward__7071261d__w000132_000179,Subject.10/Fall forward,Subject.10__Fall_forward__7071261d,1,132,179,23.0,48,1.0,0.9261363744735718,0.6799584627151489,0.7238149642944336,0.8181818181818182,0.9090909090909091,0.0,0.0,0,0.013506942428648472,0.03490415383130306,False
train,train\Subject.10__Fall_forward__7071261d__w000144_000191.npz,Subject.10__Fall_forward__7071261d__w000144_000191,Subject.10/Fall forward,Subject.10__Fall_forward__7071261d,1,144,191,23.0,48,1.0,0.8882575631141663,0.6747280955314636,0.7451140880584717,0.7878787878787878,0.7878787878787878,0.0,0.0,0,0.014927352778613567,0.03755600769072769,False
train,train\Subject.10__Fall_forward__7071261d__w000156_000203.npz,Subject.10__Fall_forward__7071261d__w000156_000203,Subject.10/Fall forward,Subject.10__Fall_forward__7071261d,1,156,203,23.0,48,1.0,0.8611111044883728,0.6655286550521851,0.75636887550354,0.7878787878787878,0.7878787878787878,0.0,0.0,0,0.0160498209297657,0.033410653658211234,False
train,train\Subject.10__Fall_forward__7071261d__w000168_000215.npz,Subject.10__Fall_forward__7071261d__w000168_000215,Subject.10/Fall forward,Subject.10__Fall_forward__7071261d,1,168,215,23.0,48,1.0,0.8428030014038086,0.6684033274650574,0.7735143303871155,0.7878787878787878,0.7878787878787878,0.0,0.0,0,0.02055336907505989,0.03502840772271156,False
train,train\Subject.10__Fall_forward__7071261d__w000180_000227.npz,Subject.10__Fall_forward__7071261d__w000180_000227,Subject.10/Fall forward,Subject.10__Fall_forward__7071261d,1,180,227,23.0,48,1.0,0.8345959782600403,0.673523485660553,0.7847611308097839,0.7878787878787878,0.7878787878787878,0.0,0.0,0,0.0162209402769804,0.03093740353360772,False
train,train\Subject.10__Fall_forward__7071261d__w000192_000239.npz,Subject.10__Fall_forward__7071261d__w000192_000239,Subject.10/Fall forward,Subject.10__Fall_forward__7071261d,1,192,239,23.0,48,1.0,0.8497474789619446,0.6830336451530457,0.7812477350234985,0.7878787878787878,0.8484848484848485,0.0,0.0,0,0.01451677642762661,0.030917246267199515,False
train,train\Subject.10__Fall_left__ed17846b__w000000_000047.npz,Subject.10__Fall_left__ed17846b__w000000_000047,Subject.10/Fall left,Subject.10__Fall_left__ed17846b,0,0,47,23.0,0,0.0,0.808080792427063,0.6045592427253723,0.723626971244812,0.7272727272727273,0.7272727272727273,0.0,0.0,0,0.12222011387348175,0.6850480139255523,False
train,train\Subject.10__Fall_left__ed17846b__w000012_000059.npz,Subject.10__Fall_left__ed17846b__w000012_000059,Subject.10/Fall left,Subject.10__Fall_left__ed17846b,1,12,59,23.0,10,0.2083333283662796,0.808080792427063,0.6211493611335754,0.7455500364303589,0.7272727272727273,0.7272727272727273,0.0,0.0,0,0.11570452898740768,0.6983263432979574,False
train,train\Subject.10__Fall_left__ed17846b__w000024_000071.npz,Subject.10__Fall_left__ed17846b__w000024_000071,Subject.10/Fall left,Subject.10__Fall_left__ed17846b,1,24,71,23.0,22,0.4583333432674408,0.8238636255264282,0.6728637218475342,0.7966770529747009,0.7272727272727273,0.7484848484848485,0.0,0.0,0,0.06596776098012924,0.13264476880431175,False
train,train\Subject.10__Fall_left__ed17846b__w000036_000083.npz,Subject.10__Fall_left__ed17846b__w000036_000083,Subject.10/Fall left,Subject.10__Fall_left__ed17846b,1,36,83,23.0,34,0.7083333134651184,0.8251262903213501,0.6843472123146057,0.8121497631072998,0.7272727272727273,0.7484848484848485,0.0,0.0,0,0.05212068930268288,0.12267751097679137,False
train,train\Subject.10__Fall_left__ed17846b__w000048_000095.npz,Subject.10__Fall_left__ed17846b__w000048_000095,Subject.10/Fall left,Subject.10__Fall_left__ed17846b,1,48,95,23.0,46,0.9583333134651184,0.7973484992980957,0.6833364963531494,0.8378856182098389,0.7272727272727273,0.7272727272727273,0.0,0.0,0,0.043798450380563736,0.1207497578114271,False
train,train\Subject.10__Fall_left__ed17846b__w000060_000107.npz,Subject.10__Fall_left__ed17846b__w000060_000107,Subject.10/Fall left,Subject.10__Fall_left__ed17846b,1,60,107,23.0,48,1.0,0.7758838534355164,0.6766194105148315,0.8544145226478577,0.696969696969697,0.7272727272727273,0.0,0.0,0,0.028116539120674133,0.10064558498561382,False
train,train\Subject.10__Fall_left__ed17846b__w000072_000119.npz,Subject.10__Fall_left__ed17846b__w000072_000119,Subject.10/Fall left,Subject.10__Fall_left__ed17846b,1,72,119,23.0,48,1.0,0.7411616444587708,0.6491994261741638,0.8580816388130188,0.696969696969697,0.696969696969697,0.0,0.0,0,0.01721590757369995,0.04152425918728108,False
train,train\Subject.10__Fall_left__ed17846b__w000084_000131.npz,Subject.10__Fall_left__ed17846b__w000084_000131,Subject.10/Fall left,Subject.10__Fall_left__ed17846b,1,84,131,23.0,48,1.0,0.7127525210380554,0.6393080949783325,0.8780335783958435,0.696969696969697,0.696969696969697,0.0,0.0,0,0.015657583251595497,0.03800139017403125,False
train,train\Subject.10__Fall_left__ed17846b__w000096_000143.npz,Subject.10__Fall_left__ed17846b__w000096_000143,Subject.10/Fall left,Subject.10__Fall_left__ed17846b,1,96,143,23.0,48,1.0,0.7121211886405945,0.6533640623092651,0.8989803194999695,0.696969696969697,0.696969696969697,0.0,0.0,0,0.0151164336130023,0.03379361648112535,False
train,train\Subject.10__Fall_left__ed17846b__w000108_000155.npz,Subject.10__Fall_left__ed17846b__w000108_000155,Subject.10/Fall left,Subject.10__Fall_left__ed17846b,1,108,155,23.0,48,1.0,0.7556818127632141,0.6829608678817749,0.889305591583252,0.696969696969697,0.696969696969697,0.0,0.0,0,0.020352300256490707,0.0356936365365982,False
train,train\Subject.10__Fall_left__ed17846b__w000120_000167.npz,Subject.10__Fall_left__ed17846b__w000120_000167,Subject.10/Fall left,Subject.10__Fall_left__ed17846b,1,120,167,23.0,48,1.0,0.8244949579238892,0.7446293830871582,0.8929701447486877,0.696969696969697,0.696969696969697,0.0,0.0,0,0.0224456787109375,0.039229922369122504,False
train,train\Subject.10__Fall_left__ed17846b__w000132_000179.npz,Subject.10__Fall_left__ed17846b__w000132_000179,Subject.10/Fall left,Subject.10__Fall_left__ed17846b,1,132,179,23.0,48,1.0,0.8964646458625793,0.8107110261917114,0.8975915312767029,0.696969696969697,0.7272727272727273,0.0,0.0,0,0.024232681840658188,0.04523603934794663,False
train,train\Subject.10__Fall_left__ed17846b__w000144_000191.npz,Subject.10__Fall_left__ed17846b__w000144_000191,Subject.10/Fall left,Subject.10__Fall_left__ed17846b,1,144,191,23.0,48,1.0,0.9652777910232544,0.873434841632843,0.9013829827308655,0.7272727272727273,0.8484848484848485,0.0,0.0,0,0.023052126169204712,0.04534035604447126,False
train,train\Subject.10__Fall_left__ed17846b__w000156_000203.npz,Subject.10__Fall_left__ed17846b__w000156_000203,Subject.10/Fall left,Subject.10__Fall_left__ed17846b,1,156,203,23.0,48,1.0,0.9924242496490479,0.9143174886703491,0.9199223518371582,0.9696969696969697,0.9696969696969697,0.0,0.0,0,0.021265434101223946,0.055032744072377675,False
train,train\Subject.10__Fall_right__8c86f675__w000000_000047.npz,Subject.10__Fall_right__8c86f675__w000000_000047,Subject.10/Fall right,Subject.10__Fall_right__8c86f675,0,0,47,23.0,0,0.0,0.8901515007019043,0.7392299175262451,0.8221336603164673,0.8484848484848485,0.8484848484848485,0.0,0.0,0,0.05175967141985893,0.3241284132003779,False
train,train\Subject.10__Fall_right__8c86f675__w000012_000059.npz,Subject.10__Fall_right__8c86f675__w000012_000059,Subject.10/Fall right,Subject.10__Fall_right__8c86f675,0,12,59,23.0,0,0.0,0.8573232293128967,0.7396984696388245,0.8510531783103943,0.8181818181818182,0.8484848484848485,0.0,0.0,0,0.03322383016347885,0.08744631037116041,False
train,train\Subject.10__Fall_right__8c86f675__w000024_000071.npz,Subject.10__Fall_right__8c86f675__w000024_000071,Subject.10/Fall right,Subject.10__Fall_right__8c86f675,0,24,71,23.0,0,0.0,0.8604797720909119,0.7357643246650696,0.8439860939979553,0.8181818181818182,0.8484848484848485,0.0,0.0,0,0.04691845923662186,0.14819605648517603,False
train,train\Subject.10__Fall_right__8c86f675__w000036_000083.npz,Subject.10__Fall_right__8c86f675__w000036_000083,Subject.10/Fall right,Subject.10__Fall_right__8c86f675,1,36,83,23.0,10,0.2083333283662796,0.8598484992980957,0.7098755240440369,0.8119804263114929,0.8181818181818182,0.8484848484848485,0.0,0.0,0,0.06435547769069672,0.20540526509284965,False
train,train\Subject.10__Fall_right__8c86f675__w000048_000095.npz,Subject.10__Fall_right__8c86f675__w000048_000095,Subject.10/Fall right,Subject.10__Fall_right__8c86f675,1,48,95,23.0,22,0.4583333432674408,0.8301767706871033,0.6629125475883484,0.7763522267341614,0.6666666666666666,0.7181818181818183,0.0,0.0,0,0.07591680437326431,0.2286229632794857,False
train,train\Subject.10__Fall_right__8c86f675__w000060_000107.npz,Subject.10__Fall_right__8c86f675__w000060_000107,Subject.10/Fall right,Subject.10__Fall_right__8c86f675,1,60,107,23.0,34,0.7083333134651184,0.8459596037864685,0.6422041058540344,0.7380008697509766,0.6666666666666666,0.7181818181818183,0.0,0.0,0,0.06784117221832275,0.22816973328590376,False
train,train\Subject.10__Fall_right__8c86f675__w000072_000119.npz,Subject.10__Fall_right__8c86f675__w000072_000119,Subject.10/Fall right,Subject.10__Fall_right__8c86f675,1,72,119,23.0,46,0.9583333134651184,0.8604797720909119,0.6340339183807373,0.7179604172706604,0.6666666666666666,0.7181818181818183,0.0,0.0,0,0.04875367879867554,0.15905518308281882,False
train,train\Subject.10__Fall_right__8c86f675__w000084_000131.npz,Subject.10__Fall_right__8c86f675__w000084_000131,Subject.10/Fall right,Subject.10__Fall_right__8c86f675,1,84,131,23.0,48,1.0,0.8838383555412292,0.6430143117904663,0.7117472887039185,0.6666666666666666,0.7181818181818183,0.0,0.0,0,0.030143672600388527,0.07543057799339295,False
train,train\Subject.10__Fall_right__8c86f675__w000096_000143.npz,Subject.10__Fall_right__8c86f675__w000096_000143,Subject.10/Fall right,Subject.10__Fall_right__8c86f675,1,96,143,23.0,48,1.0,0.9381313323974609,0.6791785359382629,0.716315507888794,0.8181818181818182,0.9393939393939394,0.0,0.0,0,0.015420875512063503,0.044838985055685024,False
train,train\Subject.10__Fall_right__8c86f675__w000108_000155.npz,Subject.10__Fall_right__8c86f675__w000108_000155,Subject.10/Fall right,Subject.10__Fall_right__8c86f675,1,108,155,23.0,48,1.0,0.9204545617103577,0.6958839893341064,0.7457084655761719,0.7272727272727273,0.8303030303030303,0.0,0.0,0,0.01995079033076763,0.042154661566019054,False
train,train\Subject.10__Fall_right__8c86f675__w000120_000167.npz,Subject.10__Fall_right__8c86f675__w000120_000167,Subject.10/Fall right,Subject.10__Fall_right__8c86f675,1,120,167,23.0,48,1.0,0.8674242496490479,0.6918151378631592,0.7805959582328796,0.7272727272727273,0.7272727272727273,0.0,0.0,0,0.01999591663479805,0.03790072016417978,False
train,train\Subject.10__Fall_right__8c86f675__w000132_000179.npz,Subject.10__Fall_right__8c86f675__w000132_000179,Subject.10/Fall right,Subject.10__Fall_right__8c86f675,1,132,179,23.0,48,1.0,0.8175504803657532,0.6877826452255249,0.8153137564659119,0.7272727272727273,0.7272727272727273,0.0,0.0,0,0.022075407207012177,0.03843306731432674,False
train,train\Subject.10__Fall_right__8c86f675__w000144_000191.npz,Subject.10__Fall_right__8c86f675__w000144_000191,Subject.10/Fall right,Subject.10__Fall_right__8c86f675,1,144,191,23.0,48,1.0,0.7575757503509521,0.6763176918029785,0.8573033809661865,0.696969696969697,0.696969696969697,0.0,0.0,0,0.022901266813278198,0.039558305963873865,False
train,train\Subject.10__Fall_sitting__1f2765d1__w000000_000047.npz,Subject.10__Fall_sitting__1f2765d1__w000000_000047,Subject.10/Fall sitting,Subject.10__Fall_sitting__1f2765d1,0,0,47,23.0,0,0.0,0.6881313323974609,0.551369845867157,0.7607311606407166,0.6060606060606061,0.6060606060606061,0.0,0.0,0,0.06717417389154434,0.3934026464819908,False
train,train\Subject.10__Fall_sitting__1f2765d1__w000012_000059.npz,Subject.10__Fall_sitting__1f2765d1__w000012_000059,Subject.10/Fall sitting,Subject.10__Fall_sitting__1f2765d1,0,12,59,23.0,0,0.0,0.629419207572937,0.5448110699653625,0.8174777626991272,0.6060606060606061,0.6060606060606061,0.0,0.0,0,0.03952839598059654,0.11557178311049933,False
train,train\Subject.10__Fall_sitting__1f2765d1__w000024_000071.npz,Subject.10__Fall_sitting__1f2765d1__w000024_000071,Subject.10/Fall sitting,Subject.10__Fall_sitting__1f2765d1,0,24,71,23.0,0,0.0,0.6369949579238892,0.5462508797645569,0.8154926300048828,0.6060606060606061,0.6060606060606061,0.0,0.0,0,0.049755800515413284,0.1648068234324455,False
train,train\Subject.10__Fall_sitting__1f2765d1__w000036_000083.npz,Subject.10__Fall_sitting__1f2765d1__w000036_000083,Subject.10/Fall sitting,Subject.10__Fall_sitting__1f2765d1,1,36,83,23.0,8,0.1666666716337204,0.7114899158477783,0.5913866758346558,0.7991610765457153,0.6060606060606061,0.6060606060606061,0.0,0.0,0,0.0715862438082695,0.20667584910988795,False
train,train\Subject.10__Fall_sitting__1f2765d1__w000048_000095.npz,Subject.10__Fall_sitting__1f2765d1__w000048_000095,Subject.10/Fall sitting,Subject.10__Fall_sitting__1f2765d1,1,48,95,23.0,20,0.4166666567325592,0.8093434572219849,0.6583787798881531,0.7933868169784546,0.6060606060606061,0.6363636363636364,0.0,0.0,0,0.07757499068975449,0.21971419826149938,False
train,train\Subject.10__Fall_sitting__1f2765d1__w000060_000107.npz,Subject.10__Fall_sitting__1f2765d1__w000060_000107,Subject.10/Fall sitting,Subject.10__Fall_sitting__1f2765d1,1,60,107,23.0,32,0.6666666865348816,0.8933081030845642,0.7288873195648193,0.8048481941223145,0.6363636363636364,0.6666666666666666,0.0,0.0,0,0.07240459322929382,0.2052458986639975,False
train,train\Subject.10__Fall_sitting__1f2765d1__w000072_000119.npz,Subject.10__Fall_sitting__1f2765d1__w000072_000119,Subject.10/Fall sitting,Subject.10__Fall_sitting__1f2765d1,1,72,119,23.0,44,0.9166666865348816,0.9627525210380554,0.8047013878822327,0.8305798768997192,0.7575757575757576,0.9333333333333333,0.0,0.0,0,0.05533913895487785,0.17448357120156263,False
train,train\Subject.10__Fall_sitting__1f2765d1__w000084_000131.npz,Subject.10__Fall_sitting__1f2765d1__w000084_000131,Subject.10/Fall sitting,Subject.10__Fall_sitting__1f2765d1,1,84,131,23.0,48,1.0,0.9753788113594055,0.8192365169525146,0.8361342549324036,0.8484848484848485,0.9696969696969697,0.0,0.0,0,0.03746720403432846,0.09686389006674284,False
train,train\Subject.10__Fall_sitting__1f2765d1__w000096_000143.npz,Subject.10__Fall_sitting__1f2765d1__w000096_000143,Subject.10/Fall sitting,Subject.10__Fall_sitting__1f2765d1,1,96,143,23.0,48,1.0,0.940025269985199,0.7913153767585754,0.8330219984054565,0.8484848484848485,0.8484848484848485,0.0,0.0,0,0.033605657517910004,0.0796704020351171,False
train,train\Subject.10__Fall_sitting__1f2765d1__w000108_000155.npz,Subject.10__Fall_sitting__1f2765d1__w000108_000155,Subject.10/Fall sitting,Subject.10__Fall_sitting__1f2765d1,1,108,155,23.0,48,1.0,0.9071969985961914,0.7673942446708679,0.8330906629562378,0.8484848484848485,0.8484848484848485,0.0,0.0,0,0.031531818211078644,0.08356112539768215,False
train,train\Subject.10__Fall_sitting__1f2765d1__w000120_000167.npz,Subject.10__Fall_sitting__1f2765d1__w000120_000167,Subject.10/Fall sitting,Subject.10__Fall_sitting__1f2765d1,1,120,167,23.0,48,1.0,0.8787878751754761,0.7468425631523132,0.8336432576179504,0.8484848484848485,0.8484848484848485,0.0,0.0,0,0.03543975576758385,0.08553202264010902,False
train,train\Subject.10__Fall_sitting__1f2765d1__w000132_000179.npz,Subject.10__Fall_sitting__1f2765d1__w000132_000179,Subject.10/Fall sitting,Subject.10__Fall_sitting__1f2765d1,1,132,179,23.0,48,1.0,0.870580792427063,0.7619333267211914,0.8572019934654236,0.8484848484848485,0.8484848484848485,0.0,0.0,0,0.03504825383424759,0.07748635560274111,False
train,train\Subject.10__Fall_sitting__1f2765d1__w000144_000191.npz,Subject.10__Fall_sitting__1f2765d1__w000144_000191,Subject.10/Fall sitting,Subject.10__Fall_sitting__1f2765d1,1,144,191,23.0,48,1.0,0.868686854839325,0.7900851964950562,0.8911325931549072,0.8484848484848485,0.8484848484848485,0.0,0.0,0,0.03649716079235077,0.08617214262485504,False
train,train\Subject.10__Fall_sitting__1f2765d1__w000156_000203.npz,Subject.10__Fall_sitting__1f2765d1__w000156_000203,Subject.10/Fall sitting,Subject.10__Fall_sitting__1f2765d1,1,156,203,23.0,48,1.0,0.8989899158477783,0.8094817399978638,0.8861099481582642,0.8484848484848485,0.8484848484848485,0.0,0.0,0,0.03594265878200531,0.07749904841184611,False
train,train\Subject.10__Fall_sitting__1f2765d1__w000168_000215.npz,Subject.10__Fall_sitting__1f2765d1__w000168_000215,Subject.10/Fall sitting,Subject.10__Fall_sitting__1f2765d1,1,168,215,23.0,48,1.0,0.934974730014801,0.838353157043457,0.8869579434394836,0.8484848484848485,0.8484848484848485,0.0,0.0,0,0.02966427057981491,0.0748759940266609,False
train,train\Subject.10__Fall_sitting__1f2765d1__w000180_000227.npz,Subject.10__Fall_sitting__1f2765d1__w000180_000227,Subject.10/Fall sitting,Subject.10__Fall_sitting__1f2765d1,1,180,227,23.0,48,1.0,0.9545454382896423,0.8585107326507568,0.8930060267448425,0.8484848484848485,0.8484848484848485,0.0,0.0,0,0.02590388059616089,0.0722692966461181,False
train,train\Subject.10__Fall_sitting__1f2765d1__w000192_000239.npz,Subject.10__Fall_sitting__1f2765d1__w000192_000239,Subject.10/Fall sitting,Subject.10__Fall_sitting__1f2765d1,1,192,239,23.0,48,1.0,0.9924242496490479,0.8861696124076843,0.8918132185935974,0.9393939393939394,0.9696969696969697,0.0,0.0,0,0.021145612001419067,0.05292349271476262,False
train,train\Subject.10__Fall_sitting__1f2765d1__w000204_000251.npz,Subject.10__Fall_sitting__1f2765d1__w000204_000251,Subject.10/Fall sitting,Subject.10__Fall_sitting__1f2765d1,1,204,251,23.0,48,1.0,1.0,0.9060887694358826,0.9060887694358826,1.0,1.0,0.0,0.0,0,0.01770123839378357,0.0428186509758234,False
train,train\Subject.10__Fall_sitting__1f2765d1__w000216_000263.npz,Subject.10__Fall_sitting__1f2765d1__w000216_000263,Subject.10/Fall sitting,Subject.10__Fall_sitting__1f2765d1,1,216,263,23.0,48,1.0,1.0,0.9063636064529419,0.9063636064529419,1.0,1.0,0.0,0.0,0,0.023259829729795456,0.061750632710754864,False
train,train\Subject.10__Fall_sitting__1f2765d1__w000228_000275.npz,Subject.10__Fall_sitting__1f2765d1__w000228_000275,Subject.10/Fall sitting,Subject.10__Fall_sitting__1f2765d1,1,228,275,23.0,48,1.0,0.993686854839325,0.8902477622032166,0.8949039578437805,0.9696969696969697,0.9696969696969697,0.0,0.0,0,0.03179466724395752,0.08838882632553574,False
train,train\Subject.10__Fall_sitting__1f2765d1__w000240_000287.npz,Subject.10__Fall_sitting__1f2765d1__w000240_000287,Subject.10/Fall sitting,Subject.10__Fall_sitting__1f2765d1,1,240,287,23.0,48,1.0,0.9861111044883728,0.8710245490074158,0.881105363368988,0.9696969696969697,0.9696969696969697,0.0,0.0,0,0.03811122104525566,0.115578680858016,False
train,train\Subject.10__Hop__70d6028a__w000000_000047.npz,Subject.10__Hop__70d6028a__w000000_000047,Subject.10/Hop,Subject.10__Hop__70d6028a,0,0,47,23.0,0,0.0,0.935606062412262,0.7749454379081726,0.820205569267273,0.8181818181818182,0.8181818181818182,0.0,0.0,0,0.05058818310499191,0.13034550622105592,False
train,train\Subject.10__Hop__70d6028a__w000012_000059.npz,Subject.10__Hop__70d6028a__w000012_000059,Subject.10/Hop,Subject.10__Hop__70d6028a,0,12,59,23.0,0,0.0,0.935606062412262,0.7949389815330505,0.8415751457214355,0.8181818181818182,0.8181818181818182,0.0,0.0,0,0.042292237281799316,0.10886765010654922,False
train,train\Subject.10__Hop__70d6028a__w000024_000071.npz,Subject.10__Hop__70d6028a__w000024_000071,Subject.10/Hop,Subject.10__Hop__70d6028a,0,24,71,23.0,0,0.0,0.9494949579238892,0.8117800354957581,0.8493903875350952,0.8181818181818182,0.8181818181818182,0.0,0.0,0,0.04107892885804176,0.10471902899444101,False
train,train\Subject.10__Hop__70d6028a__w000036_000083.npz,Subject.10__Hop__70d6028a__w000036_000083,Subject.10/Hop,Subject.10__Hop__70d6028a,0,36,83,23.0,0,0.0,0.9804292917251587,0.8190337419509888,0.832280158996582,0.8484848484848485,0.9696969696969697,0.0,0.0,0,0.04383629560470581,0.09979863166809079,False
train,train\Subject.10__Hop__70d6028a__w000048_000095.npz,Subject.10__Hop__70d6028a__w000048_000095,Subject.10/Hop,Subject.10__Hop__70d6028a,0,48,95,23.0,0,0.0,0.9406565427780151,0.7833302021026611,0.8249256014823914,0.7272727272727273,0.8181818181818182,0.0,0.0,0,0.042640961706638336,0.10167308114469051,False
train,train\Subject.10__Hop__70d6028a__w000060_000107.npz,Subject.10__Hop__70d6028a__w000060_000107,Subject.10/Hop,Subject.10__Hop__70d6028a,0,60,107,23.0,0,0.0,0.8863636255264282,0.7204200029373169,0.80019211769104,0.7272727272727273,0.7272727272727273,0.0,0.0,0,0.04076069965958595,0.09839523397386073,False
train,train\Subject.10__Hop__70d6028a__w000072_000119.npz,Subject.10__Hop__70d6028a__w000072_000119,Subject.10/Hop,Subject.10__Hop__70d6028a,0,72,119,23.0,0,0.0,0.8503788113594055,0.6993345022201538,0.8065380454063416,0.7272727272727273,0.7272727272727273,0.0,0.0,0,0.03472388535737991,0.08170014955103397,False
train,train\Subject.10__Hop__70d6028a__w000084_000131.npz,Subject.10__Hop__70d6028a__w000084_000131,Subject.10/Hop,Subject.10__Hop__70d6028a,0,84,131,23.0,0,0.0,0.8611111044883728,0.7254905104637146,0.8289476037025452,0.7272727272727273,0.7272727272727273,0.0,0.0,0,0.027557339519262314,0.06709799468517301,False
train,train\Subject.10__Hop__70d6028a__w000096_000143.npz,Subject.10__Hop__70d6028a__w000096_000143,Subject.10/Hop,Subject.10__Hop__70d6028a,0,96,143,23.0,0,0.0,0.9084596037864685,0.7910925149917603,0.8638753294944763,0.7272727272727273,0.7272727272727273,0.0,0.0,0,0.02536875382065773,0.058292808383703175,False
train,train\Subject.10__Hop__70d6028a__w000108_000155.npz,Subject.10__Hop__70d6028a__w000108_000155,Subject.10/Hop,Subject.10__Hop__70d6028a,0,108,155,23.0,0,0.0,0.9627525210380554,0.8621382117271423,0.8929001688957214,0.8484848484848485,0.8484848484848485,0.0,0.0,0,0.025754062458872795,0.06706017516553398,False
train,train\Subject.10__Hop__70d6028a__w000120_000167.npz,Subject.10__Hop__70d6028a__w000120_000167,Subject.10/Hop,Subject.10__Hop__70d6028a,0,120,167,23.0,0,0.0,0.9987373948097229,0.906610906124115,0.9075732231140137,0.9696969696969697,1.0,0.0,0.0,0,0.02985786274075508,0.07675308249890801,False
train,train\Subject.10__Hop__70d6028a__w000132_000179.npz,Subject.10__Hop__70d6028a__w000132_000179,Subject.10/Hop,Subject.10__Hop__70d6028a,0,132,179,23.0,0,0.0,0.9962121248245239,0.8810497522354126,0.8837488889694214,0.9393939393939394,0.990909090909091,0.0,0.0,0,0.035875435918569565,0.08480101376771927,False
train,train\Subject.10__Hop__70d6028a__w000144_000191.npz,Subject.10__Hop__70d6028a__w000144_000191,Subject.10/Hop,Subject.10__Hop__70d6028a,0,144,191,23.0,0,0.0,0.9564393758773804,0.8158211708068848,0.8470422625541687,0.7878787878787878,0.8181818181818182,0.0,0.0,0,0.043102942407131195,0.0888382576406002,False
train,train\Subject.10__Hop__70d6028a__w000156_000203.npz,Subject.10__Hop__70d6028a__w000156_000203,Subject.10/Hop,Subject.10__Hop__70d6028a,0,156,203,23.0,0,0.0,0.8756313323974609,0.7311586141586304,0.8205738663673401,0.6666666666666666,0.6666666666666666,0.0,0.0,0,0.04229123145341873,0.08643748871982095,False
train,train\Subject.10__Hop__70d6028a__w000168_000215.npz,Subject.10__Hop__70d6028a__w000168_000215,Subject.10/Hop,Subject.10__Hop__70d6028a,0,168,215,23.0,0,0.0,0.7910353541374207,0.6481229066848755,0.7964230179786682,0.6363636363636364,0.6666666666666666,0.0,0.0,0,0.037823937833309174,0.08379938416182993,False
train,train\Subject.10__Hop__70d6028a__w000180_000227.npz,Subject.10__Hop__70d6028a__w000180_000227,Subject.10/Hop,Subject.10__Hop__70d6028a,0,180,227,23.0,0,0.0,0.7392676472663879,0.6171499490737915,0.8047988414764404,0.6363636363636364,0.6666666666666666,0.0,0.0,0,0.03507763519883156,0.07585176117718219,False
train,train\Subject.10__Hop__70d6028a__w000192_000239.npz,Subject.10__Hop__70d6028a__w000192_000239,Subject.10/Hop,Subject.10__Hop__70d6028a,0,192,239,23.0,0,0.0,0.7449495196342468,0.6171764731407166,0.7996126413345337,0.6363636363636364,0.6666666666666666,0.0,0.0,0,0.029223749414086342,0.07416592724621296,False
train,train\Subject.10__Kneel__d6107390__w000000_000047.npz,Subject.10__Kneel__d6107390__w000000_000047,Subject.10/Kneel,Subject.10__Kneel__d6107390,0,0,47,23.0,0,0.0,0.9880050420761108,0.8051450252532959,0.8127744793891907,0.8484848484848485,0.9696969696969697,0.0,0.0,0,0.060648079961538315,0.1749767795205116,False
train,train\Subject.10__Kneel__d6107390__w000012_000059.npz,Subject.10__Kneel__d6107390__w000012_000059,Subject.10/Kneel,Subject.10__Kneel__d6107390,0,12,59,23.0,0,0.0,0.9595959782600403,0.7789892554283142,0.8051586151123047,0.8484848484848485,0.8484848484848485,0.0,0.0,0,0.06635906547307968,0.15969879552721972,False
train,train\Subject.10__Kneel__d6107390__w000024_000071.npz,Subject.10__Kneel__d6107390__w000024_000071,Subject.10/Kneel,Subject.10__Kneel__d6107390,0,24,71,23.0,0,0.0,0.9406565427780151,0.7608849406242371,0.7995321750640869,0.8484848484848485,0.8484848484848485,0.0,0.0,0,0.058124952018260956,0.15007051303982707,False
train,train\Subject.10__Kneel__d6107390__w000036_000083.npz,Subject.10__Kneel__d6107390__w000036_000083,Subject.10/Kneel,Subject.10__Kneel__d6107390,0,36,83,23.0,0,0.0,0.9116161465644836,0.7276864647865295,0.7849438786506653,0.8484848484848485,0.8484848484848485,0.0,0.0,0,0.05531015619635582,0.14458041042089453,False
train,train\Subject.10__Kneel__d6107390__w000048_000095.npz,Subject.10__Kneel__d6107390__w000048_000095,Subject.10/Kneel,Subject.10__Kneel__d6107390,0,48,95,23.0,0,0.0,0.8585858345031738,0.7017338275909424,0.7974846959114075,0.6666666666666666,0.7272727272727273,0.0,0.0,0,0.04981197789311409,0.11039559058845043,False
train,train\Subject.10__Kneel__d6107390__w000060_000107.npz,Subject.10__Kneel__d6107390__w000060_000107,Subject.10/Kneel,Subject.10__Kneel__d6107390,0,60,107,23.0,0,0.0,0.7998737096786499,0.6705716848373413,0.8150995373725891,0.6363636363636364,0.6363636363636364,0.0,0.0,0,0.06682699173688889,0.295092874765396,False
train,train\Subject.10__Kneel__d6107390__w000072_000119.npz,Subject.10__Kneel__d6107390__w000072_000119,Subject.10/Kneel,Subject.10__Kneel__d6107390,0,72,119,23.0,0,0.0,0.7417929172515869,0.6136769652366638,0.7992716431617737,0.6363636363636364,0.6363636363636364,0.0,0.0,0,0.08372870087623596,0.3374198287725439,False
train,train\Subject.10__Kneel__d6107390__w000084_000131.npz,Subject.10__Kneel__d6107390__w000084_000131,Subject.10/Kneel,Subject.10__Kneel__d6107390,0,84,131,23.0,0,0.0,0.690025269985199,0.568187415599823,0.7836663126945496,0.6060606060606061,0.6363636363636364,0.0,0.0,0,0.09832305461168289,0.4078140527009956,False
train,train\Subject.10__Kneel__d6107390__w000096_000143.npz,Subject.10__Kneel__d6107390__w000096_000143,Subject.10/Kneel,Subject.10__Kneel__d6107390,0,96,143,23.0,0,0.0,0.7020202279090881,0.5427534580230713,0.734329104423523,0.6060606060606061,0.6363636363636364,0.0,0.0,0,0.15803027153015137,0.7464345991611478,False
train,train\Subject.10__Kneel__d6107390__w000108_000155.npz,Subject.10__Kneel__d6107390__w000108_000155,Subject.10/Kneel,Subject.10__Kneel__d6107390,0,108,155,23.0,0,0.0,0.752525269985199,0.5743878483772278,0.7294928431510925,0.6060606060606061,0.6363636363636364,0.0,0.0,0,0.13371174037456512,0.8099017858505209,False
train,train\Subject.10__Kneel__d6107390__w000120_000167.npz,Subject.10__Kneel__d6107390__w000120_000167,Subject.10/Kneel,Subject.10__Kneel__d6107390,0,120,167,23.0,0,0.0,0.7935606241226196,0.637681782245636,0.7739859223365784,0.6060606060606061,0.6363636363636364,0.0,0.0,0,0.1412607878446579,0.7955849140882365,False
train,train\Subject.10__Kneel__d6107390__w000132_000179.npz,Subject.10__Kneel__d6107390__w000132_000179,Subject.10/Kneel,Subject.10__Kneel__d6107390,0,132,179,23.0,0,0.0,0.870580792427063,0.7071143388748169,0.7959375381469727,0.6363636363636364,0.8181818181818182,0.0,0.0,0,0.1264827847480774,0.5157330095767972,False
train,train\Subject.10__Kneel__d6107390__w000144_000191.npz,Subject.10__Kneel__d6107390__w000144_000191,Subject.10/Kneel,Subject.10__Kneel__d6107390,0,144,191,23.0,0,0.0,0.8901515007019043,0.7685509920120239,0.8491241931915283,0.8181818181818182,0.8181818181818182,0.0,0.0,0,0.0841541513800621,0.2278287634253502,False
train,train\Subject.10__Kneel__d6107390__w000156_000203.npz,Subject.10__Kneel__d6107390__w000156_000203,Subject.10/Kneel,Subject.10__Kneel__d6107390,0,156,203,23.0,0,0.0,0.9065656661987305,0.8034623265266418,0.8728463649749756,0.8181818181818182,0.8181818181818182,0.0,0.0,0,0.08700847625732422,0.2258860178291795,False
train,train\Subject.10__Kneel__d6107390__w000168_000215.npz,Subject.10__Kneel__d6107390__w000168_000215,Subject.10/Kneel,Subject.10__Kneel__d6107390,0,168,215,23.0,0,0.0,0.9191918969154358,0.821221113204956,0.8795792460441589,0.8787878787878788,0.8787878787878788,0.0,0.0,0,0.05861586704850197,0.18201688230037683,False
train,train\Subject.10__Kneel__d6107390__w000180_000227.npz,Subject.10__Kneel__d6107390__w000180_000227,Subject.10/Kneel,Subject.10__Kneel__d6107390,0,180,227,23.0,0,0.0,0.8901515007019043,0.8242661952972412,0.9078831672668457,0.8181818181818182,0.8787878787878788,0.0,0.0,0,0.04712953418493271,0.15837353393435472,False
train,train\Subject.10__Kneel__d6107390__w000192_000239.npz,Subject.10__Kneel__d6107390__w000192_000239,Subject.10/Kneel,Subject.10__Kneel__d6107390,0,192,239,23.0,0,0.0,0.8712121248245239,0.7862563729286194,0.8844661116600037,0.8181818181818182,0.8181818181818182,0.0,0.0,0,0.07856176048517227,0.4319449990987773,False
train,train\Subject.10__Kneel__d6107390__w000204_000251.npz,Subject.10__Kneel__d6107390__w000204_000251,Subject.10/Kneel,Subject.10__Kneel__d6107390,0,204,251,23.0,0,0.0,0.875,0.7501738667488098,0.8419041633605957,0.8181818181818182,0.8181818181818182,0.0,0.0,0,0.11672329902648926,0.633183991909027,False
train,train\Subject.10__Pick_up_object__8783919a__w000000_000047.npz,Subject.10__Pick_up_object__8783919a__w000000_000047,Subject.10/Pick up object,Subject.10__Pick_up_object__8783919a,0,0,47,23.0,0,0.0,0.6458333134651184,0.5324981212615967,0.8245132565498352,0.0,0.0,0.3541666666666667,0.3541666666666667,17,0.0449233278632164,0.10144528783857813,True
train,train\Subject.10__Pick_up_object__8783919a__w000012_000059.npz,Subject.10__Pick_up_object__8783919a__w000012_000059,Subject.10/Pick up object,Subject.10__Pick_up_object__8783919a,0,12,59,23.0,0,0.0,0.8958333134651184,0.7533515095710754,0.8409505486488342,0.0,0.7000000000000002,0.10416666666666667,0.10416666666666667,5,0.0538097620010376,0.10144528783857813,True
train,train\Subject.10__Pick_up_object__8783919a__w000024_000071.npz,Subject.10__Pick_up_object__8783919a__w000024_000071,Subject.10/Pick up object,Subject.10__Pick_up_object__8783919a,0,24,71,23.0,0,0.0,0.998106062412262,0.8378841280937195,0.8391216993331909,0.9696969696969697,1.0,0.0,0.0,0,0.03577391430735588,0.08900357298552986,False
train,train\Subject.10__Pick_up_object__8783919a__w000036_000083.npz,Subject.10__Pick_up_object__8783919a__w000036_000083,Subject.10/Pick up object,Subject.10__Pick_up_object__8783919a,0,36,83,23.0,0,0.0,0.808080792427063,0.6785730123519897,0.838789165019989,0.0,0.0,0.1875,0.1875,9,0.06347475945949554,0.13375472947955097,True
train,train\Subject.10__Pick_up_object__8783919a__w000048_000095.npz,Subject.10__Pick_up_object__8783919a__w000048_000095,Subject.10/Pick up object,Subject.10__Pick_up_object__8783919a,0,48,95,23.0,0,0.0,0.7834596037864685,0.6007696390151978,0.7618550062179565,0.0,0.0,0.1875,0.1875,9,0.08046186715364456,0.3300149068236351,True
train,train\Subject.10__Pick_up_object__8783919a__w000060_000107.npz,Subject.10__Pick_up_object__8783919a__w000060_000107,Subject.10/Pick up object,Subject.10__Pick_up_object__8783919a,0,60,107,23.0,0,0.0,0.7803030014038086,0.5679797530174255,0.7222136855125427,0.0,0.0,0.1875,0.1875,9,0.08946723490953445,0.3517608493566505,True
train,train\Subject.10__Pick_up_object__8783919a__w000072_000119.npz,Subject.10__Pick_up_object__8783919a__w000072_000119,Subject.10/Pick up object,Subject.10__Pick_up_object__8783919a,0,72,119,23.0,0,0.0,0.7821969985961914,0.5793994069099426,0.7355141043663025,0.0,0.0,0.1875,0.1875,9,0.09437570720911026,0.34178391396999236,True
train,train\Subject.10__Pick_up_object__8783919a__w000084_000131.npz,Subject.10__Pick_up_object__8783919a__w000084_000131,Subject.10/Pick up object,Subject.10__Pick_up_object__8783919a,0,84,131,23.0,0,0.0,0.9444444179534912,0.705747127532959,0.7391746044158936,0.7878787878787878,0.8484848484848485,0.0,0.0,0,0.07556059956550598,0.1663250505924222,False
train,train\Subject.10__Pick_up_object__8783919a__w000096_000143.npz,Subject.10__Pick_up_object__8783919a__w000096_000143,Subject.10/Pick up object,Subject.10__Pick_up_object__8783919a,0,96,143,23.0,0,0.0,0.9198232293128967,0.7180736660957336,0.7715533971786499,0.7575757575757576,0.7878787878787878,0.0,0.0,0,0.05683911591768265,0.12131794132292265,False
train,train\Subject.10__Pick_up_object__8783919a__w000108_000155.npz,Subject.10__Pick_up_object__8783919a__w000108_000155,Subject.10/Pick up object,Subject.10__Pick_up_object__8783919a,0,108,155,23.0,0,0.0,0.8661616444587708,0.6887666583061218,0.7821502089500427,0.7575757575757576,0.7575757575757576,0.0,0.0,0,0.05147337540984154,0.11621951274573791,False
train,train\Subject.10__Pick_up_object__8783919a__w000120_000167.npz,Subject.10__Pick_up_object__8783919a__w000120_000167,Subject.10/Pick up object,Subject.10__Pick_up_object__8783919a,0,120,167,23.0,0,0.0,0.8358585834503174,0.6667016744613647,0.7799457907676697,0.7575757575757576,0.7575757575757576,0.0,0.0,0,0.05537956953048706,0.1180420033633708,False
train,train\Subject.10__Pick_up_object__8783919a__w000132_000179.npz,Subject.10__Pick_up_object__8783919a__w000132_000179,Subject.10/Pick up object,Subject.10__Pick_up_object__8783919a,0,132,179,23.0,0,0.0,0.8535353541374207,0.6756135821342468,0.7773256301879883,0.7575757575757576,0.7575757575757576,0.0,0.0,0,0.050339534878730774,0.13203200772404666,False
train,train\Subject.10__Pick_up_object__8783919a__w000144_000191.npz,Subject.10__Pick_up_object__8783919a__w000144_000191,Subject.10/Pick up object,Subject.10__Pick_up_object__8783919a,0,144,191,23.0,0,0.0,0.875,0.6827465295791626,0.7674412727355957,0.7575757575757576,0.7575757575757576,0.0,0.0,0,0.04988216608762741,0.13364176899194716,False
train,train\Subject.10__Pick_up_object__8783919a__w000156_000203.npz,Subject.10__Pick_up_object__8783919a__w000156_000203,Subject.10/Pick up object,Subject.10__Pick_up_object__8783919a,0,156,203,23.0,0,0.0,0.8787878751754761,0.6766470670700073,0.7551360130310059,0.6666666666666666,0.7878787878787878,0.0,0.0,0,0.042897459119558334,0.10824684910476204,False
train,train\Subject.10__Pick_up_object__8783919a__w000168_000215.npz,Subject.10__Pick_up_object__8783919a__w000168_000215,Subject.10/Pick up object,Subject.10__Pick_up_object__8783919a,0,168,215,23.0,0,0.0,0.8282828330993652,0.6407027840614319,0.7520556449890137,0.6666666666666666,0.6666666666666666,0.0,0.0,0,0.046191707253456116,0.11406110487878321,False
train,train\Subject.10__Pick_up_object__8783919a__w000180_000227.npz,Subject.10__Pick_up_object__8783919a__w000180_000227,Subject.10/Pick up object,Subject.10__Pick_up_object__8783919a,0,180,227,23.0,0,0.0,0.7588383555412292,0.5874439477920532,0.7404880523681641,0.6363636363636364,0.6666666666666666,0.0,0.0,0,0.08870135247707367,0.5253773033618919,False
train,train\Subject.10__Pick_up_object__8783919a__w000192_000239.npz,Subject.10__Pick_up_object__8783919a__w000192_000239,Subject.10/Pick up object,Subject.10__Pick_up_object__8783919a,0,192,239,23.0,0,0.0,0.7657828330993652,0.5762650966644287,0.7185140252113342,0.6363636363636364,0.6666666666666666,0.0,0.0,0,0.11029243469238281,0.5823311269283293,False
train,train\Subject.10__Pick_up_object__8783919a__w000204_000251.npz,Subject.10__Pick_up_object__8783919a__w000204_000251,Subject.10/Pick up object,Subject.10__Pick_up_object__8783919a,0,204,251,23.0,0,0.0,0.8011363744735718,0.5967290997505188,0.7153177857398987,0.6363636363636364,0.6666666666666666,0.0,0.0,0,0.13345032930374146,0.591809621453285,False
train,train\Subject.10__Pick_up_object__8783919a__w000216_000263.npz,Subject.10__Pick_up_object__8783919a__w000216_000263,Subject.10/Pick up object,Subject.10__Pick_up_object__8783919a,0,216,263,23.0,0,0.0,0.8819444179534912,0.629946768283844,0.6967661380767822,0.6363636363636364,0.6666666666666666,0.0,0.0,0,0.13969053328037262,0.5253773033618919,False
train,train\Subject.10__Pick_up_object__8783919a__w000228_000275.npz,Subject.10__Pick_up_object__8783919a__w000228_000275,Subject.10/Pick up object,Subject.10__Pick_up_object__8783919a,0,228,275,23.0,0,0.0,0.9564393758773804,0.6949436664581299,0.7191717028617859,0.7878787878787878,0.9090909090909091,0.0,0.0,0,0.08712264150381088,0.291650459170341,False
train,train\Subject.10__Pick_up_object__8783919a__w000240_000287.npz,Subject.10__Pick_up_object__8783919a__w000240_000287,Subject.10/Pick up object,Subject.10__Pick_up_object__8783919a,0,240,287,23.0,0,0.0,0.9696969985961914,0.723421037197113,0.7416062355041504,0.9090909090909091,0.9090909090909091,0.0,0.0,0,0.06611055135726929,0.2007671423256397,False
train,train\Subject.10__Sit_down__1ee7a10a__w000000_000047.npz,Subject.10__Sit_down__1ee7a10a__w000000_000047,Subject.10/Sit down,Subject.10__Sit_down__1ee7a10a,0,0,47,23.0,0,0.0,0.7720959782600403,0.6559215784072876,0.8273352384567261,0.0,0.6363636363636364,0.020833333333333332,0.020833333333333332,1,0.04251423105597496,0.11812972612679003,True
train,train\Subject.10__Sit_down__1ee7a10a__w000012_000059.npz,Subject.10__Sit_down__1ee7a10a__w000012_000059,Subject.10/Sit down,Subject.10__Sit_down__1ee7a10a,0,12,59,23.0,0,0.0,0.7285353541374207,0.6332904696464539,0.8408721089363098,0.6363636363636364,0.6575757575757576,0.0,0.0,0,0.038174476474523544,0.10680311843752859,False
train,train\Subject.10__Sit_down__1ee7a10a__w000024_000071.npz,Subject.10__Sit_down__1ee7a10a__w000024_000071,Subject.10/Sit down,Subject.10__Sit_down__1ee7a10a,0,24,71,23.0,0,0.0,0.7102272510528564,0.6220660209655762,0.8516053557395935,0.6363636363636364,0.6575757575757576,0.0,0.0,0,0.031023357063531876,0.10472805313765997,False
train,train\Subject.10__Sit_down__1ee7a10a__w000036_000083.npz,Subject.10__Sit_down__1ee7a10a__w000036_000083,Subject.10/Sit down,Subject.10__Sit_down__1ee7a10a,0,36,83,23.0,0,0.0,0.7152777910232544,0.6124937534332275,0.8339557647705078,0.6363636363636364,0.696969696969697,0.0,0.0,0,0.03279459848999977,0.11430729590356346,False
train,train\Subject.10__Sit_down__1ee7a10a__w000048_000095.npz,Subject.10__Sit_down__1ee7a10a__w000048_000095,Subject.10/Sit down,Subject.10__Sit_down__1ee7a10a,0,48,95,23.0,0,0.0,0.7228535413742065,0.5988353490829468,0.8053376078605652,0.6060606060606061,0.6878787878787879,0.0,0.0,0,0.03572959452867508,0.11848106794059268,False
train,train\Subject.10__Sit_down__1ee7a10a__w000060_000107.npz,Subject.10__Sit_down__1ee7a10a__w000060_000107,Subject.10/Sit down,Subject.10__Sit_down__1ee7a10a,0,60,107,23.0,0,0.0,0.7196969985961914,0.5822629928588867,0.7807174921035767,0.6060606060606061,0.6666666666666666,0.0,0.0,0,0.032690439373254776,0.09676548652350896,False
train,train\Subject.10__Sit_down__1ee7a10a__w000072_000119.npz,Subject.10__Sit_down__1ee7a10a__w000072_000119,Subject.10/Sit down,Subject.10__Sit_down__1ee7a10a,0,72,119,23.0,0,0.0,0.7095959782600403,0.5684793591499329,0.7661139965057373,0.6060606060606061,0.6575757575757576,0.0,0.0,0,0.029775774106383324,0.09729054868221283,False
train,train\Subject.10__Sit_down__1ee7a10a__w000084_000131.npz,Subject.10__Sit_down__1ee7a10a__w000084_000131,Subject.10/Sit down,Subject.10__Sit_down__1ee7a10a,0,84,131,23.0,0,0.0,0.6875,0.5637401342391968,0.779143214225769,0.6060606060606061,0.6060606060606061,0.0,0.0,0,0.020340317860245705,0.059360317885875626,False
train,train\Subject.10__Sit_down__1ee7a10a__w000096_000143.npz,Subject.10__Sit_down__1ee7a10a__w000096_000143,Subject.10/Sit down,Subject.10__Sit_down__1ee7a10a,0,96,143,23.0,0,0.0,0.6635100841522217,0.5583769679069519,0.7978025078773499,0.6060606060606061,0.6060606060606061,0.0,0.0,0,0.017083415761590004,0.035548869334161265,False
train,train\Subject.10__Sit_down__1ee7a10a__w000108_000155.npz,Subject.10__Sit_down__1ee7a10a__w000108_000155,Subject.10/Sit down,Subject.10__Sit_down__1ee7a10a,0,108,155,23.0,0,0.0,0.6963383555412292,0.5736986398696899,0.79178786277771,0.6060606060606061,0.6060606060606061,0.0,0.0,0,0.017684781923890114,0.0633917052298783,False
train,train\Subject.10__Sit_down__1ee7a10a__w000120_000167.npz,Subject.10__Sit_down__1ee7a10a__w000120_000167,Subject.10/Sit down,Subject.10__Sit_down__1ee7a10a,0,120,167,23.0,0,0.0,0.7367424368858337,0.609503984451294,0.8050939440727234,0.6060606060606061,0.6060606060606061,0.0,0.0,0,0.017793891951441765,0.06202642284333699,False
train,train\Subject.10__Sit_down__1ee7a10a__w000132_000179.npz,Subject.10__Sit_down__1ee7a10a__w000132_000179,Subject.10/Sit down,Subject.10__Sit_down__1ee7a10a,0,132,179,23.0,0,0.0,0.7935606241226196,0.6504587531089783,0.807133138179779,0.6060606060606061,0.6060606060606061,0.0,0.0,0,0.019317016005516052,0.06363458298146724,False
train,train\Subject.10__Sit_down__1ee7a10a__w000144_000191.npz,Subject.10__Sit_down__1ee7a10a__w000144_000191,Subject.10/Sit down,Subject.10__Sit_down__1ee7a10a,0,144,191,23.0,0,0.0,0.8125,0.6542648673057556,0.7999124526977539,0.0,0.8484848484848485,0.041666666666666664,0.041666666666666664,2,0.0161923635751009,0.06847881227731675,True
train,train\Subject.10__Sit_down__1ee7a10a__w000156_000203.npz,Subject.10__Sit_down__1ee7a10a__w000156_000203,Subject.10/Sit down,Subject.10__Sit_down__1ee7a10a,0,156,203,23.0,0,0.0,0.6010100841522217,0.4957409203052521,0.8194971680641174,0.0,0.0,0.2916666666666667,0.2916666666666667,14,0.04820415750145912,0.16690218672156332,True
train,train\Subject.10__Sit_down__1ee7a10a__w000168_000215.npz,Subject.10__Sit_down__1ee7a10a__w000168_000215,Subject.10/Sit down,Subject.10__Sit_down__1ee7a10a,0,168,215,23.0,0,0.0,0.6029040217399597,0.44607940316200256,0.7327452898025513,0.0,0.0,0.2916666666666667,0.2916666666666667,14,0.07870066910982132,0.32939870059490184,True
train,train\Subject.10__Sit_down__1ee7a10a__w000180_000227.npz,Subject.10__Sit_down__1ee7a10a__w000180_000227,Subject.10/Sit down,Subject.10__Sit_down__1ee7a10a,0,180,227,23.0,0,0.0,0.6054292917251587,0.4226189851760864,0.6858004331588745,0.0,0.0,0.2916666666666667,0.2916666666666667,14,0.09457554668188095,0.40339619517326336,True
train,train\Subject.10__Walk__106b1eb3__w000000_000047.npz,Subject.10__Walk__106b1eb3__w000000_000047,Subject.10/Walk,Subject.10__Walk__106b1eb3,0,0,47,23.0,0,0.0,0.9715909361839294,0.8276025056838989,0.85069340467453,0.0,0.9696969696969697,0.020833333333333332,0.020833333333333332,1,0.03605370596051216,0.11957219541072846,True
train,train\Subject.10__Walk__106b1eb3__w000012_000059.npz,Subject.10__Walk__106b1eb3__w000012_000059,Subject.10/Walk,Subject.10__Walk__106b1eb3,0,12,59,23.0,0,0.0,0.9924242496490479,0.8375338315963745,0.8428424000740051,0.9696969696969697,0.9696969696969697,0.0,0.0,0,0.03789418935775757,0.11989490278065204,False
train,train\Subject.10__Walk__106b1eb3__w000024_000071.npz,Subject.10__Walk__106b1eb3__w000024_000071,Subject.10/Walk,Subject.10__Walk__106b1eb3,0,24,71,23.0,0,0.0,0.9924242496490479,0.8247361779212952,0.8299470543861389,0.9696969696969697,0.9696969696969697,0.0,0.0,0,0.039750002324581146,0.10903966613113877,False
train,train\Subject.10__Walk__106b1eb3__w000036_000083.npz,Subject.10__Walk__106b1eb3__w000036_000083,Subject.10/Walk,Subject.10__Walk__106b1eb3,0,36,83,23.0,0,0.0,0.9943181872367859,0.7980675101280212,0.8018767237663269,0.9696969696969697,0.9696969696969697,0.0,0.0,0,0.0581134632229805,0.16401715800166128,False
train,train\Subject.10__Walk__106b1eb3__w000048_000095.npz,Subject.10__Walk__106b1eb3__w000048_000095,Subject.10/Walk,Subject.10__Walk__106b1eb3,0,48,95,23.0,0,0.0,0.9779040217399597,0.7769482731819153,0.7911802530288696,0.8484848484848485,0.8484848484848485,0.0,0.0,0,0.06002369150519371,0.1750241413712501,False
train,train\Subject.10__Walk__106b1eb3__w000060_000107.npz,Subject.10__Walk__106b1eb3__w000060_000107,Subject.10/Walk,Subject.10__Walk__106b1eb3,0,60,107,23.0,0,0.0,0.9520202279090881,0.753533124923706,0.7850486040115356,0.8484848484848485,0.8484848484848485,0.0,0.0,0,0.06198453530669212,0.17625721618533124,False
train,train\Subject.10__Walk__106b1eb3__w000072_000119.npz,Subject.10__Walk__106b1eb3__w000072_000119,Subject.10/Walk,Subject.10__Walk__106b1eb3,0,72,119,23.0,0,0.0,0.9368686676025391,0.7360955476760864,0.7765749096870422,0.8484848484848485,0.8484848484848485,0.0,0.0,0,0.058908719569444656,0.18149141818284975,False
train,train\Subject.10__Walk__106b1eb3__w000084_000131.npz,Subject.10__Walk__106b1eb3__w000084_000131,Subject.10/Walk,Subject.10__Walk__106b1eb3,0,84,131,23.0,0,0.0,0.9078282713890076,0.734065055847168,0.7951984405517578,0.8484848484848485,0.8484848484848485,0.0,0.0,0,0.03761059045791626,0.11291873753070827,False
train,train\Subject.10__Walk__106b1eb3__w000096_000143.npz,Subject.10__Walk__106b1eb3__w000096_000143,Subject.10/Walk,Subject.10__Walk__106b1eb3,0,96,143,23.0,0,0.0,0.8964646458625793,0.7349978089332581,0.8070665597915649,0.8484848484848485,0.8484848484848485,0.0,0.0,0,0.030477557331323624,0.093164686858654,False
train,train\Subject.10__Walk__106b1eb3__w000108_000155.npz,Subject.10__Walk__106b1eb3__w000108_000155,Subject.10/Walk,Subject.10__Walk__106b1eb3,0,108,155,23.0,0,0.0,0.8895202279090881,0.7315486669540405,0.8111550807952881,0.8484848484848485,0.8484848484848485,0.0,0.0,0,0.022782763466238976,0.06488629356026646,False
train,train\Subject.10__Walk__106b1eb3__w000120_000167.npz,Subject.10__Walk__106b1eb3__w000120_000167,Subject.10/Walk,Subject.10__Walk__106b1eb3,0,120,167,23.0,0,0.0,0.8699495196342468,0.7112211585044861,0.8068673014640808,0.8484848484848485,0.8484848484848485,0.0,0.0,0,0.019040657207369804,0.05772914160043,False
train,train\Subject.10__Walk__106b1eb3__w000132_000179.npz,Subject.10__Walk__106b1eb3__w000132_000179,Subject.10/Walk,Subject.10__Walk__106b1eb3,0,132,179,23.0,0,0.0,0.8964646458625793,0.7309591770172119,0.8085335493087769,0.8484848484848485,0.8484848484848485,0.0,0.0,0,0.01694115810096264,0.045077745057642435,False
train,train\Subject.10__Walk__106b1eb3__w000144_000191.npz,Subject.10__Walk__106b1eb3__w000144_000191,Subject.10/Walk,Subject.10__Walk__106b1eb3,0,144,191,23.0,0,0.0,0.9299242496490479,0.7768707275390625,0.8315871357917786,0.8484848484848485,0.8484848484848485,0.0,0.0,0,0.017568424344062805,0.04539593942463398,False
train,train\Subject.10__Walk__106b1eb3__w000156_000203.npz,Subject.10__Walk__106b1eb3__w000156_000203,Subject.10/Walk,Subject.10__Walk__106b1eb3,0,156,203,23.0,0,0.0,0.9627525210380554,0.8300333023071289,0.859925389289856,0.8484848484848485,0.8484848484848485,0.0,0.0,0,0.01886245794594288,0.04624443836510179,False
train,train\Subject.10__Walk__106b1eb3__w000168_000215.npz,Subject.10__Walk__106b1eb3__w000168_000215,Subject.10/Walk,Subject.10__Walk__106b1eb3,0,168,215,23.0,0,0.0,0.997474730014801,0.8949097990989685,0.896709680557251,0.8787878787878788,1.0,0.0,0.0,0,0.020649602636694908,0.05431185327470302,False
train,train\Subject.1__Fall_backwards__5f82f2cb__w000000_000047.npz,Subject.1__Fall_backwards__5f82f2cb__w000000_000047,Subject.1/Fall backwards,Subject.1__Fall_backwards__5f82f2cb,0,0,47,23.0,0,0.0,0.8333333134651184,0.7269794344902039,0.8638761639595032,0.7878787878787878,0.7878787878787878,0.0,0.0,0,0.019352104514837265,0.07123341113328932,False
train,train\Subject.1__Fall_backwards__5f82f2cb__w000012_000059.npz,Subject.1__Fall_backwards__5f82f2cb__w000012_000059,Subject.1/Fall backwards,Subject.1__Fall_backwards__5f82f2cb,1,12,59,23.0,2,0.0416666679084301,0.8244949579238892,0.6902002096176147,0.8239235877990723,0.7878787878787878,0.7878787878787878,0.0,0.0,0,0.02856687642633915,0.08252364732325071,False
train,train\Subject.1__Fall_backwards__5f82f2cb__w000024_000071.npz,Subject.1__Fall_backwards__5f82f2cb__w000024_000071,Subject.1/Fall backwards,Subject.1__Fall_backwards__5f82f2cb,1,24,71,23.0,14,0.2916666567325592,0.8207070827484131,0.6709293127059937,0.7988786697387695,0.7878787878787878,0.7878787878787878,0.0,0.0,0,0.04218856617808342,0.09085236415266988,False
train,train\Subject.1__Fall_backwards__5f82f2cb__w000036_000083.npz,Subject.1__Fall_backwards__5f82f2cb__w000036_000083,Subject.1/Fall backwards,Subject.1__Fall_backwards__5f82f2cb,1,36,83,23.0,26,0.5416666865348816,0.8585858345031738,0.6982150673866272,0.7960181832313538,0.7878787878787878,0.7878787878787878,0.0,0.0,0,0.0469433069229126,0.10591997131705279,False
train,train\Subject.1__Fall_backwards__5f82f2cb__w000048_000095.npz,Subject.1__Fall_backwards__5f82f2cb__w000048_000095,Subject.1/Fall backwards,Subject.1__Fall_backwards__5f82f2cb,1,48,95,23.0,38,0.7916666865348816,0.9084596037864685,0.7535536289215088,0.8173902630805969,0.7878787878787878,0.7878787878787878,0.0,0.0,0,0.04116061329841614,0.09300247244536876,False
train,train\Subject.1__Fall_backwards__5f82f2cb__w000060_000107.npz,Subject.1__Fall_backwards__5f82f2cb__w000060_000107,Subject.1/Fall backwards,Subject.1__Fall_backwards__5f82f2cb,1,60,107,23.0,48,1.0,0.9551767706871033,0.8196997046470642,0.8523615598678589,0.7878787878787878,0.7878787878787878,0.0,0.0,0,0.02668374963104725,0.08014339692890643,False
train,train\Subject.1__Fall_backwards__5f82f2cb__w000072_000119.npz,Subject.1__Fall_backwards__5f82f2cb__w000072_000119,Subject.1/Fall backwards,Subject.1__Fall_backwards__5f82f2cb,1,72,119,23.0,48,1.0,0.9968434572219849,0.8802756071090698,0.8825570940971375,0.9696969696969697,0.990909090909091,0.0,0.0,0,0.012591640464961529,0.04834629539400338,False
train,train\Subject.1__Fall_forward__80e1655b__w000000_000047.npz,Subject.1__Fall_forward__80e1655b__w000000_000047,Subject.1/Fall forward,Subject.1__Fall_forward__80e1655b,0,0,47,23.0,0,0.0,0.1666666716337204,0.0982794538140297,0.5896767377853394,0.0,0.0,0.8333333333333334,0.8333333333333334,40,0.09040650725364685,0.4747204169630999,True
train,train\Subject.1__Fall_forward__80e1655b__w000012_000059.npz,Subject.1__Fall_forward__80e1655b__w000012_000059,Subject.1/Fall forward,Subject.1__Fall_forward__80e1655b,0,12,59,23.0,0,0.0,0.1875,0.11372579634189606,0.6065375804901123,0.0,0.0,0.8125,0.8125,39,0.19362862408161163,1.602109497785566,True
train,train\Subject.1__Fall_forward__80e1655b__w000024_000071.npz,Subject.1__Fall_forward__80e1655b__w000024_000071,Subject.1/Fall forward,Subject.1__Fall_forward__80e1655b,0,24,71,23.0,0,0.0,0.4166666567325592,0.22913821041584015,0.5499317049980164,0.0,0.0,0.5833333333333334,0.5833333333333334,28,0.21984724700450897,1.602109497785566,True
train,train\Subject.1__Fall_forward__80e1655b__w000036_000083.npz,Subject.1__Fall_forward__80e1655b__w000036_000083,Subject.1/Fall forward,Subject.1__Fall_forward__80e1655b,0,36,83,23.0,0,0.0,0.623106062412262,0.36669525504112244,0.5879294872283936,0.0,0.0,0.375,0.375,18,0.18981485068798065,1.3399629950523375,True
train,train\Subject.1__Fall_forward__80e1655b__w000048_000095.npz,Subject.1__Fall_forward__80e1655b__w000048_000095,Subject.1/Fall forward,Subject.1__Fall_forward__80e1655b,0,48,95,23.0,0,0.0,0.745580792427063,0.46165981888771057,0.6180665493011475,0.0,0.0,0.25,0.25,12,0.1476767212152481,0.7831794023513794,True
train,train\Subject.1__Fall_forward__80e1655b__w000060_000107.npz,Subject.1__Fall_forward__80e1655b__w000060_000107,Subject.1/Fall forward,Subject.1__Fall_forward__80e1655b,0,60,107,23.0,0,0.0,0.9696969985961914,0.6194501519203186,0.6370166540145874,0.0,0.9696969696969697,0.020833333333333332,0.020833333333333332,1,0.04561208561062813,0.18787170797586436,True
train,train\Subject.1__Fall_forward__80e1655b__w000072_000119.npz,Subject.1__Fall_forward__80e1655b__w000072_000119,Subject.1/Fall forward,Subject.1__Fall_forward__80e1655b,0,72,119,23.0,0,0.0,0.9829545617103577,0.6873605251312256,0.6966537833213806,0.9696969696969697,0.9696969696969697,0.0,0.0,0,0.025048838928341866,0.08212723545730106,False
train,train\Subject.1__Fall_forward__80e1655b__w000084_000131.npz,Subject.1__Fall_forward__80e1655b__w000084_000131,Subject.1/Fall forward,Subject.1__Fall_forward__80e1655b,1,84,131,23.0,1,0.02083333395421505,0.9772727489471436,0.7175759077072144,0.7314150333404541,0.9696969696969697,0.9696969696969697,0.0,0.0,0,0.015427273698151112,0.05783799327909935,False
train,train\Subject.1__Fall_forward__80e1655b__w000096_000143.npz,Subject.1__Fall_forward__80e1655b__w000096_000143,Subject.1/Fall forward,Subject.1__Fall_forward__80e1655b,1,96,143,23.0,13,0.2708333432674408,0.9722222089767456,0.7382146716117859,0.7563307881355286,0.9696969696969697,0.9696969696969697,0.0,0.0,0,0.011999932117760181,0.04324238058179615,False
train,train\Subject.1__Fall_forward__80e1655b__w000108_000155.npz,Subject.1__Fall_forward__80e1655b__w000108_000155,Subject.1/Fall forward,Subject.1__Fall_forward__80e1655b,1,108,155,23.0,25,0.5208333134651184,0.9678030014038086,0.7304853796958923,0.7516067624092102,0.9090909090909091,0.9696969696969697,0.0,0.0,0,0.06315068155527115,0.5627685457468028,False
train,train\Subject.1__Fall_forward__80e1655b__w000120_000167.npz,Subject.1__Fall_forward__80e1655b__w000120_000167,Subject.1/Fall forward,Subject.1__Fall_forward__80e1655b,1,120,167,23.0,37,0.7708333134651184,0.9362373948097229,0.705801248550415,0.7470046281814575,0.8181818181818182,0.8484848484848485,0.0,0.0,0,0.07601673156023026,0.5761366128921507,False
train,train\Subject.1__Fall_forward__80e1655b__w000132_000179.npz,Subject.1__Fall_forward__80e1655b__w000132_000179,Subject.1/Fall forward,Subject.1__Fall_forward__80e1655b,1,132,179,23.0,48,1.0,0.8800504803657532,0.6622580885887146,0.7398099899291992,0.696969696969697,0.7484848484848485,0.0,0.0,0,0.09228841215372086,0.5936229944229126,False
train,train\Subject.1__Fall_left__976f341e__w000000_000047.npz,Subject.1__Fall_left__976f341e__w000000_000047,Subject.1/Fall left,Subject.1__Fall_left__976f341e,1,0,47,23.0,4,0.0833333358168602,0.7089646458625793,0.46923550963401794,0.6475617289543152,0.0,0.0,0.20833333333333334,0.20833333333333334,10,0.13701511919498444,0.7868295520544037,True
train,train\Subject.1__Fall_left__976f341e__w000012_000059.npz,Subject.1__Fall_left__976f341e__w000012_000059,Subject.1/Fall left,Subject.1__Fall_left__976f341e,1,12,59,23.0,16,0.3333333432674408,0.9027777910232544,0.633175253868103,0.6875947713851929,0.7878787878787878,0.8181818181818182,0.0,0.0,0,0.11775273084640503,0.40027786195277937,False
train,train\Subject.1__Fall_left__976f341e__w000024_000071.npz,Subject.1__Fall_left__976f341e__w000024_000071,Subject.1/Fall left,Subject.1__Fall_left__976f341e,1,24,71,23.0,28,0.5833333134651184,0.931186854839325,0.7049546837806702,0.7462127804756165,0.7878787878787878,0.8181818181818182,0.0,0.0,0,0.05894596502184868,0.14867890477180465,False
train,train\Subject.1__Fall_left__976f341e__w000036_000083.npz,Subject.1__Fall_left__976f341e__w000036_000083,Subject.1/Fall left,Subject.1__Fall_left__976f341e,1,36,83,23.0,40,0.8333333134651184,0.9375,0.7371333241462708,0.7767184972763062,0.7878787878787878,0.8181818181818182,0.0,0.0,0,0.04630488529801369,0.12601286321878433,False
train,train\Subject.1__Fall_right__3b8c5ae1__w000000_000047.npz,Subject.1__Fall_right__3b8c5ae1__w000000_000047,Subject.1/Fall right,Subject.1__Fall_right__3b8c5ae1,0,0,47,23.0,0,0.0,0.9425504803657532,0.7631325721740723,0.8045758008956909,0.0,0.8484848484848485,0.020833333333333332,0.020833333333333332,1,0.03413228690624237,0.1062035877257585,True
train,train\Subject.1__Fall_right__3b8c5ae1__w000012_000059.npz,Subject.1__Fall_right__3b8c5ae1__w000012_000059,Subject.1/Fall right,Subject.1__Fall_right__3b8c5ae1,1,12,59,23.0,4,0.0833333358168602,0.9248737096786499,0.7446651458740234,0.7974271774291992,0.8181818181818182,0.8484848484848485,0.0,0.0,0,0.03876464441418648,0.114517854899168,False
train,train\Subject.1__Fall_right__3b8c5ae1__w000024_000071.npz,Subject.1__Fall_right__3b8c5ae1__w000024_000071,Subject.1/Fall right,Subject.1__Fall_right__3b8c5ae1,1,24,71,23.0,16,0.3333333432674408,0.8579545617103577,0.6925380825996399,0.7918332815170288,0.6666666666666666,0.7393939393939394,0.0,0.0,0,0.04421529546380043,0.12194199413061142,False
train,train\Subject.1__Fall_right__3b8c5ae1__w000036_000083.npz,Subject.1__Fall_right__3b8c5ae1__w000036_000083,Subject.1/Fall right,Subject.1__Fall_right__3b8c5ae1,1,36,83,23.0,28,0.5833333134651184,0.7771464586257935,0.6485822796821594,0.8124890327453613,0.6666666666666666,0.6666666666666666,0.0,0.0,0,0.037224821746349335,0.1172343425452709,False
train,train\Subject.1__Fall_right__3b8c5ae1__w000048_000095.npz,Subject.1__Fall_right__3b8c5ae1__w000048_000095,Subject.1/Fall right,Subject.1__Fall_right__3b8c5ae1,1,48,95,23.0,40,0.8333333134651184,0.7279040217399597,0.6285050511360168,0.8425194621086121,0.6666666666666666,0.6666666666666666,0.0,0.0,0,0.023487452417612076,0.09852663576602931,False
train,train\Subject.1__Fall_right__3b8c5ae1__w000060_000107.npz,Subject.1__Fall_right__3b8c5ae1__w000060_000107,Subject.1/Fall right,Subject.1__Fall_right__3b8c5ae1,1,60,107,23.0,48,1.0,0.683080792427063,0.6148515939712524,0.8787187337875366,0.6666666666666666,0.6666666666666666,0.0,0.0,0,0.012255216017365456,0.05258724819868799,False
train,train\Subject.1__Fall_sitting__d7a162eb__w000000_000047.npz,Subject.1__Fall_sitting__d7a162eb__w000000_000047,Subject.1/Fall sitting,Subject.1__Fall_sitting__d7a162eb,0,0,47,23.0,0,0.0,0.8611111044883728,0.7056221961975098,0.8010846972465515,0.0,0.8393939393939395,0.020833333333333332,0.020833333333333332,1,0.01917041838169098,0.0402371101081371,True
train,train\Subject.1__Fall_sitting__d7a162eb__w000012_000059.npz,Subject.1__Fall_sitting__d7a162eb__w000012_000059,Subject.1/Fall sitting,Subject.1__Fall_sitting__d7a162eb,0,12,59,23.0,0,0.0,0.8604797720909119,0.7442660331726074,0.845540463924408,0.8181818181818182,0.8181818181818182,0.0,0.0,0,0.016570912674069405,0.03474947828799485,False
train,train\Subject.1__Fall_sitting__d7a162eb__w000024_000071.npz,Subject.1__Fall_sitting__d7a162eb__w000024_000071,Subject.1/Fall sitting,Subject.1__Fall_sitting__d7a162eb,0,24,71,23.0,0,0.0,0.8655303120613098,0.76842200756073,0.8691545128822327,0.8181818181818182,0.8181818181818182,0.0,0.0,0,0.021706024184823036,0.0524584053084254,False
train,train\Subject.1__Fall_sitting__d7a162eb__w000036_000083.npz,Subject.1__Fall_sitting__d7a162eb__w000036_000083,Subject.1/Fall sitting,Subject.1__Fall_sitting__d7a162eb,0,36,83,23.0,0,0.0,0.8939393758773804,0.8062849044799805,0.8880930542945862,0.8181818181818182,0.8181818181818182,0.0,0.0,0,0.035488493740558624,0.10731843523681162,False
train,train\Subject.1__Fall_sitting__d7a162eb__w000048_000095.npz,Subject.1__Fall_sitting__d7a162eb__w000048_000095,Subject.1/Fall sitting,Subject.1__Fall_sitting__d7a162eb,0,48,95,23.0,0,0.0,0.933080792427063,0.8385156393051147,0.8904628157615662,0.8181818181818182,0.8181818181818182,0.0,0.0,0,0.04729809984564781,0.1239545490592718,False
train,train\Subject.1__Fall_sitting__d7a162eb__w000060_000107.npz,Subject.1__Fall_sitting__d7a162eb__w000060_000107,Subject.1/Fall sitting,Subject.1__Fall_sitting__d7a162eb,1,60,107,23.0,10,0.2083333283662796,0.9728535413742065,0.838779628276825,0.8581624627113342,0.8484848484848485,0.9090909090909091,0.0,0.0,0,0.0802457183599472,0.21960962116718286,False
train,train\Subject.1__Fall_sitting__d7a162eb__w000072_000119.npz,Subject.1__Fall_sitting__d7a162eb__w000072_000119,Subject.1/Fall sitting,Subject.1__Fall_sitting__d7a162eb,1,72,119,23.0,22,0.4583333432674408,0.9747474789619446,0.7857761383056641,0.8018765449523926,0.8484848484848485,0.8787878787878788,0.0,0.0,0,0.09033511579036713,0.22152102515101427,False
train,train\Subject.1__Fall_sitting__d7a162eb__w000084_000131.npz,Subject.1__Fall_sitting__d7a162eb__w000084_000131,Subject.1/Fall sitting,Subject.1__Fall_sitting__d7a162eb,1,84,131,23.0,34,0.7083333134651184,0.9501262903213501,0.7327542304992676,0.763075053691864,0.8484848484848485,0.8484848484848485,0.0,0.0,0,0.08123962581157684,0.22405144870281218,False
train,train\Subject.1__Fall_sitting__d7a162eb__w000096_000143.npz,Subject.1__Fall_sitting__d7a162eb__w000096_000143,Subject.1/Fall sitting,Subject.1__Fall_sitting__d7a162eb,1,96,143,23.0,46,0.9583333134651184,0.9425504803657532,0.7071491479873657,0.7409576177597046,0.8484848484848485,0.8484848484848485,0.0,0.0,0,0.06367504596710205,0.22405144870281218,False
train,train\Subject.1__Fall_sitting__d7a162eb__w000108_000155.npz,Subject.1__Fall_sitting__d7a162eb__w000108_000155,Subject.1/Fall sitting,Subject.1__Fall_sitting__d7a162eb,1,108,155,23.0,48,1.0,0.9387626051902771,0.7122284173965454,0.7490833401679993,0.8484848484848485,0.8484848484848485,0.0,0.0,0,0.028563041239976883,0.09221457354724406,False
train,train\Subject.1__Fall_sitting__d7a162eb__w000120_000167.npz,Subject.1__Fall_sitting__d7a162eb__w000120_000167,Subject.1/Fall sitting,Subject.1__Fall_sitting__d7a162eb,1,120,167,23.0,48,1.0,0.943813145160675,0.7464834451675415,0.7829514741897583,0.8484848484848485,0.8787878787878788,0.0,0.0,0,0.013149557635188103,0.03863975089043378,False
train,train\Subject.1__Fall_sitting__d7a162eb__w000132_000179.npz,Subject.1__Fall_sitting__d7a162eb__w000132_000179,Subject.1/Fall sitting,Subject.1__Fall_sitting__d7a162eb,1,132,179,23.0,48,1.0,0.9242424368858337,0.7529080510139465,0.8044342994689941,0.7878787878787878,0.8181818181818182,0.0,0.0,0,0.014341721311211586,0.045919821038842165,False
train,train\Subject.1__Hop__64ecb02a__w000000_000047.npz,Subject.1__Hop__64ecb02a__w000000_000047,Subject.1/Hop,Subject.1__Hop__64ecb02a,0,0,47,23.0,0,0.0,0.7916666865348816,0.5933758616447449,0.7271466851234436,0.7272727272727273,0.7272727272727273,0.0,0.0,0,0.04692273586988449,0.2579253405332565,False
train,train\Subject.1__Hop__64ecb02a__w000012_000059.npz,Subject.1__Hop__64ecb02a__w000012_000059,Subject.1/Hop,Subject.1__Hop__64ecb02a,0,12,59,23.0,0,0.0,0.7847222089767456,0.6060406565666199,0.7535092830657959,0.7272727272727273,0.7272727272727273,0.0,0.0,0,0.02624751627445221,0.05316426977515219,False
train,train\Subject.1__Hop__64ecb02a__w000024_000071.npz,Subject.1__Hop__64ecb02a__w000024_000071,Subject.1/Hop,Subject.1__Hop__64ecb02a,0,24,71,23.0,0,0.0,0.7910353541374207,0.6106077432632446,0.7593933939933777,0.7272727272727273,0.7787878787878788,0.0,0.0,0,0.020386824384331703,0.05396303348243236,False
train,train\Subject.1__Hop__64ecb02a__w000036_000083.npz,Subject.1__Hop__64ecb02a__w000036_000083,Subject.1/Hop,Subject.1__Hop__64ecb02a,0,36,83,23.0,0,0.0,0.806186854839325,0.6240105628967285,0.7616032361984253,0.7575757575757576,0.7575757575757576,0.0,0.0,0,0.025178100913763046,0.057955141179263536,False
train,train\Subject.1__Hop__64ecb02a__w000048_000095.npz,Subject.1__Hop__64ecb02a__w000048_000095,Subject.1/Hop,Subject.1__Hop__64ecb02a,0,48,95,23.0,0,0.0,0.8566918969154358,0.6846860647201538,0.790050745010376,0.7575757575757576,0.7575757575757576,0.0,0.0,0,0.02605396881699562,0.058714570291340334,False
train,train\Subject.1__Hop__64ecb02a__w000060_000107.npz,Subject.1__Hop__64ecb02a__w000060_000107,Subject.1/Hop,Subject.1__Hop__64ecb02a,0,60,107,23.0,0,0.0,0.9084596037864685,0.7661116123199463,0.8369919657707214,0.7575757575757576,0.7575757575757576,0.0,0.0,0,0.02664789929986,0.056952563114464276,False
train,train\Subject.1__Hop__64ecb02a__w000072_000119.npz,Subject.1__Hop__64ecb02a__w000072_000119,Subject.1/Hop,Subject.1__Hop__64ecb02a,0,72,119,23.0,0,0.0,0.9614899158477783,0.8525846600532532,0.8830689787864685,0.7575757575757576,0.7575757575757576,0.0,0.0,0,0.02550828643143177,0.053919574059545984,False
train,train\Subject.1__Hop__64ecb02a__w000084_000131.npz,Subject.1__Hop__64ecb02a__w000084_000131,Subject.1/Hop,Subject.1__Hop__64ecb02a,0,84,131,23.0,0,0.0,1.0,0.9306144118309021,0.9306144118309021,1.0,1.0,0.0,0.0,0,0.020274613052606583,0.04846685025840997,False
train,train\Subject.1__Hop__64ecb02a__w000096_000143.npz,Subject.1__Hop__64ecb02a__w000096_000143,Subject.1/Hop,Subject.1__Hop__64ecb02a,0,96,143,23.0,0,0.0,1.0,0.9418244957923889,0.9418244957923889,1.0,1.0,0.0,0.0,0,0.024439390748739243,0.05681821443140506,False
train,train\Subject.1__Hop__64ecb02a__w000108_000155.npz,Subject.1__Hop__64ecb02a__w000108_000155,Subject.1/Hop,Subject.1__Hop__64ecb02a,0,108,155,23.0,0,0.0,0.9905303120613098,0.8945565819740295,0.9013860821723938,0.8484848484848485,1.0,0.0,0.0,0,0.028308652341365814,0.05985112655907869,False
train,train\Subject.1__Hop__64ecb02a__w000120_000167.npz,Subject.1__Hop__64ecb02a__w000120_000167,Subject.1/Hop,Subject.1__Hop__64ecb02a,0,120,167,23.0,0,0.0,0.9476010203361511,0.8349555134773254,0.8739268183708191,0.8181818181818182,0.8181818181818182,0.0,0.0,0,0.029112709686160088,0.06444373317062853,False
train,train\Subject.1__Hop__64ecb02a__w000132_000179.npz,Subject.1__Hop__64ecb02a__w000132_000179,Subject.1/Hop,Subject.1__Hop__64ecb02a,0,132,179,23.0,0,0.0,0.9021464586257935,0.7717748284339905,0.8440139293670654,0.8181818181818182,0.8181818181818182,0.0,0.0,0,0.028191380202770233,0.06602326445281505,False
train,train\Subject.1__Kneel__de82f857__w000000_000047.npz,Subject.1__Kneel__de82f857__w000000_000047,Subject.1/Kneel,Subject.1__Kneel__de82f857,0,0,47,23.0,0,0.0,0.9450757503509521,0.7899908423423767,0.8277590274810791,0.8181818181818182,0.8181818181818182,0.0,0.0,0,0.043007344007492065,0.11821091584861275,False
train,train\Subject.1__Kneel__de82f857__w000012_000059.npz,Subject.1__Kneel__de82f857__w000012_000059,Subject.1/Kneel,Subject.1__Kneel__de82f857,0,12,59,23.0,0,0.0,0.9185606241226196,0.7687835693359375,0.8283226490020752,0.8181818181818182,0.8181818181818182,0.0,0.0,0,0.04386334493756294,0.1116177689284086,False
train,train\Subject.1__Kneel__de82f857__w000024_000071.npz,Subject.1__Kneel__de82f857__w000024_000071,Subject.1/Kneel,Subject.1__Kneel__de82f857,0,24,71,23.0,0,0.0,0.8712121248245239,0.7179563641548157,0.8092545866966248,0.7272727272727273,0.8181818181818182,0.0,0.0,0,0.051060762256383896,0.11518856994807716,False
train,train\Subject.1__Kneel__de82f857__w000036_000083.npz,Subject.1__Kneel__de82f857__w000036_000083,Subject.1/Kneel,Subject.1__Kneel__de82f857,0,36,83,23.0,0,0.0,0.8207070827484131,0.6842069029808044,0.8117245435714722,0.7272727272727273,0.7575757575757576,0.0,0.0,0,0.04637147858738899,0.10657556690275667,False
train,train\Subject.1__Kneel__de82f857__w000048_000095.npz,Subject.1__Kneel__de82f857__w000048_000095,Subject.1/Kneel,Subject.1__Kneel__de82f857,0,48,95,23.0,0,0.0,0.7954545617103577,0.6514601111412048,0.7954509258270264,0.6666666666666666,0.7272727272727273,0.0,0.0,0,0.040065862238407135,0.08870035447180268,False
train,train\Subject.1__Kneel__de82f857__w000060_000107.npz,Subject.1__Kneel__de82f857__w000060_000107,Subject.1/Kneel,Subject.1__Kneel__de82f857,0,60,107,23.0,0,0.0,0.743686854839325,0.6136088371276855,0.7941674590110779,0.6060606060606061,0.6060606060606061,0.0,0.0,0,0.03770782798528671,0.08093282580375671,False
train,train\Subject.1__Kneel__de82f857__w000072_000119.npz,Subject.1__Kneel__de82f857__w000072_000119,Subject.1/Kneel,Subject.1__Kneel__de82f857,0,72,119,23.0,0,0.0,0.7228535413742065,0.6035129427909851,0.8074376583099365,0.6060606060606061,0.6060606060606061,0.0,0.0,0,0.02680610492825508,0.0595685850828886,False
train,train\Subject.1__Kneel__de82f857__w000084_000131.npz,Subject.1__Kneel__de82f857__w000084_000131,Subject.1/Kneel,Subject.1__Kneel__de82f857,0,84,131,23.0,0,0.0,0.7083333134651184,0.604657769203186,0.8313102722167969,0.6060606060606061,0.6060606060606061,0.0,0.0,0,0.020656118169426918,0.04536747597157952,False
train,train\Subject.1__Kneel__de82f857__w000096_000143.npz,Subject.1__Kneel__de82f857__w000096_000143,Subject.1/Kneel,Subject.1__Kneel__de82f857,0,96,143,23.0,0,0.0,0.7108585834503174,0.6233097910881042,0.8612787127494812,0.6060606060606061,0.6060606060606061,0.0,0.0,0,0.014119545929133892,0.03544424157589672,False
train,train\Subject.1__Kneel__de82f857__w000108_000155.npz,Subject.1__Kneel__de82f857__w000108_000155,Subject.1/Kneel,Subject.1__Kneel__de82f857,0,108,155,23.0,0,0.0,0.7417929172515869,0.6662200689315796,0.8899621963500977,0.7272727272727273,0.7272727272727273,0.0,0.0,0,0.008565465919673443,0.029802614171057937,False
train,train\Subject.1__Kneel__de82f857__w000120_000167.npz,Subject.1__Kneel__de82f857__w000120_000167,Subject.1/Kneel,Subject.1__Kneel__de82f857,0,120,167,23.0,0,0.0,0.7493686676025391,0.6960723400115967,0.9209608435630798,0.7272727272727273,0.7272727272727273,0.0,0.0,0,0.008070689626038074,0.029043702967464915,False
train,train\Subject.1__Kneel__de82f857__w000132_000179.npz,Subject.1__Kneel__de82f857__w000132_000179,Subject.1/Kneel,Subject.1__Kneel__de82f857,0,132,179,23.0,0,0.0,0.7575757503509521,0.7110182046890259,0.9307328462600708,0.7272727272727273,0.7575757575757576,0.0,0.0,0,0.007440581452101469,0.023568526469171038,False
train,train\Subject.1__Kneel__de82f857__w000144_000191.npz,Subject.1__Kneel__de82f857__w000144_000191,Subject.1/Kneel,Subject.1__Kneel__de82f857,0,144,191,23.0,0,0.0,0.7626262903213501,0.7141329050064087,0.9286043047904968,0.7575757575757576,0.7575757575757576,0.0,0.0,0,0.0077843316830694675,0.025458754040300634,False
train,train\Subject.1__Kneel__de82f857__w000156_000203.npz,Subject.1__Kneel__de82f857__w000156_000203,Subject.1/Kneel,Subject.1__Kneel__de82f857,0,156,203,23.0,0,0.0,0.7588383555412292,0.7099156379699707,0.9270580410957336,0.7272727272727273,0.7272727272727273,0.0,0.0,0,0.008264116942882538,0.02642605369910591,False
train,train\Subject.1__Kneel__de82f857__w000168_000215.npz,Subject.1__Kneel__de82f857__w000168_000215,Subject.1/Kneel,Subject.1__Kneel__de82f857,0,168,215,23.0,0,0.0,0.7512626051902771,0.7031074166297913,0.9265109896659851,0.7272727272727273,0.7272727272727273,0.0,0.0,0,0.006814197637140751,0.016911616735160333,False
train,train\Subject.1__Pick_up_object__93fd9b41__w000000_000047.npz,Subject.1__Pick_up_object__93fd9b41__w000000_000047,Subject.1/Pick up object,Subject.1__Pick_up_object__93fd9b41,0,0,47,23.0,0,0.0,0.6016414165496826,0.5317241549491882,0.8794159293174744,0.0,0.0,0.375,0.375,18,0.058408092707395554,0.16691941991448395,True
train,train\Subject.1__Pick_up_object__93fd9b41__w000012_000059.npz,Subject.1__Pick_up_object__93fd9b41__w000012_000059,Subject.1/Pick up object,Subject.1__Pick_up_object__93fd9b41,0,12,59,23.0,0,0.0,0.8516414165496826,0.7066335678100586,0.8266419768333435,0.0,0.0,0.125,0.125,6,0.08788149058818817,0.24779369756579386,True
train,train\Subject.1__Pick_up_object__93fd9b41__w000024_000071.npz,Subject.1__Pick_up_object__93fd9b41__w000024_000071,Subject.1/Pick up object,Subject.1__Pick_up_object__93fd9b41,0,24,71,23.0,0,0.0,0.995580792427063,0.7936583161354065,0.7965119481086731,0.9393939393939394,0.9696969696969697,0.0,0.0,0,0.10049403458833694,0.40976444333791684,False
train,train\Subject.1__Pick_up_object__93fd9b41__w000036_000083.npz,Subject.1__Pick_up_object__93fd9b41__w000036_000083,Subject.1/Pick up object,Subject.1__Pick_up_object__93fd9b41,0,36,83,23.0,0,0.0,1.0,0.7793213725090027,0.7793213725090027,1.0,1.0,0.0,0.0,0,0.12366674095392227,0.43118266016244877,False
train,train\Subject.1__Pick_up_object__93fd9b41__w000048_000095.npz,Subject.1__Pick_up_object__93fd9b41__w000048_000095,Subject.1/Pick up object,Subject.1__Pick_up_object__93fd9b41,0,48,95,23.0,0,0.0,1.0,0.7284103631973267,0.7284103631973267,1.0,1.0,0.0,0.0,0,0.1425558179616928,0.5012612551450728,False
train,train\Subject.1__Pick_up_object__93fd9b41__w000060_000107.npz,Subject.1__Pick_up_object__93fd9b41__w000060_000107,Subject.1/Pick up object,Subject.1__Pick_up_object__93fd9b41,0,60,107,23.0,0,0.0,1.0,0.7788984775543213,0.7788984775543213,1.0,1.0,0.0,0.0,0,0.11672966927289963,0.5012612551450728,False
train,train\Subject.1__Sit_down__73694327__w000000_000047.npz,Subject.1__Sit_down__73694327__w000000_000047,Subject.1/Sit down,Subject.1__Sit_down__73694327,0,0,47,23.0,0,0.0,0.8093434572219849,0.665367066860199,0.8040730357170105,0.7272727272727273,0.7272727272727273,0.0,0.0,0,0.02694023959338665,0.08034774810075758,False
train,train\Subject.1__Sit_down__73694327__w000012_000059.npz,Subject.1__Sit_down__73694327__w000012_000059,Subject.1/Sit down,Subject.1__Sit_down__73694327,0,12,59,23.0,0,0.0,0.7411616444587708,0.6249846816062927,0.8191839456558228,0.7272727272727273,0.7272727272727273,0.0,0.0,0,0.022424541413784027,0.07023236788809283,False
train,train\Subject.1__Sit_down__73694327__w000024_000071.npz,Subject.1__Sit_down__73694327__w000024_000071,Subject.1/Sit down,Subject.1__Sit_down__73694327,0,24,71,23.0,0,0.0,0.7272727489471436,0.6107186079025269,0.8221548795700073,0.7272727272727273,0.7272727272727273,0.0,0.0,0,0.016138428822159767,0.04490434825420372,False
train,train\Subject.1__Sit_down__73694327__w000036_000083.npz,Subject.1__Sit_down__73694327__w000036_000083,Subject.1/Sit down,Subject.1__Sit_down__73694327,0,36,83,23.0,0,0.0,0.7272727489471436,0.6094630360603333,0.8217464089393616,0.7272727272727273,0.7272727272727273,0.0,0.0,0,0.015518732368946075,0.04835968948900699,False
train,train\Subject.1__Sit_down__73694327__w000048_000095.npz,Subject.1__Sit_down__73694327__w000048_000095,Subject.1/Sit down,Subject.1__Sit_down__73694327,0,48,95,23.0,0,0.0,0.747474730014801,0.6131343841552734,0.8066605925559998,0.7272727272727273,0.7272727272727273,0.0,0.0,0,0.01943262107670307,0.054396664164960355,False
train,train\Subject.1__Sit_down__73694327__w000060_000107.npz,Subject.1__Sit_down__73694327__w000060_000107,Subject.1/Sit down,Subject.1__Sit_down__73694327,0,60,107,23.0,0,0.0,0.7777777910232544,0.6229283213615417,0.7915403842926025,0.7272727272727273,0.7272727272727273,0.0,0.0,0,0.02352866902947426,0.09989055171608921,False
train,train\Subject.1__Sit_down__73694327__w000072_000119.npz,Subject.1__Sit_down__73694327__w000072_000119,Subject.1/Sit down,Subject.1__Sit_down__73694327,0,72,119,23.0,0,0.0,0.8042929172515869,0.6457653045654297,0.7948304414749146,0.7272727272727273,0.7272727272727273,0.0,0.0,0,0.023889724165201187,0.08995319046080102,False
train,train\Subject.1__Sit_down__73694327__w000084_000131.npz,Subject.1__Sit_down__73694327__w000084_000131,Subject.1/Sit down,Subject.1__Sit_down__73694327,0,84,131,23.0,0,0.0,0.8238636255264282,0.6616983413696289,0.7923235893249512,0.7272727272727273,0.7575757575757576,0.0,0.0,0,0.02909732051193714,0.09653586409986013,False
train,train\Subject.1__Sit_down__73694327__w000096_000143.npz,Subject.1__Sit_down__73694327__w000096_000143,Subject.1/Sit down,Subject.1__Sit_down__73694327,0,96,143,23.0,0,0.0,0.8219696879386902,0.6761156916618347,0.8082548975944519,0.7272727272727273,0.7787878787878788,0.0,0.0,0,0.026389213278889656,0.0833470646291971,False
train,train\Subject.1__Sit_down__73694327__w000108_000155.npz,Subject.1__Sit_down__73694327__w000108_000155,Subject.1/Sit down,Subject.1__Sit_down__73694327,0,108,155,23.0,0,0.0,0.7960858345031738,0.6742521524429321,0.8256474137306213,0.7272727272727273,0.7272727272727273,0.0,0.0,0,0.020436152815818787,0.04922405946999787,False
train,train\Subject.1__Sit_down__73694327__w000120_000167.npz,Subject.1__Sit_down__73694327__w000120_000167,Subject.1/Sit down,Subject.1__Sit_down__73694327,0,120,167,23.0,0,0.0,0.7676767706871033,0.6602197289466858,0.8336260914802551,0.696969696969697,0.7272727272727273,0.0,0.0,0,0.013161982409656048,0.02559577003121373,False
train,train\Subject.1__Sit_down__73694327__w000132_000179.npz,Subject.1__Sit_down__73694327__w000132_000179,Subject.1/Sit down,Subject.1__Sit_down__73694327,0,132,179,23.0,0,0.0,0.7405303120613098,0.6434531807899475,0.8428207635879517,0.696969696969697,0.696969696969697,0.0,0.0,0,0.005625190678983927,0.012852072203531854,False
train,train\Subject.1__Walk__f0b21e1e__w000000_000047.npz,Subject.1__Walk__f0b21e1e__w000000_000047,Subject.1/Walk,Subject.1__Walk__f0b21e1e,0,0,47,23.0,0,0.0,0.7670454382896423,0.4948175549507141,0.6264114379882812,0.0,0.44545454545454555,0.10416666666666667,0.10416666666666667,5,0.09343233704566956,0.5579697340726851,True
train,train\Subject.1__Walk__f0b21e1e__w000012_000059.npz,Subject.1__Walk__f0b21e1e__w000012_000059,Subject.1/Walk,Subject.1__Walk__f0b21e1e,0,12,59,23.0,0,0.0,0.9179292917251587,0.6231219172477722,0.6700018644332886,0.696969696969697,0.7575757575757576,0.0,0.0,0,0.06823845207691193,0.46690085679292676,False
train,train\Subject.1__Walk__f0b21e1e__w000024_000071.npz,Subject.1__Walk__f0b21e1e__w000024_000071,Subject.1/Walk,Subject.1__Walk__f0b21e1e,0,24,71,23.0,0,0.0,0.9785353541374207,0.7468274235725403,0.7602384686470032,0.8181818181818182,0.9424242424242425,0.0,0.0,0,0.05575255677103996,0.46350481957197187,False
train,train\Subject.1__Walk__f0b21e1e__w000036_000083.npz,Subject.1__Walk__f0b21e1e__w000036_000083,Subject.1/Walk,Subject.1__Walk__f0b21e1e,0,36,83,23.0,0,0.0,0.9684343338012695,0.7897236943244934,0.8108928203582764,0.7575757575757576,0.9393939393939394,0.0,0.0,0,0.019019322469830513,0.04499741643667218,False
train,train\Subject.1__Walk__f0b21e1e__w000048_000095.npz,Subject.1__Walk__f0b21e1e__w000048_000095,Subject.1/Walk,Subject.1__Walk__f0b21e1e,0,48,95,23.0,0,0.0,0.9261363744735718,0.7759414911270142,0.8272820115089417,0.7575757575757576,0.7575757575757576,0.0,0.0,0,0.02289373055100441,0.050006402470171366,False
train,train\Subject.1__Walk__f0b21e1e__w000060_000107.npz,Subject.1__Walk__f0b21e1e__w000060_000107,Subject.1/Walk,Subject.1__Walk__f0b21e1e,0,60,107,23.0,0,0.0,0.9185606241226196,0.7678290605545044,0.8239871263504028,0.7575757575757576,0.7575757575757576,0.0,0.0,0,0.024724995717406273,0.05860907286405561,False
train,train\Subject.1__Walk__f0b21e1e__w000072_000119.npz,Subject.1__Walk__f0b21e1e__w000072_000119,Subject.1/Walk,Subject.1__Walk__f0b21e1e,0,72,119,23.0,0,0.0,0.9198232293128967,0.7601458430290222,0.8146311640739441,0.7575757575757576,0.7575757575757576,0.0,0.0,0,0.02846320904791355,0.06641951315104953,False
train,train\Subject.1__Walk__f0b21e1e__w000084_000131.npz,Subject.1__Walk__f0b21e1e__w000084_000131,Subject.1/Walk,Subject.1__Walk__f0b21e1e,0,84,131,23.0,0,0.0,0.9122474789619446,0.7521584033966064,0.8120864033699036,0.7575757575757576,0.7575757575757576,0.0,0.0,0,0.028211135417222977,0.06473827324807642,False
train,train\Subject.1__Walk__f0b21e1e__w000096_000143.npz,Subject.1__Walk__f0b21e1e__w000096_000143,Subject.1/Walk,Subject.1__Walk__f0b21e1e,0,96,143,23.0,0,0.0,0.8863636255264282,0.7233088612556458,0.8030079007148743,0.7272727272727273,0.7272727272727273,0.0,0.0,0,0.02398533746600151,0.059647201560437624,False
train,train\Subject.1__Walk__f0b21e1e__w000108_000155.npz,Subject.1__Walk__f0b21e1e__w000108_000155,Subject.1/Walk,Subject.1__Walk__f0b21e1e,0,108,155,23.0,0,0.0,0.8055555820465088,0.6602680683135986,0.7989163994789124,0.5757575757575758,0.6060606060606061,0.0,0.0,0,0.025445392355322838,0.07132263854145995,False
train,train\Subject.1__Walk__f0b21e1e__w000120_000167.npz,Subject.1__Walk__f0b21e1e__w000120_000167,Subject.1/Walk,Subject.1__Walk__f0b21e1e,0,120,167,23.0,0,0.0,0.7095959782600403,0.5907526016235352,0.79913729429245,0.5757575757575758,0.5757575757575758,0.0,0.0,0,0.026905115693807602,0.07006849348545074,False
train,train\Subject.1__Walk__f0b21e1e__w000132_000179.npz,Subject.1__Walk__f0b21e1e__w000132_000179,Subject.1/Walk,Subject.1__Walk__f0b21e1e,0,132,179,23.0,0,0.0,0.6622474789619446,0.5571292638778687,0.8055827617645264,0.5757575757575758,0.5757575757575758,0.0,0.0,0,0.027249550446867943,0.0718023058027029,False
train,train\Subject.1__Walk__f0b21e1e__w000144_000191.npz,Subject.1__Walk__f0b21e1e__w000144_000191,Subject.1/Walk,Subject.1__Walk__f0b21e1e,0,144,191,23.0,0,0.0,0.6477272510528564,0.5453097224235535,0.8096739649772644,0.5757575757575758,0.5757575757575758,0.0,0.0,0,0.028156282380223274,0.07377971410751342,False
train,train\Subject.1__Walk__f0b21e1e__w000156_000203.npz,Subject.1__Walk__f0b21e1e__w000156_000203,Subject.1/Walk,Subject.1__Walk__f0b21e1e,0,156,203,23.0,0,0.0,0.6666666865348816,0.5635876655578613,0.8191179633140564,0.5757575757575758,0.5757575757575758,0.0,0.0,0,0.025578532367944717,0.07062476016581057,False
train,train\Subject.1__Walk__f0b21e1e__w000168_000215.npz,Subject.1__Walk__f0b21e1e__w000168_000215,Subject.1/Walk,Subject.1__Walk__f0b21e1e,0,168,215,23.0,0,0.0,0.6969696879386902,0.5832823514938354,0.8194707036018372,0.6666666666666666,0.6666666666666666,0.0,0.0,0,0.020608698949217796,0.06966085955500602,False
train,train\Subject.1__Walk__f0b21e1e__w000180_000227.npz,Subject.1__Walk__f0b21e1e__w000180_000227,Subject.1/Walk,Subject.1__Walk__f0b21e1e,0,180,227,23.0,0,0.0,0.7114899158477783,0.601593017578125,0.8327639102935791,0.6666666666666666,0.6666666666666666,0.0,0.0,0,0.017864244058728218,0.06525191962718954,False
train,train\Subject.1__Walk__f0b21e1e__w000192_000239.npz,Subject.1__Walk__f0b21e1e__w000192_000239,Subject.1/Walk,Subject.1__Walk__f0b21e1e,0,192,239,23.0,0,0.0,0.7222222089767456,0.619568407535553,0.846979022026062,0.696969696969697,0.696969696969697,0.0,0.0,0,0.015390807762742043,0.05701183695346112,False
train,train\Subject.2__Fall_backwards__bb84f910__w000000_000047.npz,Subject.2__Fall_backwards__bb84f910__w000000_000047,Subject.2/Fall backwards,Subject.2__Fall_backwards__bb84f910,0,0,47,23.0,0,0.0,0.8655303120613098,0.6622545719146729,0.751002848148346,0.0,0.8181818181818182,0.020833333333333332,0.020833333333333332,1,0.016801392659544945,0.04460599757730959,True
train,train\Subject.2__Fall_backwards__bb84f910__w000012_000059.npz,Subject.2__Fall_backwards__bb84f910__w000012_000059,Subject.2/Fall backwards,Subject.2__Fall_backwards__bb84f910,0,12,59,23.0,0,0.0,0.8276515007019043,0.6382620930671692,0.7496792078018188,0.7272727272727273,0.7484848484848485,0.0,0.0,0,0.028736691921949387,0.10456008091568933,False
train,train\Subject.2__Fall_backwards__bb84f910__w000024_000071.npz,Subject.2__Fall_backwards__bb84f910__w000024_000071,Subject.2/Fall backwards,Subject.2__Fall_backwards__bb84f910,1,24,71,23.0,9,0.1875,0.8226010203361511,0.6344751119613647,0.7524804472923279,0.7272727272727273,0.7484848484848485,0.0,0.0,0,0.042383939027786255,0.12201681919395914,False
train,train\Subject.2__Fall_backwards__bb84f910__w000036_000083.npz,Subject.2__Fall_backwards__bb84f910__w000036_000083,Subject.2/Fall backwards,Subject.2__Fall_backwards__bb84f910,1,36,83,23.0,21,0.4375,0.8244949579238892,0.6362422108650208,0.7548601031303406,0.7272727272727273,0.7484848484848485,0.0,0.0,0,0.047250896692276,0.13382385820150364,False
train,train\Subject.2__Fall_backwards__bb84f910__w000048_000095.npz,Subject.2__Fall_backwards__bb84f910__w000048_000095,Subject.2/Fall backwards,Subject.2__Fall_backwards__bb84f910,1,48,95,23.0,33,0.6875,0.8333333134651184,0.662128746509552,0.779754102230072,0.7272727272727273,0.7484848484848485,0.0,0.0,0,0.06211373955011368,0.2106963030993938,False
train,train\Subject.2__Fall_backwards__bb84f910__w000060_000107.npz,Subject.2__Fall_backwards__bb84f910__w000060_000107,Subject.2/Fall backwards,Subject.2__Fall_backwards__bb84f910,1,60,107,23.0,45,0.9375,0.8939393758773804,0.731559693813324,0.811160147190094,0.7878787878787878,0.8181818181818182,0.0,0.0,0,0.0526931993663311,0.20555182099342345,False
train,train\Subject.2__Fall_backwards__bb84f910__w000072_000119.npz,Subject.2__Fall_backwards__bb84f910__w000072_000119,Subject.2/Fall backwards,Subject.2__Fall_backwards__bb84f910,1,72,119,23.0,48,1.0,0.9381313323974609,0.7802137136459351,0.8276994228363037,0.8181818181818182,0.8181818181818182,0.0,0.0,0,0.036723800003528595,0.1731638982892035,False
train,train\Subject.2__Fall_forward__84f472cb__w000000_000047.npz,Subject.2__Fall_forward__84f472cb__w000000_000047,Subject.2/Fall forward,Subject.2__Fall_forward__84f472cb,1,0,47,23.0,24,0.5,0.6666666865348816,0.49318361282348633,0.7397753596305847,0.0,0.0,0.3333333333333333,0.3333333333333333,16,0.08130741864442825,0.3279619857668874,True
train,train\Subject.2__Fall_forward__84f472cb__w000012_000059.npz,Subject.2__Fall_forward__84f472cb__w000012_000059,Subject.2/Fall forward,Subject.2__Fall_forward__84f472cb,1,12,59,23.0,36,0.75,0.8541666865348816,0.6467867493629456,0.7572137713432312,0.0,0.0,0.14583333333333334,0.14583333333333334,7,0.060141533613204956,0.2113586172461509,True
train,train\Subject.2__Fall_forward__84f472cb__w000024_000071.npz,Subject.2__Fall_forward__84f472cb__w000024_000071,Subject.2/Fall forward,Subject.2__Fall_forward__84f472cb,1,24,71,23.0,48,1.0,1.0,0.7849054336547852,0.7849054336547852,1.0,1.0,0.0,0.0,0,0.025334926322102547,0.130477799475193,False
train,train\Subject.2__Fall_forward__84f472cb__w000036_000083.npz,Subject.2__Fall_forward__84f472cb__w000036_000083,Subject.2/Fall forward,Subject.2__Fall_forward__84f472cb,1,36,83,23.0,48,1.0,1.0,0.8148487210273743,0.8148487210273743,1.0,1.0,0.0,0.0,0,0.008212309330701828,0.024190008733421555,False
train,train\Subject.2__Fall_forward__84f472cb__w000048_000095.npz,Subject.2__Fall_forward__84f472cb__w000048_000095,Subject.2/Fall forward,Subject.2__Fall_forward__84f472cb,1,48,95,23.0,48,1.0,1.0,0.8547827005386353,0.8547827005386353,1.0,1.0,0.0,0.0,0,0.0024132016114890575,0.010413172096014021,False
train,train\Subject.2__Fall_left__9a3f92e8__w000000_000047.npz,Subject.2__Fall_left__9a3f92e8__w000000_000047,Subject.2/Fall left,Subject.2__Fall_left__9a3f92e8,1,0,47,23.0,16,0.3333333432674408,0.9678030014038086,0.7744072675704956,0.7982150912284851,0.0,0.9393939393939394,0.020833333333333332,0.020833333333333332,1,0.09800397604703903,0.2541552498936653,True
train,train\Subject.2__Fall_left__9a3f92e8__w000012_000059.npz,Subject.2__Fall_left__9a3f92e8__w000012_000059,Subject.2/Fall left,Subject.2__Fall_left__9a3f92e8,1,12,59,23.0,28,0.5833333134651184,0.9962121248245239,0.8165379762649536,0.8190626502037048,0.9696969696969697,0.9696969696969697,0.0,0.0,0,0.10479210317134857,0.25932397097349164,False
train,train\Subject.2__Fall_left__9a3f92e8__w000024_000071.npz,Subject.2__Fall_left__9a3f92e8__w000024_000071,Subject.2/Fall left,Subject.2__Fall_left__9a3f92e8,1,24,71,23.0,40,0.8333333134651184,0.9772727489471436,0.839360237121582,0.8551565408706665,0.8484848484848485,0.8484848484848485,0.0,0.0,0,0.08625133335590363,0.23071629032492633,False
train,train\Subject.2__Fall_left__9a3f92e8__w000036_000083.npz,Subject.2__Fall_left__9a3f92e8__w000036_000083,Subject.2/Fall left,Subject.2__Fall_left__9a3f92e8,1,36,83,23.0,48,1.0,0.939393937587738,0.8476549983024597,0.894195556640625,0.8484848484848485,0.8484848484848485,0.0,0.0,0,0.056856077164411545,0.19617722630500792,False
train,train\Subject.2__Fall_left__9a3f92e8__w000048_000095.npz,Subject.2__Fall_left__9a3f92e8__w000048_000095,Subject.2/Fall left,Subject.2__Fall_left__9a3f92e8,1,48,95,23.0,48,1.0,0.9015151262283325,0.8437467813491821,0.9241173267364502,0.8484848484848485,0.8484848484848485,0.0,0.0,0,0.033417653292417526,0.13358631953597058,False
train,train\Subject.2__Fall_left__9a3f92e8__w000060_000107.npz,Subject.2__Fall_left__9a3f92e8__w000060_000107,Subject.2/Fall left,Subject.2__Fall_left__9a3f92e8,1,60,107,23.0,48,1.0,0.8636363744735718,0.8414807319641113,0.9584560990333557,0.8484848484848485,0.8484848484848485,0.0,0.0,0,0.014358981512486935,0.055888853222131676,False
train,train\Subject.2__Fall_right__5ee26d91__w000000_000047.npz,Subject.2__Fall_right__5ee26d91__w000000_000047,Subject.2/Fall right,Subject.2__Fall_right__5ee26d91,1,0,47,23.0,15,0.3125,0.8421717286109924,0.6587494611740112,0.7664881944656372,0.7575757575757576,0.7878787878787878,0.0,0.0,0,0.08800344914197922,0.34841006845235617,False
train,train\Subject.2__Fall_right__5ee26d91__w000012_000059.npz,Subject.2__Fall_right__5ee26d91__w000012_000059,Subject.2/Fall right,Subject.2__Fall_right__5ee26d91,1,12,59,23.0,27,0.5625,0.808080792427063,0.643206000328064,0.7754207253456116,0.696969696969697,0.7272727272727273,0.0,0.0,0,0.06730993092060089,0.17778681665658916,False
train,train\Subject.2__Fall_right__5ee26d91__w000024_000071.npz,Subject.2__Fall_right__5ee26d91__w000024_000071,Subject.2/Fall right,Subject.2__Fall_right__5ee26d91,1,24,71,23.0,39,0.8125,0.7765151262283325,0.6444973349571228,0.8065758347511292,0.696969696969697,0.7272727272727273,0.0,0.0,0,0.05673482269048691,0.17195858061313626,False
train,train\Subject.2__Fall_right__5ee26d91__w000036_000083.npz,Subject.2__Fall_right__5ee26d91__w000036_000083,Subject.2/Fall right,Subject.2__Fall_right__5ee26d91,1,36,83,23.0,48,1.0,0.7462121248245239,0.6475470662117004,0.843309760093689,0.696969696969697,0.7181818181818183,0.0,0.0,0,0.03274111449718475,0.10862286239862441,False
train,train\Subject.2__Fall_right__5ee26d91__w000048_000095.npz,Subject.2__Fall_right__5ee26d91__w000048_000095,Subject.2/Fall right,Subject.2__Fall_right__5ee26d91,1,48,95,23.0,48,1.0,0.7190656661987305,0.6528484225273132,0.8843265771865845,0.696969696969697,0.696969696969697,0.0,0.0,0,0.016850367188453674,0.06739296987652778,False
train,train\Subject.2__Fall_right__5ee26d91__w000060_000107.npz,Subject.2__Fall_right__5ee26d91__w000060_000107,Subject.2/Fall right,Subject.2__Fall_right__5ee26d91,1,60,107,23.0,48,1.0,0.7108585834503174,0.6575590968132019,0.90678471326828,0.696969696969697,0.696969696969697,0.0,0.0,0,0.006401941180229187,0.024292226880788803,False
train,train\Subject.2__Fall_right__5ee26d91__w000072_000119.npz,Subject.2__Fall_right__5ee26d91__w000072_000119,Subject.2/Fall right,Subject.2__Fall_right__5ee26d91,1,72,119,23.0,48,1.0,0.7032828330993652,0.6519893407821655,0.9125082492828369,0.696969696969697,0.696969696969697,0.0,0.0,0,0.0069635407999157906,0.032550515606999376,False
train,train\Subject.2__Fall_right__5ee26d91__w000084_000131.npz,Subject.2__Fall_right__5ee26d91__w000084_000131,Subject.2/Fall right,Subject.2__Fall_right__5ee26d91,1,84,131,23.0,48,1.0,0.6969696879386902,0.6394665837287903,0.9056102633476257,0.696969696969697,0.696969696969697,0.0,0.0,0,0.00954378116875887,0.04759793058037755,False
train,train\Subject.2__Fall_right__5ee26d91__w000096_000143.npz,Subject.2__Fall_right__5ee26d91__w000096_000143,Subject.2/Fall right,Subject.2__Fall_right__5ee26d91,1,96,143,23.0,48,1.0,0.6969696879386902,0.631511390209198,0.8952903151512146,0.696969696969697,0.696969696969697,0.0,0.0,0,0.01216429378837347,0.052746764570474614,False
train,train\Subject.2__Fall_sitting__81983c15__w000000_000047.npz,Subject.2__Fall_sitting__81983c15__w000000_000047,Subject.2/Fall sitting,Subject.2__Fall_sitting__81983c15,0,0,47,23.0,0,0.0,0.9696969985961914,0.8723875880241394,0.8982377052307129,0.0,1.0,0.020833333333333332,0.020833333333333332,1,0.026970671489834785,0.07790924496948719,True
train,train\Subject.2__Fall_sitting__81983c15__w000012_000059.npz,Subject.2__Fall_sitting__81983c15__w000012_000059,Subject.2/Fall sitting,Subject.2__Fall_sitting__81983c15,0,12,59,23.0,0,0.0,1.0,0.9059814810752869,0.9059814810752869,1.0,1.0,0.0,0.0,0,0.03252274915575981,0.08275254629552364,False
train,train\Subject.2__Fall_sitting__81983c15__w000024_000071.npz,Subject.2__Fall_sitting__81983c15__w000024_000071,Subject.2/Fall sitting,Subject.2__Fall_sitting__81983c15,0,24,71,23.0,0,0.0,1.0,0.8699854016304016,0.8699854016304016,1.0,1.0,0.0,0.0,0,0.048675451427698135,0.17825393602252,False
train,train\Subject.2__Fall_sitting__81983c15__w000036_000083.npz,Subject.2__Fall_sitting__81983c15__w000036_000083,Subject.2/Fall sitting,Subject.2__Fall_sitting__81983c15,1,36,83,23.0,3,0.0625,1.0,0.8168407678604126,0.8168407678604126,1.0,1.0,0.0,0.0,0,0.07137683779001236,0.19071708694100378,False
train,train\Subject.2__Fall_sitting__81983c15__w000048_000095.npz,Subject.2__Fall_sitting__81983c15__w000048_000095,Subject.2/Fall sitting,Subject.2__Fall_sitting__81983c15,1,48,95,23.0,15,0.3125,1.0,0.7932878732681274,0.7932878732681274,1.0,1.0,0.0,0.0,0,0.0843878835439682,0.19808602258563027,False
train,train\Subject.2__Fall_sitting__81983c15__w000060_000107.npz,Subject.2__Fall_sitting__81983c15__w000060_000107,Subject.2/Fall sitting,Subject.2__Fall_sitting__81983c15,1,60,107,23.0,27,0.5625,1.0,0.7918424606323242,0.7918424606323242,1.0,1.0,0.0,0.0,0,0.09177477657794952,0.2067308783531189,False
train,train\Subject.2__Fall_sitting__81983c15__w000072_000119.npz,Subject.2__Fall_sitting__81983c15__w000072_000119,Subject.2/Fall sitting,Subject.2__Fall_sitting__81983c15,1,72,119,23.0,39,0.8125,1.0,0.8140385150909424,0.8140385150909424,1.0,1.0,0.0,0.0,0,0.06965844333171844,0.18225328251719475,False
train,train\Subject.2__Fall_sitting__81983c15__w000084_000131.npz,Subject.2__Fall_sitting__81983c15__w000084_000131,Subject.2/Fall sitting,Subject.2__Fall_sitting__81983c15,1,84,131,23.0,48,1.0,1.0,0.8544795513153076,0.8544795513153076,1.0,1.0,0.0,0.0,0,0.042895495891571045,0.15503794252872466,False
train,train\Subject.2__Fall_sitting__81983c15__w000096_000143.npz,Subject.2__Fall_sitting__81983c15__w000096_000143,Subject.2/Fall sitting,Subject.2__Fall_sitting__81983c15,1,96,143,23.0,48,1.0,1.0,0.8682821989059448,0.8682821989059448,1.0,1.0,0.0,0.0,0,0.022438114508986473,0.10911970436573021,False
train,train\Subject.2__Fall_sitting__81983c15__w000108_000155.npz,Subject.2__Fall_sitting__81983c15__w000108_000155,Subject.2/Fall sitting,Subject.2__Fall_sitting__81983c15,1,108,155,23.0,48,1.0,1.0,0.8779922723770142,0.8779922723770142,1.0,1.0,0.0,0.0,0,0.006278154905885458,0.019851392507553096,False
train,train\Subject.2__Hop__558d286d__w000000_000047.npz,Subject.2__Hop__558d286d__w000000_000047,Subject.2/Hop,Subject.2__Hop__558d286d,0,0,47,23.0,0,0.0,0.8491161465644836,0.67461758852005,0.7817428112030029,0.0,0.8181818181818182,0.020833333333333332,0.020833333333333332,1,0.021600807085633278,0.058145751245319816,True
train,train\Subject.2__Hop__558d286d__w000012_000059.npz,Subject.2__Hop__558d286d__w000012_000059,Subject.2/Hop,Subject.2__Hop__558d286d,0,12,59,23.0,0,0.0,0.8257575631141663,0.6723400354385376,0.7977107167243958,0.8181818181818182,0.8181818181818182,0.0,0.0,0,0.02359125390648842,0.06546796299517152,False
train,train\Subject.2__Hop__558d286d__w000024_000071.npz,Subject.2__Hop__558d286d__w000024_000071,Subject.2/Hop,Subject.2__Hop__558d286d,0,24,71,23.0,0,0.0,0.8371211886405945,0.6749342083930969,0.792410671710968,0.8181818181818182,0.8181818181818182,0.0,0.0,0,0.02733951061964035,0.07531528398394585,False
train,train\Subject.2__Hop__558d286d__w000036_000083.npz,Subject.2__Hop__558d286d__w000036_000083,Subject.2/Hop,Subject.2__Hop__558d286d,0,36,83,23.0,0,0.0,0.8819444179534912,0.6800224184989929,0.7618571519851685,0.8181818181818182,0.8181818181818182,0.0,0.0,0,0.030173668637871742,0.07860590331256387,False
train,train\Subject.2__Hop__558d286d__w000048_000095.npz,Subject.2__Hop__558d286d__w000048_000095,Subject.2/Hop,Subject.2__Hop__558d286d,0,48,95,23.0,0,0.0,0.9198232293128967,0.6932125091552734,0.7458743453025818,0.8181818181818182,0.8181818181818182,0.0,0.0,0,0.032113343477249146,0.07860110104084013,False
train,train\Subject.2__Hop__558d286d__w000060_000107.npz,Subject.2__Hop__558d286d__w000060_000107,Subject.2/Hop,Subject.2__Hop__558d286d,0,60,107,23.0,0,0.0,0.9198232293128967,0.6857602000236511,0.7359867691993713,0.8181818181818182,0.8181818181818182,0.0,0.0,0,0.03271400183439255,0.07925864234566689,False
train,train\Subject.2__Hop__558d286d__w000072_000119.npz,Subject.2__Hop__558d286d__w000072_000119,Subject.2/Hop,Subject.2__Hop__558d286d,0,72,119,23.0,0,0.0,0.9046717286109924,0.6976240277290344,0.760781466960907,0.8181818181818182,0.8181818181818182,0.0,0.0,0,0.027058206498622894,0.07384123653173445,False
train,train\Subject.2__Hop__558d286d__w000084_000131.npz,Subject.2__Hop__558d286d__w000084_000131,Subject.2/Hop,Subject.2__Hop__558d286d,0,84,131,23.0,0,0.0,0.8674242496490479,0.7110512256622314,0.8059353232383728,0.8181818181818182,0.8181818181818182,0.0,0.0,0,0.026139335706830025,0.06889602243900297,False
train,train\Subject.2__Hop__558d286d__w000096_000143.npz,Subject.2__Hop__558d286d__w000096_000143,Subject.2/Hop,Subject.2__Hop__558d286d,0,96,143,23.0,0,0.0,0.875,0.7484863996505737,0.8432663679122925,0.8181818181818182,0.8181818181818182,0.0,0.0,0,0.02383655682206154,0.06388007700443267,False
train,train\Subject.2__Hop__558d286d__w000108_000155.npz,Subject.2__Hop__558d286d__w000108_000155,Subject.2/Hop,Subject.2__Hop__558d286d,0,108,155,23.0,0,0.0,0.9204545617103577,0.8083283305168152,0.8717175126075745,0.8181818181818182,0.8181818181818182,0.0,0.0,0,0.021361952647566795,0.05503229852765799,False
train,train\Subject.2__Hop__558d286d__w000120_000167.npz,Subject.2__Hop__558d286d__w000120_000167,Subject.2/Hop,Subject.2__Hop__558d286d,0,120,167,23.0,0,0.0,0.9621211886405945,0.8449035286903381,0.8753570914268494,0.8181818181818182,0.8393939393939395,0.0,0.0,0,0.02082299254834652,0.05116979423910376,False
train,train\Subject.2__Kneel__7cf78fe8__w000000_000047.npz,Subject.2__Kneel__7cf78fe8__w000000_000047,Subject.2/Kneel,Subject.2__Kneel__7cf78fe8,0,0,47,23.0,0,0.0,0.8308081030845642,0.6470723748207092,0.7586049437522888,0.5757575757575758,0.596969696969697,0.0,0.0,0,0.028152436017990112,0.06610590964555739,False
train,train\Subject.2__Kneel__7cf78fe8__w000012_000059.npz,Subject.2__Kneel__7cf78fe8__w000012_000059,Subject.2/Kneel,Subject.2__Kneel__7cf78fe8,0,12,59,23.0,0,0.0,0.7398989796638489,0.5795653462409973,0.753221869468689,0.5757575757575758,0.596969696969697,0.0,0.0,0,0.02473786100745201,0.05590389519929885,False
train,train\Subject.2__Kneel__7cf78fe8__w000024_000071.npz,Subject.2__Kneel__7cf78fe8__w000024_000071,Subject.2/Kneel,Subject.2__Kneel__7cf78fe8,0,24,71,23.0,0,0.0,0.6906565427780151,0.5688185095787048,0.7905755639076233,0.5757575757575758,0.596969696969697,0.0,0.0,0,0.019120872020721436,0.04472546223551033,False
train,train\Subject.2__Kneel__7cf78fe8__w000036_000083.npz,Subject.2__Kneel__7cf78fe8__w000036_000083,Subject.2/Kneel,Subject.2__Kneel__7cf78fe8,0,36,83,23.0,0,0.0,0.7297979593276978,0.5927972793579102,0.7927550077438354,0.6363636363636364,0.6363636363636364,0.0,0.0,0,0.011724443174898624,0.04011769369244575,False
train,train\Subject.2__Kneel__7cf78fe8__w000048_000095.npz,Subject.2__Kneel__7cf78fe8__w000048_000095,Subject.2/Kneel,Subject.2__Kneel__7cf78fe8,0,48,95,23.0,0,0.0,0.7512626051902771,0.6083056926727295,0.79363614320755,0.6363636363636364,0.6363636363636364,0.0,0.0,0,0.008048588410019875,0.017604665271937846,False
train,train\Subject.2__Kneel__7cf78fe8__w000060_000107.npz,Subject.2__Kneel__7cf78fe8__w000060_000107,Subject.2/Kneel,Subject.2__Kneel__7cf78fe8,0,60,107,23.0,0,0.0,0.7891414165496826,0.6271723508834839,0.7834781408309937,0.696969696969697,0.7575757575757576,0.0,0.0,0,0.008182129822671413,0.024927202519029367,False
train,train\Subject.2__Kneel__7cf78fe8__w000072_000119.npz,Subject.2__Kneel__7cf78fe8__w000072_000119,Subject.2/Kneel,Subject.2__Kneel__7cf78fe8,0,72,119,23.0,0,0.0,0.8017676472663879,0.6425482630729675,0.7911815047264099,0.7878787878787878,0.7878787878787878,0.0,0.0,0,0.011770051904022694,0.04748799446970224,False
train,train\Subject.2__Pick_up_object__2bc05956__w000000_000047.npz,Subject.2__Pick_up_object__2bc05956__w000000_000047,Subject.2/Pick up object,Subject.2__Pick_up_object__2bc05956,0,0,47,23.0,0,0.0,0.870580792427063,0.6608318090438843,0.7563449740409851,0.0,0.572727272727273,0.10416666666666667,0.10416666666666667,5,0.11664232611656189,0.6491072863340279,True
train,train\Subject.2__Pick_up_object__2bc05956__w000012_000059.npz,Subject.2__Pick_up_object__2bc05956__w000012_000059,Subject.2/Pick up object,Subject.2__Pick_up_object__2bc05956,0,12,59,23.0,0,0.0,0.9898989796638489,0.7531349658966064,0.759364902973175,0.9696969696969697,0.9696969696969697,0.0,0.0,0,0.04869948327541351,0.14748683273792268,False
train,train\Subject.2__Pick_up_object__2bc05956__w000024_000071.npz,Subject.2__Pick_up_object__2bc05956__w000024_000071,Subject.2/Pick up object,Subject.2__Pick_up_object__2bc05956,0,24,71,23.0,0,0.0,0.9823232293128967,0.7570241093635559,0.7678847312927246,0.9696969696969697,0.9696969696969697,0.0,0.0,0,0.05111444741487503,0.1621020622551441,False
train,train\Subject.2__Pick_up_object__2bc05956__w000036_000083.npz,Subject.2__Pick_up_object__2bc05956__w000036_000083,Subject.2/Pick up object,Subject.2__Pick_up_object__2bc05956,0,36,83,23.0,0,0.0,0.9709596037864685,0.7388057708740234,0.7565783262252808,0.9090909090909091,0.9696969696969697,0.0,0.0,0,0.05529104173183441,0.17412688881158825,False
train,train\Subject.2__Pick_up_object__2bc05956__w000048_000095.npz,Subject.2__Pick_up_object__2bc05956__w000048_000095,Subject.2/Pick up object,Subject.2__Pick_up_object__2bc05956,0,48,95,23.0,0,0.0,0.9476010203361511,0.7271907329559326,0.7598109841346741,0.7878787878787878,0.9090909090909091,0.0,0.0,0,0.05084297060966492,0.16989210322499274,False
train,train\Subject.2__Pick_up_object__2bc05956__w000060_000107.npz,Subject.2__Pick_up_object__2bc05956__w000060_000107,Subject.2/Pick up object,Subject.2__Pick_up_object__2bc05956,0,60,107,23.0,0,0.0,0.9198232293128967,0.7163683176040649,0.7664443254470825,0.7878787878787878,0.8393939393939395,0.0,0.0,0,0.0634826123714447,0.17067910432815542,False
train,train\Subject.2__Pick_up_object__2bc05956__w000072_000119.npz,Subject.2__Pick_up_object__2bc05956__w000072_000119,Subject.2/Pick up object,Subject.2__Pick_up_object__2bc05956,0,72,119,23.0,0,0.0,0.8983585834503174,0.6874808669090271,0.7504189014434814,0.7878787878787878,0.8393939393939395,0.0,0.0,0,0.06984005868434906,0.17111965268850324,False
train,train\Subject.2__Pick_up_object__2bc05956__w000084_000131.npz,Subject.2__Pick_up_object__2bc05956__w000084_000131,Subject.2/Pick up object,Subject.2__Pick_up_object__2bc05956,0,84,131,23.0,0,0.0,0.8598484992980957,0.674890398979187,0.7661147117614746,0.7575757575757576,0.7878787878787878,0.0,0.0,0,0.06501511484384537,0.16489723175764082,False
train,train\Subject.2__Pick_up_object__2bc05956__w000096_000143.npz,Subject.2__Pick_up_object__2bc05956__w000096_000143,Subject.2/Pick up object,Subject.2__Pick_up_object__2bc05956,0,96,143,23.0,0,0.0,0.8023989796638489,0.6438769102096558,0.7795101404190063,0.6060606060606061,0.6363636363636364,0.0,0.0,0,0.06627519428730011,0.17898875474929804,False
train,train\Subject.2__Pick_up_object__2bc05956__w000108_000155.npz,Subject.2__Pick_up_object__2bc05956__w000108_000155,Subject.2/Pick up object,Subject.2__Pick_up_object__2bc05956,0,108,155,23.0,0,0.0,0.7979797720909119,0.6270507574081421,0.7646117210388184,0.6060606060606061,0.6060606060606061,0.0,0.0,0,0.07943485677242279,0.2087875165045261,False
train,train\Subject.2__Sit_down__2fdc0ffc__w000000_000047.npz,Subject.2__Sit_down__2fdc0ffc__w000000_000047,Subject.2/Sit down,Subject.2__Sit_down__2fdc0ffc,0,0,47,23.0,0,0.0,0.8352272510528564,0.6696740984916687,0.785473108291626,0.6666666666666666,0.7272727272727273,0.0,0.0,0,0.05468355119228363,0.18760547488927837,False
train,train\Subject.2__Sit_down__2fdc0ffc__w000012_000059.npz,Subject.2__Sit_down__2fdc0ffc__w000012_000059,Subject.2/Sit down,Subject.2__Sit_down__2fdc0ffc,0,12,59,23.0,0,0.0,0.7405303120613098,0.6089827418327332,0.7950830459594727,0.6060606060606061,0.6060606060606061,0.0,0.0,0,0.05230133980512619,0.1897369176149366,False
train,train\Subject.2__Sit_down__2fdc0ffc__w000024_000071.npz,Subject.2__Sit_down__2fdc0ffc__w000024_000071,Subject.2/Sit down,Subject.2__Sit_down__2fdc0ffc,0,24,71,23.0,0,0.0,0.7045454382896423,0.5830138325691223,0.7984277606010437,0.6060606060606061,0.6060606060606061,0.0,0.0,0,0.04285113140940666,0.10482694692909714,False
train,train\Subject.2__Sit_down__2fdc0ffc__w000036_000083.npz,Subject.2__Sit_down__2fdc0ffc__w000036_000083,Subject.2/Sit down,Subject.2__Sit_down__2fdc0ffc,0,36,83,23.0,0,0.0,0.6710858345031738,0.5611485838890076,0.8018013834953308,0.6060606060606061,0.6060606060606061,0.0,0.0,0,0.02883358672261238,0.0642392013221979,False
train,train\Subject.2__Sit_down__2fdc0ffc__w000048_000095.npz,Subject.2__Sit_down__2fdc0ffc__w000048_000095,Subject.2/Sit down,Subject.2__Sit_down__2fdc0ffc,0,48,95,23.0,0,0.0,0.6439393758773804,0.5562512278556824,0.8280878067016602,0.6060606060606061,0.6060606060606061,0.0,0.0,0,0.02207343839108944,0.06011417731642722,False
train,train\Subject.2__Sit_down__2fdc0ffc__w000060_000107.npz,Subject.2__Sit_down__2fdc0ffc__w000060_000107,Subject.2/Sit down,Subject.2__Sit_down__2fdc0ffc,0,60,107,23.0,0,0.0,0.6395202279090881,0.5562172532081604,0.8382097482681274,0.5757575757575758,0.6060606060606061,0.0,0.0,0,0.01640148088335991,0.04180570971220732,False
train,train\Subject.2__Walk__b395bb9f__w000000_000047.npz,Subject.2__Walk__b395bb9f__w000000_000047,Subject.2/Walk,Subject.2__Walk__b395bb9f,0,0,47,23.0,0,0.0,0.618686854839325,0.5278154611587524,0.795186460018158,0.0,0.47575757575757577,0.020833333333333332,0.3333333333333333,1,0.08516491949558258,0.405063326656818,True
train,train\Subject.2__Walk__b395bb9f__w000012_000059.npz,Subject.2__Walk__b395bb9f__w000012_000059,Subject.2/Walk,Subject.2__Walk__b395bb9f,0,12,59,23.0,0,0.0,0.6906565427780151,0.5777011513710022,0.7912368178367615,0.45454545454545453,0.48484848484848486,0.0,0.1875,0,0.09984375536441803,0.42444199770688984,False
train,train\Subject.2__Walk__b395bb9f__w000024_000071.npz,Subject.2__Walk__b395bb9f__w000024_000071,Subject.2/Walk,Subject.2__Walk__b395bb9f,0,24,71,23.0,0,0.0,0.7979797720909119,0.6333312392234802,0.7692972421646118,0.6666666666666666,0.696969696969697,0.0,0.0,0,0.0957632064819336,0.39944598227739314,False
train,train\Subject.2__Walk__b395bb9f__w000036_000083.npz,Subject.2__Walk__b395bb9f__w000036_000083,Subject.2/Walk,Subject.2__Walk__b395bb9f,0,36,83,23.0,0,0.0,0.8390151262283325,0.6767773032188416,0.7899887561798096,0.6666666666666666,0.696969696969697,0.0,0.0,0,0.07997483015060425,0.32023554146289807,False
train,train\Subject.2__Walk__b395bb9f__w000048_000095.npz,Subject.2__Walk__b395bb9f__w000048_000095,Subject.2/Walk,Subject.2__Walk__b395bb9f,0,48,95,23.0,0,0.0,0.9084596037864685,0.7088167667388916,0.7703255414962769,0.6666666666666666,0.7575757575757576,0.0,0.0,0,0.09643352031707764,0.3412573397159576,False
train,train\Subject.2__Walk__b395bb9f__w000060_000107.npz,Subject.2__Walk__b395bb9f__w000060_000107,Subject.2/Walk,Subject.2__Walk__b395bb9f,0,60,107,23.0,0,0.0,0.9488636255264282,0.7092177271842957,0.7399443984031677,0.8484848484848485,0.8484848484848485,0.0,0.0,0,0.12268424779176712,0.5174710124731063,False
train,train\Subject.2__Walk__b395bb9f__w000072_000119.npz,Subject.2__Walk__b395bb9f__w000072_000119,Subject.2/Walk,Subject.2__Walk__b395bb9f,0,72,119,23.0,0,0.0,0.9286616444587708,0.7076195478439331,0.7527545094490051,0.8484848484848485,0.8484848484848485,0.0,0.0,0,0.10574736446142197,0.5098583996295927,False
train,train\Subject.2__Walk__b395bb9f__w000084_000131.npz,Subject.2__Walk__b395bb9f__w000084_000131,Subject.2/Walk,Subject.2__Walk__b395bb9f,0,84,131,23.0,0,0.0,0.8977272510528564,0.6897172927856445,0.7579691410064697,0.8484848484848485,0.8484848484848485,0.0,0.0,0,0.09148667752742767,0.48947895467281305,False
train,train\Subject.2__Walk__b395bb9f__w000096_000143.npz,Subject.2__Walk__b395bb9f__w000096_000143,Subject.2/Walk,Subject.2__Walk__b395bb9f,0,96,143,23.0,0,0.0,0.8743686676025391,0.6962728500366211,0.7828980088233948,0.8484848484848485,0.8484848484848485,0.0,0.0,0,0.05904871225357056,0.2927068755030632,False
train,train\Subject.2__Walk__b395bb9f__w000108_000155.npz,Subject.2__Walk__b395bb9f__w000108_000155,Subject.2/Walk,Subject.2__Walk__b395bb9f,0,108,155,23.0,0,0.0,0.8933081030845642,0.7360624670982361,0.8140525221824646,0.8484848484848485,0.8484848484848485,0.0,0.0,0,0.02492384985089302,0.0683815773576498,False
train,train\Subject.2__Walk__b395bb9f__w000120_000167.npz,Subject.2__Walk__b395bb9f__w000120_000167,Subject.2/Walk,Subject.2__Walk__b395bb9f,0,120,167,23.0,0,0.0,0.9065656661987305,0.7412549257278442,0.8081062436103821,0.8484848484848485,0.8484848484848485,0.0,0.0,0,0.022857515141367912,0.05689484532922505,False
train,train\Subject.2__Walk__b395bb9f__w000132_000179.npz,Subject.2__Walk__b395bb9f__w000132_000179,Subject.2/Walk,Subject.2__Walk__b395bb9f,0,132,179,23.0,0,0.0,0.9040403962135315,0.7470825910568237,0.8154871463775635,0.8181818181818182,0.8484848484848485,0.0,0.0,0,0.01980680413544178,0.051138911396265016,False
train,train\Subject.2__Walk__b395bb9f__w000144_000191.npz,Subject.2__Walk__b395bb9f__w000144_000191,Subject.2/Walk,Subject.2__Walk__b395bb9f,0,144,191,23.0,0,0.0,0.8882575631141663,0.7447746396064758,0.8281005620956421,0.8181818181818182,0.8181818181818182,0.0,0.0,0,0.017038894817233086,0.04194028638303279,False
train,train\Subject.2__Walk__b395bb9f__w000156_000203.npz,Subject.2__Walk__b395bb9f__w000156_000203,Subject.2/Walk,Subject.2__Walk__b395bb9f,0,156,203,23.0,0,0.0,0.8566918969154358,0.7290639877319336,0.8372605443000793,0.8181818181818182,0.8181818181818182,0.0,0.0,0,0.016557147726416588,0.038714398816227874,False
train,train\Subject.2__Walk__b395bb9f__w000168_000215.npz,Subject.2__Walk__b395bb9f__w000168_000215,Subject.2/Walk,Subject.2__Walk__b395bb9f,0,168,215,23.0,0,0.0,0.8762626051902771,0.7484756708145142,0.8438371419906616,0.8181818181818182,0.8181818181818182,0.0,0.0,0,0.01635379157960415,0.036474496871232984,False
train,train\Subject.2__Walk__b395bb9f__w000180_000227.npz,Subject.2__Walk__b395bb9f__w000180_000227,Subject.2/Walk,Subject.2__Walk__b395bb9f,0,180,227,23.0,0,0.0,0.9166666865348816,0.7834634780883789,0.8481183052062988,0.8181818181818182,0.8181818181818182,0.0,0.0,0,0.016667433083057404,0.043724279478192324,False
train,train\Subject.2__Walk__b395bb9f__w000192_000239.npz,Subject.2__Walk__b395bb9f__w000192_000239,Subject.2/Walk,Subject.2__Walk__b395bb9f,0,192,239,23.0,0,0.0,0.9589646458625793,0.8047720193862915,0.8351340293884277,0.8181818181818182,0.8181818181818182,0.0,0.0,0,0.017644478008151054,0.05199763718992469,False
train,train\Subject.3__Fall_backwards__af6f5f29__w000000_000047.npz,Subject.3__Fall_backwards__af6f5f29__w000000_000047,Subject.3/Fall backwards,Subject.3__Fall_backwards__af6f5f29,0,0,47,23.0,0,0.0,0.9046717286109924,0.691276490688324,0.7493383884429932,0.7575757575757576,0.7575757575757576,0.0,0.0,0,0.0734051913022995,0.2375610992312431,False
train,train\Subject.3__Fall_backwards__af6f5f29__w000012_000059.npz,Subject.3__Fall_backwards__af6f5f29__w000012_000059,Subject.3/Fall backwards,Subject.3__Fall_backwards__af6f5f29,0,12,59,23.0,0,0.0,0.9324495196342468,0.7207109928131104,0.762854814529419,0.7575757575757576,0.7575757575757576,0.0,0.0,0,0.08426856994628906,0.2570199459791181,False
train,train\Subject.3__Fall_backwards__af6f5f29__w000024_000071.npz,Subject.3__Fall_backwards__af6f5f29__w000024_000071,Subject.3/Fall backwards,Subject.3__Fall_backwards__af6f5f29,1,24,71,23.0,5,0.1041666641831398,0.9797979593276978,0.7482334971427917,0.7599842548370361,0.8484848484848485,0.8696969696969697,0.0,0.0,0,0.09276343882083893,0.2658863723278044,False
train,train\Subject.3__Fall_backwards__af6f5f29__w000036_000083.npz,Subject.3__Fall_backwards__af6f5f29__w000036_000083,Subject.3/Fall backwards,Subject.3__Fall_backwards__af6f5f29,1,36,83,23.0,17,0.3541666567325592,0.9797979593276978,0.7643348574638367,0.7764176726341248,0.8484848484848485,0.8696969696969697,0.0,0.0,0,0.10333146154880524,0.2823467656970024,False
train,train\Subject.3__Fall_backwards__af6f5f29__w000048_000095.npz,Subject.3__Fall_backwards__af6f5f29__w000048_000095,Subject.3/Fall backwards,Subject.3__Fall_backwards__af6f5f29,1,48,95,23.0,29,0.6041666865348816,1.0,0.7967798113822937,0.7967798113822937,1.0,1.0,0.0,0.0,0,0.09924470633268356,0.2627713531255721,False
train,train\Subject.3__Fall_backwards__af6f5f29__w000060_000107.npz,Subject.3__Fall_backwards__af6f5f29__w000060_000107,Subject.3/Fall backwards,Subject.3__Fall_backwards__af6f5f29,1,60,107,23.0,41,0.8541666865348816,1.0,0.8229988813400269,0.8229988813400269,1.0,1.0,0.0,0.0,0,0.0755578950047493,0.22167567834258078,False
train,train\Subject.3__Fall_backwards__af6f5f29__w000072_000119.npz,Subject.3__Fall_backwards__af6f5f29__w000072_000119,Subject.3/Fall backwards,Subject.3__Fall_backwards__af6f5f29,1,72,119,23.0,48,1.0,1.0,0.8679882287979126,0.8679882287979126,1.0,1.0,0.0,0.0,0,0.04975351691246033,0.1386974863708019,False
train,train\Subject.3__Fall_backwards__af6f5f29__w000084_000131.npz,Subject.3__Fall_backwards__af6f5f29__w000084_000131,Subject.3/Fall backwards,Subject.3__Fall_backwards__af6f5f29,1,84,131,23.0,48,1.0,1.0,0.900259792804718,0.900259792804718,1.0,1.0,0.0,0.0,0,0.03464959189295769,0.10382096767425532,False
train,train\Subject.3__Fall_backwards__af6f5f29__w000096_000143.npz,Subject.3__Fall_backwards__af6f5f29__w000096_000143,Subject.3/Fall backwards,Subject.3__Fall_backwards__af6f5f29,1,96,143,23.0,48,1.0,0.9987373948097229,0.8808088302612305,0.8816836476325989,0.9696969696969697,1.0,0.0,0.0,0,0.028622306883335114,0.08840533010661601,False
train,train\Subject.3__Fall_backwards__af6f5f29__w000108_000155.npz,Subject.3__Fall_backwards__af6f5f29__w000108_000155,Subject.3/Fall backwards,Subject.3__Fall_backwards__af6f5f29,1,108,155,23.0,48,1.0,0.9867424368858337,0.8362935185432434,0.8455133438110352,0.8787878787878788,0.9606060606060607,0.0,0.0,0,0.023877186700701714,0.07973958253860473,False
train,train\Subject.3__Fall_forward__9eb14e1c__w000000_000047.npz,Subject.3__Fall_forward__9eb14e1c__w000000_000047,Subject.3/Fall forward,Subject.3__Fall_forward__9eb14e1c,0,0,47,23.0,0,0.0,0.5915403962135315,0.28588956594467163,0.466877281665802,0.0,0.0,0.2916666666666667,0.2916666666666667,14,0.09962363541126251,0.4587344571948047,True
train,train\Subject.3__Fall_forward__9eb14e1c__w000012_000059.npz,Subject.3__Fall_forward__9eb14e1c__w000012_000059,Subject.3/Fall forward,Subject.3__Fall_forward__9eb14e1c,0,12,59,23.0,0,0.0,0.7512626051902771,0.3704068064689636,0.4697842001914978,0.0,0.6363636363636364,0.0625,0.0625,3,0.10778263956308365,0.43202929794788353,True
train,train\Subject.3__Fall_forward__9eb14e1c__w000024_000071.npz,Subject.3__Fall_forward__9eb14e1c__w000024_000071,Subject.3/Fall forward,Subject.3__Fall_forward__9eb14e1c,0,24,71,23.0,0,0.0,0.7708333134651184,0.3984822630882263,0.4856264889240265,0.6060606060606061,0.6363636363636364,0.0,0.0,0,0.10745222121477127,0.42510236054658807,False
train,train\Subject.3__Fall_forward__9eb14e1c__w000036_000083.npz,Subject.3__Fall_forward__9eb14e1c__w000036_000083,Subject.3/Fall forward,Subject.3__Fall_forward__9eb14e1c,0,36,83,23.0,0,0.0,0.7506313323974609,0.41031962633132935,0.5116714239120483,0.6060606060606061,0.6363636363636364,0.0,0.0,0,0.11711496114730835,0.41642210185527734,False
train,train\Subject.3__Fall_forward__9eb14e1c__w000048_000095.npz,Subject.3__Fall_forward__9eb14e1c__w000048_000095,Subject.3/Fall forward,Subject.3__Fall_forward__9eb14e1c,1,48,95,23.0,12,0.25,0.7878788113594055,0.4598342180252075,0.5562716126441956,0.0,0.6363636363636364,0.020833333333333332,0.020833333333333332,1,0.09851032495498657,0.2923112362623213,True
train,train\Subject.3__Fall_forward__9eb14e1c__w000060_000107.npz,Subject.3__Fall_forward__9eb14e1c__w000060_000107,Subject.3/Fall forward,Subject.3__Fall_forward__9eb14e1c,1,60,107,23.0,24,0.5,0.7253788113594055,0.43364837765693665,0.5768323540687561,0.0,0.0,0.14583333333333334,0.14583333333333334,7,0.12026908248662949,0.4527110099792477,True
train,train\Subject.3__Fall_forward__9eb14e1c__w000072_000119.npz,Subject.3__Fall_forward__9eb14e1c__w000072_000119,Subject.3/Fall forward,Subject.3__Fall_forward__9eb14e1c,1,72,119,23.0,36,0.75,0.7253788113594055,0.45916664600372314,0.6126487255096436,0.0,0.0,0.14583333333333334,0.14583333333333334,7,0.1092909425497055,0.4177452415227889,True
train,train\Subject.3__Fall_forward__9eb14e1c__w000084_000131.npz,Subject.3__Fall_forward__9eb14e1c__w000084_000131,Subject.3/Fall forward,Subject.3__Fall_forward__9eb14e1c,1,84,131,23.0,48,1.0,0.6969696879386902,0.4905453622341156,0.6788327097892761,0.0,0.0,0.14583333333333334,0.14583333333333334,7,0.08252555876970291,0.3792383849620818,True
train,train\Subject.3__Fall_forward__9eb14e1c__w000096_000143.npz,Subject.3__Fall_forward__9eb14e1c__w000096_000143,Subject.3/Fall forward,Subject.3__Fall_forward__9eb14e1c,1,96,143,23.0,48,1.0,0.6565656661987305,0.49995169043540955,0.7285665273666382,0.0,0.0,0.125,0.125,6,0.061719268560409546,0.2174723058938966,True
train,train\Subject.3__Fall_left__63b463d1__w000000_000047.npz,Subject.3__Fall_left__63b463d1__w000000_000047,Subject.3/Fall left,Subject.3__Fall_left__63b463d1,0,0,47,23.0,0,0.0,0.9191918969154358,0.6613382697105408,0.7064343094825745,0.8181818181818182,0.8484848484848485,0.0,0.0,0,0.08358622342348099,0.3186075448989868,False
train,train\Subject.3__Fall_left__63b463d1__w000012_000059.npz,Subject.3__Fall_left__63b463d1__w000012_000059,Subject.3/Fall left,Subject.3__Fall_left__63b463d1,0,12,59,23.0,0,0.0,0.8888888955116272,0.6240279674530029,0.6845832467079163,0.8181818181818182,0.8181818181818182,0.0,0.0,0,0.060131218284368515,0.15168398097157476,False
train,train\Subject.3__Fall_left__63b463d1__w000024_000071.npz,Subject.3__Fall_left__63b463d1__w000024_000071,Subject.3/Fall left,Subject.3__Fall_left__63b463d1,0,24,71,23.0,0,0.0,0.8554292917251587,0.5843871235847473,0.6612268090248108,0.7575757575757576,0.7575757575757576,0.0,0.0,0,0.0776367038488388,0.2246792271733283,False
train,train\Subject.3__Fall_left__63b463d1__w000036_000083.npz,Subject.3__Fall_left__63b463d1__w000036_000083,Subject.3/Fall left,Subject.3__Fall_left__63b463d1,0,36,83,23.0,0,0.0,0.8699495196342468,0.5943000912666321,0.6646742224693298,0.7575757575757576,0.7575757575757576,0.0,0.0,0,0.06415276974439621,0.22116523385047904,False
train,train\Subject.3__Fall_left__63b463d1__w000048_000095.npz,Subject.3__Fall_left__63b463d1__w000048_000095,Subject.3/Fall left,Subject.3__Fall_left__63b463d1,0,48,95,23.0,0,0.0,0.9021464586257935,0.631432294845581,0.6867625117301941,0.7575757575757576,0.7575757575757576,0.0,0.0,0,0.06732222437858582,0.21578288003802298,False
train,train\Subject.3__Fall_left__63b463d1__w000060_000107.npz,Subject.3__Fall_left__63b463d1__w000060_000107,Subject.3/Fall left,Subject.3__Fall_left__63b463d1,1,60,107,23.0,6,0.125,0.8093434572219849,0.5922767519950867,0.7219525575637817,0.0,0.0,0.125,0.125,6,0.07108134776353836,0.2302219867706298,True
train,train\Subject.3__Fall_left__63b463d1__w000072_000119.npz,Subject.3__Fall_left__63b463d1__w000072_000119,Subject.3/Fall left,Subject.3__Fall_left__63b463d1,1,72,119,23.0,18,0.375,0.7670454382896423,0.5701315999031067,0.7354243993759155,0.0,0.0,0.1875,0.1875,9,0.0790608823299408,0.3252894073724745,True
train,train\Subject.3__Fall_left__63b463d1__w000084_000131.npz,Subject.3__Fall_left__63b463d1__w000084_000131,Subject.3/Fall left,Subject.3__Fall_left__63b463d1,1,84,131,23.0,30,0.625,0.7417929172515869,0.5474498867988586,0.7243221402168274,0.0,0.0,0.1875,0.1875,9,0.08415740728378296,0.3422800660133357,True
train,train\Subject.3__Fall_left__63b463d1__w000096_000143.npz,Subject.3__Fall_left__63b463d1__w000096_000143,Subject.3/Fall left,Subject.3__Fall_left__63b463d1,1,96,143,23.0,42,0.875,0.6641414165496826,0.49488237500190735,0.7163322567939758,0.0,0.0,0.1875,0.1875,9,0.07698096334934235,0.3594574511051177,True
train,train\Subject.3__Fall_left__63b463d1__w000108_000155.npz,Subject.3__Fall_left__63b463d1__w000108_000155,Subject.3/Fall left,Subject.3__Fall_left__63b463d1,1,108,155,23.0,48,1.0,0.7556818127632141,0.5629627108573914,0.7131634950637817,0.0,0.6363636363636364,0.0625,0.0625,3,0.06321944296360016,0.31013676673173896,True
train,train\Subject.3__Fall_left__63b463d1__w000120_000167.npz,Subject.3__Fall_left__63b463d1__w000120_000167,Subject.3/Fall left,Subject.3__Fall_left__63b463d1,1,120,167,23.0,48,1.0,0.8289141654968262,0.6319724321365356,0.7345018982887268,0.6363636363636364,0.6575757575757576,0.0,0.0,0,0.02561052143573761,0.045148002728819824,False
train,train\Subject.3__Fall_right__f6313514__w000000_000047.npz,Subject.3__Fall_right__f6313514__w000000_000047,Subject.3/Fall right,Subject.3__Fall_right__f6313514,0,0,47,23.0,0,0.0,0.8819444179534912,0.6499344110488892,0.7234265804290771,0.7272727272727273,0.7575757575757576,0.0,0.0,0,0.1131644994020462,0.6647945553064335,False
train,train\Subject.3__Fall_right__f6313514__w000012_000059.npz,Subject.3__Fall_right__f6313514__w000012_000059,Subject.3/Fall right,Subject.3__Fall_right__f6313514,1,12,59,23.0,7,0.1458333283662796,0.8125,0.6368570923805237,0.7624601721763611,0.6666666666666666,0.7272727272727273,0.0,0.0,0,0.0509696863591671,0.1340962067246437,False
train,train\Subject.3__Fall_right__f6313514__w000024_000071.npz,Subject.3__Fall_right__f6313514__w000024_000071,Subject.3/Fall right,Subject.3__Fall_right__f6313514,1,24,71,23.0,19,0.3958333432674408,0.7645202279090881,0.6381576061248779,0.8124499320983887,0.6666666666666666,0.6666666666666666,0.0,0.0,0,0.04458542913198471,0.13151181712746615,False
train,train\Subject.3__Fall_right__f6313514__w000036_000083.npz,Subject.3__Fall_right__f6313514__w000036_000083,Subject.3/Fall right,Subject.3__Fall_right__f6313514,1,36,83,23.0,31,0.6458333134651184,0.7190656661987305,0.6270346641540527,0.846112072467804,0.6666666666666666,0.6666666666666666,0.0,0.0,0,0.04145824536681175,0.13256229236721984,False
train,train\Subject.3__Fall_right__f6313514__w000048_000095.npz,Subject.3__Fall_right__f6313514__w000048_000095,Subject.3/Fall right,Subject.3__Fall_right__f6313514,1,48,95,23.0,43,0.8958333134651184,0.6957070827484131,0.6252039670944214,0.8736283183097839,0.6666666666666666,0.6666666666666666,0.0,0.0,0,0.02520695887506008,0.104978060349822,False
train,train\Subject.3__Fall_right__f6313514__w000060_000107.npz,Subject.3__Fall_right__f6313514__w000060_000107,Subject.3/Fall right,Subject.3__Fall_right__f6313514,1,60,107,23.0,48,1.0,0.6944444179534912,0.6300208568572998,0.8870176076889038,0.6666666666666666,0.6666666666666666,0.0,0.0,0,0.012625109404325485,0.03303897753357887,False
train,train\Subject.3__Fall_right__f6313514__w000072_000119.npz,Subject.3__Fall_right__f6313514__w000072_000119,Subject.3/Fall right,Subject.3__Fall_right__f6313514,1,72,119,23.0,48,1.0,0.7032828330993652,0.6321094036102295,0.8832082152366638,0.6666666666666666,0.6666666666666666,0.0,0.0,0,0.0069981589913368225,0.017978165019303556,False
train,train\Subject.3__Fall_right__f6313514__w000084_000131.npz,Subject.3__Fall_right__f6313514__w000084_000131,Subject.3/Fall right,Subject.3__Fall_right__f6313514,1,84,131,23.0,48,1.0,0.7108585834503174,0.6392096281051636,0.886711597442627,0.696969696969697,0.696969696969697,0.0,0.0,0,0.006840062327682972,0.018500612583011382,False
train,train\Subject.3__Fall_right__f6313514__w000096_000143.npz,Subject.3__Fall_right__f6313514__w000096_000143,Subject.3/Fall right,Subject.3__Fall_right__f6313514,1,96,143,23.0,48,1.0,0.7102272510528564,0.6444555521011353,0.8925599455833435,0.696969696969697,0.696969696969697,0.0,0.0,0,0.011594890616834164,0.020590832829475384,False
train,train\Subject.3__Fall_right__f6313514__w000108_000155.npz,Subject.3__Fall_right__f6313514__w000108_000155,Subject.3/Fall right,Subject.3__Fall_right__f6313514,1,108,155,23.0,48,1.0,0.743686854839325,0.6629483699798584,0.8787118196487427,0.696969696969697,0.696969696969697,0.0,0.0,0,0.011417079716920853,0.020856394432485104,False
train,train\Subject.3__Fall_right__f6313514__w000120_000167.npz,Subject.3__Fall_right__f6313514__w000120_000167,Subject.3/Fall right,Subject.3__Fall_right__f6313514,1,120,167,23.0,48,1.0,0.7897727489471436,0.6998770833015442,0.873802125453949,0.696969696969697,0.696969696969697,0.0,0.0,0,0.017009533941745758,0.03349414374679324,False
train,train\Subject.3__Fall_right__f6313514__w000132_000179.npz,Subject.3__Fall_right__f6313514__w000132_000179,Subject.3/Fall right,Subject.3__Fall_right__f6313514,1,132,179,23.0,48,1.0,0.8529040217399597,0.7421101331710815,0.8602386116981506,0.696969696969697,0.7272727272727273,0.0,0.0,0,0.022407056763768196,0.04724076781421899,False
train,train\Subject.3__Fall_right__f6313514__w000144_000191.npz,Subject.3__Fall_right__f6313514__w000144_000191,Subject.3/Fall right,Subject.3__Fall_right__f6313514,1,144,191,23.0,48,1.0,0.9135100841522217,0.788871705532074,0.858039379119873,0.8484848484848485,0.8484848484848485,0.0,0.0,0,0.02053675428032875,0.049727892875671385,False
train,train\Subject.3__Fall_right__f6313514__w000156_000203.npz,Subject.3__Fall_right__f6313514__w000156_000203,Subject.3/Fall right,Subject.3__Fall_right__f6313514,1,156,203,23.0,48,1.0,0.943813145160675,0.832478404045105,0.8770646452903748,0.8484848484848485,0.8484848484848485,0.0,0.0,0,0.021168328821659088,0.049727892875671385,False
train,train\Subject.3__Fall_right__f6313514__w000168_000215.npz,Subject.3__Fall_right__f6313514__w000168_000215,Subject.3/Fall right,Subject.3__Fall_right__f6313514,1,168,215,23.0,48,1.0,0.9690656661987305,0.8678562641143799,0.8927114605903625,0.9393939393939394,0.9393939393939394,0.0,0.0,0,0.01949615590274334,0.05750719849020242,False
train,train\Subject.3__Fall_sitting__34378b5d__w000000_000047.npz,Subject.3__Fall_sitting__34378b5d__w000000_000047,Subject.3/Fall sitting,Subject.3__Fall_sitting__34378b5d,0,0,47,23.0,0,0.0,0.8945707082748413,0.6956489682197571,0.7663446068763733,0.8181818181818182,0.8181818181818182,0.0,0.0,0,0.040418095886707306,0.2023511722683905,False
train,train\Subject.3__Fall_sitting__34378b5d__w000012_000059.npz,Subject.3__Fall_sitting__34378b5d__w000012_000059,Subject.3/Fall sitting,Subject.3__Fall_sitting__34378b5d,1,12,59,23.0,9,0.1875,0.8699495196342468,0.6682653427124023,0.7534283399581909,0.8181818181818182,0.8181818181818182,0.0,0.0,0,0.047838062047958374,0.21470819488167756,False
train,train\Subject.3__Fall_sitting__34378b5d__w000024_000071.npz,Subject.3__Fall_sitting__34378b5d__w000024_000071,Subject.3/Fall sitting,Subject.3__Fall_sitting__34378b5d,1,24,71,23.0,21,0.4375,0.8857323527336121,0.6723663806915283,0.7482037544250488,0.8181818181818182,0.8181818181818182,0.0,0.0,0,0.054426159709692,0.21291651129722594,False
train,train\Subject.3__Fall_sitting__34378b5d__w000036_000083.npz,Subject.3__Fall_sitting__34378b5d__w000036_000083,Subject.3/Fall sitting,Subject.3__Fall_sitting__34378b5d,1,36,83,23.0,33,0.6875,0.872474730014801,0.644262433052063,0.7246403694152832,0.696969696969697,0.7393939393939394,0.0,0.0,0,0.060108330100774765,0.22044498845934862,False
train,train\Subject.3__Fall_sitting__34378b5d__w000048_000095.npz,Subject.3__Fall_sitting__34378b5d__w000048_000095,Subject.3/Fall sitting,Subject.3__Fall_sitting__34378b5d,1,48,95,23.0,45,0.9375,0.8358585834503174,0.6153424382209778,0.7190818190574646,0.696969696969697,0.696969696969697,0.0,0.0,0,0.05755282938480377,0.21362220123410217,False
train,train\Subject.3__Fall_sitting__34378b5d__w000060_000107.npz,Subject.3__Fall_sitting__34378b5d__w000060_000107,Subject.3/Fall sitting,Subject.3__Fall_sitting__34378b5d,1,60,107,23.0,48,1.0,0.7821969985961914,0.5805705785751343,0.7237656116485596,0.6666666666666666,0.696969696969697,0.0,0.0,0,0.03809943422675133,0.15235797166824322,False
train,train\Subject.3__Fall_sitting__34378b5d__w000072_000119.npz,Subject.3__Fall_sitting__34378b5d__w000072_000119,Subject.3/Fall sitting,Subject.3__Fall_sitting__34378b5d,1,72,119,23.0,48,1.0,0.7070707082748413,0.524680495262146,0.7185508608818054,0.6666666666666666,0.6666666666666666,0.0,0.0,0,0.0316779650747776,0.1477466695010662,False
train,train\Subject.3__Fall_sitting__34378b5d__w000084_000131.npz,Subject.3__Fall_sitting__34378b5d__w000084_000131,Subject.3/Fall sitting,Subject.3__Fall_sitting__34378b5d,1,84,131,23.0,48,1.0,0.6761363744735718,0.501473069190979,0.7217288017272949,0.6363636363636364,0.6575757575757576,0.0,0.0,0,0.02474440075457096,0.12186037339270105,False
train,train\Subject.3__Fall_sitting__34378b5d__w000096_000143.npz,Subject.3__Fall_sitting__34378b5d__w000096_000143,Subject.3/Fall sitting,Subject.3__Fall_sitting__34378b5d,1,96,143,23.0,48,1.0,0.6571969985961914,0.4757063388824463,0.7028862237930298,0.6060606060606061,0.6060606060606061,0.0,0.0,0,0.020465154200792313,0.08612640835344787,False
train,train\Subject.3__Fall_sitting__34378b5d__w000108_000155.npz,Subject.3__Fall_sitting__34378b5d__w000108_000155,Subject.3/Fall sitting,Subject.3__Fall_sitting__34378b5d,1,108,155,23.0,48,1.0,0.6546717286109924,0.48223453760147095,0.7125426530838013,0.6060606060606061,0.6060606060606061,0.0,0.0,0,0.022644078359007835,0.09608498252928256,False
train,train\Subject.3__Fall_sitting__34378b5d__w000120_000167.npz,Subject.3__Fall_sitting__34378b5d__w000120_000167,Subject.3/Fall sitting,Subject.3__Fall_sitting__34378b5d,1,120,167,23.0,48,1.0,0.6546717286109924,0.5072900056838989,0.744987964630127,0.6060606060606061,0.6060606060606061,0.0,0.0,0,0.022566847503185272,0.0920388489961624,False
train,train\Subject.3__Fall_sitting__34378b5d__w000132_000179.npz,Subject.3__Fall_sitting__34378b5d__w000132_000179,Subject.3/Fall sitting,Subject.3__Fall_sitting__34378b5d,1,132,179,23.0,48,1.0,0.6685606241226196,0.5392143726348877,0.7722673416137695,0.6060606060606061,0.6060606060606061,0.0,0.0,0,0.027181461453437805,0.09341625869274138,False
train,train\Subject.3__Fall_sitting__34378b5d__w000144_000191.npz,Subject.3__Fall_sitting__34378b5d__w000144_000191,Subject.3/Fall sitting,Subject.3__Fall_sitting__34378b5d,1,144,191,23.0,48,1.0,0.7241161465644836,0.5974361300468445,0.7952340841293335,0.6666666666666666,0.6666666666666666,0.0,0.0,0,0.025591960176825523,0.08424135856330395,False
train,train\Subject.3__Hop__ae9da245__w000000_000047.npz,Subject.3__Hop__ae9da245__w000000_000047,Subject.3/Hop,Subject.3__Hop__ae9da245,0,0,47,23.0,0,0.0,0.5770202279090881,0.4159258306026459,0.7017807960510254,0.0,0.0,0.3333333333333333,0.3333333333333333,16,0.1487336903810501,1.0274525880813596,True
train,train\Subject.3__Hop__ae9da245__w000012_000059.npz,Subject.3__Hop__ae9da245__w000012_000059,Subject.3/Hop,Subject.3__Hop__ae9da245,0,12,59,23.0,0,0.0,0.7228535413742065,0.5584812760353088,0.7603311538696289,0.0,0.0,0.20833333333333334,0.20833333333333334,10,0.06922130286693573,0.19786855429410918,True
train,train\Subject.3__Hop__ae9da245__w000024_000071.npz,Subject.3__Hop__ae9da245__w000024_000071,Subject.3/Hop,Subject.3__Hop__ae9da245,0,24,71,23.0,0,0.0,0.9387626051902771,0.760720431804657,0.8019725680351257,0.7878787878787878,0.8090909090909091,0.0,0.0,0,0.04791629686951637,0.1554966807365417,False
train,train\Subject.3__Hop__ae9da245__w000036_000083.npz,Subject.3__Hop__ae9da245__w000036_000083,Subject.3/Hop,Subject.3__Hop__ae9da245,0,36,83,23.0,0,0.0,0.9873737096786499,0.847935140132904,0.8565918803215027,0.8181818181818182,0.9727272727272728,0.0,0.0,0,0.03161730244755745,0.08939504325389859,False
train,train\Subject.3__Hop__ae9da245__w000048_000095.npz,Subject.3__Hop__ae9da245__w000048_000095,Subject.3/Hop,Subject.3__Hop__ae9da245,0,48,95,23.0,0,0.0,1.0,0.9232688546180725,0.9232688546180725,1.0,1.0,0.0,0.0,0,0.03010931797325611,0.0767666682600975,False
train,train\Subject.3__Hop__ae9da245__w000060_000107.npz,Subject.3__Hop__ae9da245__w000060_000107,Subject.3/Hop,Subject.3__Hop__ae9da245,0,60,107,23.0,0,0.0,1.0,0.938837468624115,0.938837468624115,1.0,1.0,0.0,0.0,0,0.03057560697197914,0.07409830391407012,False
train,train\Subject.3__Hop__ae9da245__w000072_000119.npz,Subject.3__Hop__ae9da245__w000072_000119,Subject.3/Hop,Subject.3__Hop__ae9da245,0,72,119,23.0,0,0.0,0.9911616444587708,0.8924338817596436,0.898906409740448,0.8181818181818182,0.9696969696969697,0.0,0.0,0,0.033583980053663254,0.08053452149033541,False
train,train\Subject.3__Hop__ae9da245__w000084_000131.npz,Subject.3__Hop__ae9da245__w000084_000131,Subject.3/Hop,Subject.3__Hop__ae9da245,0,84,131,23.0,0,0.0,0.9457070827484131,0.8224555253982544,0.8626198768615723,0.8181818181818182,0.8181818181818182,0.0,0.0,0,0.03367527201771736,0.07709174714982506,False
train,train\Subject.3__Hop__ae9da245__w000096_000143.npz,Subject.3__Hop__ae9da245__w000096_000143,Subject.3/Hop,Subject.3__Hop__ae9da245,0,96,143,23.0,0,0.0,0.9002525210380554,0.7499992251396179,0.8207840323448181,0.8181818181818182,0.8181818181818182,0.0,0.0,0,0.03031867928802967,0.07551582828164098,False
train,train\Subject.3__Hop__ae9da245__w000108_000155.npz,Subject.3__Hop__ae9da245__w000108_000155,Subject.3/Hop,Subject.3__Hop__ae9da245,0,108,155,23.0,0,0.0,0.8851010203361511,0.7064144015312195,0.7837890982627869,0.8181818181818182,0.8181818181818182,0.0,0.0,0,0.030538983643054962,0.0752383641898632,False
train,train\Subject.3__Kneel__a85c5a84__w000000_000047.npz,Subject.3__Kneel__a85c5a84__w000000_000047,Subject.3/Kneel,Subject.3__Kneel__a85c5a84,0,0,47,23.0,0,0.0,0.9968434572219849,0.8801844716072083,0.8824257254600525,0.9696969696969697,0.990909090909091,0.0,0.0,0,0.038977958261966705,0.10000061653554433,False
train,train\Subject.3__Kneel__a85c5a84__w000012_000059.npz,Subject.3__Kneel__a85c5a84__w000012_000059,Subject.3/Kneel,Subject.3__Kneel__a85c5a84,0,12,59,23.0,0,0.0,0.997474730014801,0.8525342345237732,0.8542715311050415,0.9696969696969697,1.0,0.0,0.0,0,0.042914554476737976,0.10533408671617497,False
train,train\Subject.3__Kneel__a85c5a84__w000024_000071.npz,Subject.3__Kneel__a85c5a84__w000024_000071,Subject.3/Kneel,Subject.3__Kneel__a85c5a84,0,24,71,23.0,0,0.0,0.9760100841522217,0.8324158787727356,0.8492193818092346,0.8181818181818182,0.8909090909090909,0.0,0.0,0,0.045072320848703384,0.1078318979591131,False
train,train\Subject.3__Kneel__a85c5a84__w000036_000083.npz,Subject.3__Kneel__a85c5a84__w000036_000083,Subject.3/Kneel,Subject.3__Kneel__a85c5a84,0,36,83,23.0,0,0.0,0.9305555820465088,0.7893566489219666,0.8407242298126221,0.8181818181818182,0.8181818181818182,0.0,0.0,0,0.04265113174915314,0.10696726888418193,False
train,train\Subject.3__Kneel__a85c5a84__w000048_000095.npz,Subject.3__Kneel__a85c5a84__w000048_000095,Subject.3/Kneel,Subject.3__Kneel__a85c5a84,0,48,95,23.0,0,0.0,0.875,0.7305924892425537,0.8236263394355774,0.7575757575757576,0.7878787878787878,0.0,0.0,0,0.03351433947682381,0.07571299411356448,False
train,train\Subject.3__Kneel__a85c5a84__w000060_000107.npz,Subject.3__Kneel__a85c5a84__w000060_000107,Subject.3/Kneel,Subject.3__Kneel__a85c5a84,0,60,107,23.0,0,0.0,0.814393937587738,0.7233114242553711,0.8734009861946106,0.7575757575757576,0.7575757575757576,0.0,0.0,0,0.025394046679139137,0.06501674391329287,False
train,train\Subject.3__Kneel__a85c5a84__w000072_000119.npz,Subject.3__Kneel__a85c5a84__w000072_000119,Subject.3/Kneel,Subject.3__Kneel__a85c5a84,0,72,119,23.0,0,0.0,0.7777777910232544,0.7225084900856018,0.9151145815849304,0.7575757575757576,0.7575757575757576,0.0,0.0,0,0.01875004544854164,0.056593868881464005,False
train,train\Subject.3__Kneel__a85c5a84__w000084_000131.npz,Subject.3__Kneel__a85c5a84__w000084_000131,Subject.3/Kneel,Subject.3__Kneel__a85c5a84,0,84,131,23.0,0,0.0,0.7702020406723022,0.7211884260177612,0.9250949621200562,0.7575757575757576,0.7575757575757576,0.0,0.0,0,0.013483981601893902,0.049387054517865174,False
train,train\Subject.3__Kneel__a85c5a84__w000096_000143.npz,Subject.3__Kneel__a85c5a84__w000096_000143,Subject.3/Kneel,Subject.3__Kneel__a85c5a84,0,96,143,23.0,0,0.0,0.7702020406723022,0.7350665926933289,0.9446629285812378,0.7575757575757576,0.7575757575757576,0.0,0.0,0,0.011265073902904987,0.03926732055842876,False
train,train\Subject.3__Kneel__a85c5a84__w000108_000155.npz,Subject.3__Kneel__a85c5a84__w000108_000155,Subject.3/Kneel,Subject.3__Kneel__a85c5a84,0,108,155,23.0,0,0.0,0.7702020406723022,0.7411264777183533,0.952930212020874,0.7575757575757576,0.7575757575757576,0.0,0.0,0,0.012003378011286259,0.03887772187590599,False
train,train\Subject.3__Kneel__a85c5a84__w000120_000167.npz,Subject.3__Kneel__a85c5a84__w000120_000167,Subject.3/Kneel,Subject.3__Kneel__a85c5a84,0,120,167,23.0,0,0.0,0.7878788113594055,0.7441673874855042,0.9349738955497742,0.7575757575757576,0.7575757575757576,0.0,0.0,0,0.017684495076537132,0.04554449599236249,False
train,train\Subject.3__Kneel__a85c5a84__w000132_000179.npz,Subject.3__Kneel__a85c5a84__w000132_000179,Subject.3/Kneel,Subject.3__Kneel__a85c5a84,0,132,179,23.0,0,0.0,0.8112373948097229,0.7374575734138489,0.8980637788772583,0.7575757575757576,0.7575757575757576,0.0,0.0,0,0.02703072875738144,0.07195036485791206,False
train,train\Subject.3__Kneel__a85c5a84__w000144_000191.npz,Subject.3__Kneel__a85c5a84__w000144_000191,Subject.3/Kneel,Subject.3__Kneel__a85c5a84,0,144,191,23.0,0,0.0,0.8314393758773804,0.6999457478523254,0.8301042914390564,0.7575757575757576,0.7575757575757576,0.0,0.0,0,0.03733466565608978,0.1041150782257318,False
train,train\Subject.3__Kneel__a85c5a84__w000156_000203.npz,Subject.3__Kneel__a85c5a84__w000156_000203,Subject.3/Kneel,Subject.3__Kneel__a85c5a84,0,156,203,23.0,0,0.0,0.8617424368858337,0.6933054327964783,0.791942298412323,0.7575757575757576,0.7878787878787878,0.0,0.0,0,0.0450306236743927,0.1118623450398445,False
train,train\Subject.3__Pick_up_object__6f023a65__w000000_000047.npz,Subject.3__Pick_up_object__6f023a65__w000000_000047,Subject.3/Pick up object,Subject.3__Pick_up_object__6f023a65,0,0,47,23.0,0,0.0,0.8661616444587708,0.6581829190254211,0.747800350189209,0.0,0.7272727272727273,0.041666666666666664,0.041666666666666664,2,0.17193150520324707,0.8062221914529799,True
train,train\Subject.3__Pick_up_object__6f023a65__w000012_000059.npz,Subject.3__Pick_up_object__6f023a65__w000012_000059,Subject.3/Pick up object,Subject.3__Pick_up_object__6f023a65,0,12,59,23.0,0,0.0,0.9406565427780151,0.7559144496917725,0.7960724234580994,0.7272727272727273,0.7272727272727273,0.0,0.0,0,0.11085359752178192,0.38109107762575106,False
train,train\Subject.3__Pick_up_object__6f023a65__w000024_000071.npz,Subject.3__Pick_up_object__6f023a65__w000024_000071,Subject.3/Pick up object,Subject.3__Pick_up_object__6f023a65,0,24,71,23.0,0,0.0,0.9949495196342468,0.7544086575508118,0.7574503421783447,0.9696969696969697,0.9696969696969697,0.0,0.0,0,0.10681700706481934,0.3801704123616215,False
train,train\Subject.3__Pick_up_object__6f023a65__w000036_000083.npz,Subject.3__Pick_up_object__6f023a65__w000036_000083,Subject.3/Pick up object,Subject.3__Pick_up_object__6f023a65,0,36,83,23.0,0,0.0,0.9444444179534912,0.6786794066429138,0.709673285484314,0.6060606060606061,0.7272727272727273,0.0,0.0,0,0.11608611047267914,0.42044827342033386,False
train,train\Subject.3__Pick_up_object__6f023a65__w000048_000095.npz,Subject.3__Pick_up_object__6f023a65__w000048_000095,Subject.3/Pick up object,Subject.3__Pick_up_object__6f023a65,0,48,95,23.0,0,0.0,0.8585858345031738,0.5430186986923218,0.6151094436645508,0.6060606060606061,0.6060606060606061,0.0,0.0,0,0.11731170862913132,0.43502293080091464,False
train,train\Subject.3__Pick_up_object__6f023a65__w000060_000107.npz,Subject.3__Pick_up_object__6f023a65__w000060_000107,Subject.3/Pick up object,Subject.3__Pick_up_object__6f023a65,0,60,107,23.0,0,0.0,0.7979797720909119,0.4557150602340698,0.5460507273674011,0.6060606060606061,0.6060606060606061,0.0,0.0,0,0.1144641563296318,0.43726640343666073,False
train,train\Subject.3__Pick_up_object__6f023a65__w000072_000119.npz,Subject.3__Pick_up_object__6f023a65__w000072_000119,Subject.3/Pick up object,Subject.3__Pick_up_object__6f023a65,0,72,119,23.0,0,0.0,0.7746211886405945,0.4565175473690033,0.5607265830039978,0.6060606060606061,0.6060606060606061,0.0,0.0,0,0.10534555464982986,0.3283958628773688,False
train,train\Subject.3__Pick_up_object__6f023a65__w000084_000131.npz,Subject.3__Pick_up_object__6f023a65__w000084_000131,Subject.3/Pick up object,Subject.3__Pick_up_object__6f023a65,0,84,131,23.0,0,0.0,0.8251262903213501,0.47777268290519714,0.5614880323410034,0.6060606060606061,0.6272727272727273,0.0,0.0,0,0.12982584536075592,0.39412518143653863,False
train,train\Subject.3__Pick_up_object__6f023a65__w000096_000143.npz,Subject.3__Pick_up_object__6f023a65__w000096_000143,Subject.3/Pick up object,Subject.3__Pick_up_object__6f023a65,0,96,143,23.0,0,0.0,0.9109848737716675,0.5963870286941528,0.6458668112754822,0.7575757575757576,0.7575757575757576,0.0,0.0,0,0.12751363217830658,0.3827430710196491,False
train,train\Subject.3__Pick_up_object__6f023a65__w000108_000155.npz,Subject.3__Pick_up_object__6f023a65__w000108_000155,Subject.3/Pick up object,Subject.3__Pick_up_object__6f023a65,0,108,155,23.0,0,0.0,0.9715909361839294,0.7084519863128662,0.7261524796485901,0.7575757575757576,0.8727272727272727,0.0,0.0,0,0.11189832538366318,0.35706211626529677,False
train,train\Subject.3__Pick_up_object__6f023a65__w000120_000167.npz,Subject.3__Pick_up_object__6f023a65__w000120_000167,Subject.3/Pick up object,Subject.3__Pick_up_object__6f023a65,0,120,167,23.0,0,0.0,0.998106062412262,0.8187927007675171,0.8200334310531616,0.9696969696969697,1.0,0.0,0.0,0,0.08376394957304001,0.3141130730509755,False
train,train\Subject.3__Pick_up_object__6f023a65__w000132_000179.npz,Subject.3__Pick_up_object__6f023a65__w000132_000179,Subject.3/Pick up object,Subject.3__Pick_up_object__6f023a65,0,132,179,23.0,0,0.0,1.0,0.9254176616668701,0.9254176616668701,1.0,1.0,0.0,0.0,0,0.04384620115160942,0.12293686680495733,False
train,train\Subject.3__Sit_down__176258fd__w000000_000047.npz,Subject.3__Sit_down__176258fd__w000000_000047,Subject.3/Sit down,Subject.3__Sit_down__176258fd,0,0,47,23.0,0,0.0,0.8112373948097229,0.6995713710784912,0.838690996170044,0.6060606060606061,0.6060606060606061,0.0,0.0,0,0.042998507618904114,0.09193582907319067,False
train,train\Subject.3__Sit_down__176258fd__w000012_000059.npz,Subject.3__Sit_down__176258fd__w000012_000059,Subject.3/Sit down,Subject.3__Sit_down__176258fd,0,12,59,23.0,0,0.0,0.7689393758773804,0.6580216288566589,0.8242835402488708,0.6060606060606061,0.6060606060606061,0.0,0.0,0,0.04429088532924652,0.110168270394206,False
train,train\Subject.3__Sit_down__176258fd__w000024_000071.npz,Subject.3__Sit_down__176258fd__w000024_000071,Subject.3/Sit down,Subject.3__Sit_down__176258fd,0,24,71,23.0,0,0.0,0.7449495196342468,0.6508734822273254,0.8401912450790405,0.6060606060606061,0.6060606060606061,0.0,0.0,0,0.04652014747262001,0.12584751844406122,False
train,train\Subject.3__Sit_down__176258fd__w000036_000083.npz,Subject.3__Sit_down__176258fd__w000036_000083,Subject.3/Sit down,Subject.3__Sit_down__176258fd,0,36,83,23.0,0,0.0,0.7582070827484131,0.6564127802848816,0.8367325067520142,0.6060606060606061,0.6060606060606061,0.0,0.0,0,0.04750626161694527,0.12584751844406122,False
train,train\Subject.3__Sit_down__176258fd__w000048_000095.npz,Subject.3__Sit_down__176258fd__w000048_000095,Subject.3/Sit down,Subject.3__Sit_down__176258fd,0,48,95,23.0,0,0.0,0.8023989796638489,0.6850852370262146,0.8292784690856934,0.7272727272727273,0.7484848484848485,0.0,0.0,0,0.04123719036579132,0.12051943838596337,False
train,train\Subject.3__Sit_down__176258fd__w000060_000107.npz,Subject.3__Sit_down__176258fd__w000060_000107,Subject.3/Sit down,Subject.3__Sit_down__176258fd,0,60,107,23.0,0,0.0,0.8068181872367859,0.7053564190864563,0.8511260151863098,0.7272727272727273,0.7575757575757576,0.0,0.0,0,0.03783798962831497,0.10423542074859121,False
train,train\Subject.3__Sit_down__176258fd__w000072_000119.npz,Subject.3__Sit_down__176258fd__w000072_000119,Subject.3/Sit down,Subject.3__Sit_down__176258fd,0,72,119,23.0,0,0.0,0.8320707082748413,0.7206935882568359,0.8486522436141968,0.7575757575757576,0.7575757575757576,0.0,0.0,0,0.03379175066947937,0.09061004035174842,False
train,train\Subject.3__Sit_down__176258fd__w000084_000131.npz,Subject.3__Sit_down__176258fd__w000084_000131,Subject.3/Sit down,Subject.3__Sit_down__176258fd,0,84,131,23.0,0,0.0,0.8516414165496826,0.7227926254272461,0.8347562551498413,0.8181818181818182,0.8484848484848485,0.0,0.0,0,0.03346778452396393,0.08966038525104522,False
train,train\Subject.3__Sit_down__176258fd__w000096_000143.npz,Subject.3__Sit_down__176258fd__w000096_000143,Subject.3/Sit down,Subject.3__Sit_down__176258fd,0,96,143,23.0,0,0.0,0.8484848737716675,0.7062461376190186,0.8219347596168518,0.8484848484848485,0.8484848484848485,0.0,0.0,0,0.039976537227630615,0.12128409445285783,False
train,train\Subject.3__Sit_down__176258fd__w000108_000155.npz,Subject.3__Sit_down__176258fd__w000108_000155,Subject.3/Sit down,Subject.3__Sit_down__176258fd,0,108,155,23.0,0,0.0,0.8484848737716675,0.6871946454048157,0.8016887903213501,0.8484848484848485,0.8484848484848485,0.0,0.0,0,0.03585626929998398,0.11917690783739077,False
train,train\Subject.3__Sit_down__176258fd__w000120_000167.npz,Subject.3__Sit_down__176258fd__w000120_000167,Subject.3/Sit down,Subject.3__Sit_down__176258fd,0,120,167,23.0,0,0.0,0.8371211886405945,0.6751154661178589,0.7955973148345947,0.7575757575757576,0.8,0.0,0.0,0,0.0353960283100605,0.11388654038310049,False
train,train\Subject.3__Sit_down__176258fd__w000132_000179.npz,Subject.3__Sit_down__176258fd__w000132_000179,Subject.3/Sit down,Subject.3__Sit_down__176258fd,0,132,179,23.0,0,0.0,0.8049242496490479,0.6380385756492615,0.775145411491394,0.6060606060606061,0.7272727272727273,0.0,0.0,0,0.0520816333591938,0.19598582610487925,False
train,train\Subject.3__Sit_down__176258fd__w000144_000191.npz,Subject.3__Sit_down__176258fd__w000144_000191,Subject.3/Sit down,Subject.3__Sit_down__176258fd,0,144,191,23.0,0,0.0,0.7462121248245239,0.5727043747901917,0.7413689494132996,0.6060606060606061,0.6060606060606061,0.0,0.0,0,0.05336341634392738,0.21206644549965858,False
train,train\Subject.3__Sit_down__176258fd__w000156_000203.npz,Subject.3__Sit_down__176258fd__w000156_000203,Subject.3/Sit down,Subject.3__Sit_down__176258fd,0,156,203,23.0,0,0.0,0.7468434572219849,0.5642308592796326,0.7259855270385742,0.6060606060606061,0.6060606060606061,0.0,0.0,0,0.0540001355111599,0.22178101912140835,False
train,train\Subject.3__Sit_down__176258fd__w000168_000215.npz,Subject.3__Sit_down__176258fd__w000168_000215,Subject.3/Sit down,Subject.3__Sit_down__176258fd,0,168,215,23.0,0,0.0,0.7657828330993652,0.5706961750984192,0.7158194780349731,0.6060606060606061,0.6060606060606061,0.0,0.0,0,0.05984079837799072,0.2019329011440271,False
train,train\Subject.3__Sit_down__176258fd__w000180_000227.npz,Subject.3__Sit_down__176258fd__w000180_000227,Subject.3/Sit down,Subject.3__Sit_down__176258fd,0,180,227,23.0,0,0.0,0.7979797720909119,0.6042466163635254,0.7321400046348572,0.6060606060606061,0.6060606060606061,0.0,0.0,0,0.049636468291282654,0.13369685932993886,False
train,train\Subject.3__Sit_down__176258fd__w000192_000239.npz,Subject.3__Sit_down__176258fd__w000192_000239,Subject.3/Sit down,Subject.3__Sit_down__176258fd,0,192,239,23.0,0,0.0,0.8566918969154358,0.6635148525238037,0.7563340067863464,0.7878787878787878,0.8484848484848485,0.0,0.0,0,0.043090030550956726,0.11478312127292153,False
train,train\Subject.3__Sit_down__176258fd__w000204_000251.npz,Subject.3__Sit_down__176258fd__w000204_000251,Subject.3/Sit down,Subject.3__Sit_down__176258fd,0,204,251,23.0,0,0.0,0.8560606241226196,0.6618691682815552,0.7583416700363159,0.8484848484848485,0.8484848484848485,0.0,0.0,0,0.043562013655900955,0.12148153409361832,False
train,train\Subject.3__Walk__b6d109cb__w000000_000047.npz,Subject.3__Walk__b6d109cb__w000000_000047,Subject.3/Walk,Subject.3__Walk__b6d109cb,0,0,47,23.0,0,0.0,0.467803031206131,0.20757891237735748,0.43198680877685547,0.0,0.0,0.4166666666666667,0.4166666666666667,20,0.10900485515594482,0.8097772389650338,True
train,train\Subject.3__Walk__b6d109cb__w000012_000059.npz,Subject.3__Walk__b6d109cb__w000012_000059,Subject.3/Walk,Subject.3__Walk__b6d109cb,0,12,59,23.0,0,0.0,0.31439393758773804,0.14115400612354279,0.43466028571128845,0.0,0.0,0.6041666666666666,0.6041666666666666,29,0.08353954553604126,0.5399969071149825,True
train,train\Subject.3__Walk__b6d109cb__w000024_000071.npz,Subject.3__Walk__b6d109cb__w000024_000071,Subject.3/Walk,Subject.3__Walk__b6d109cb,0,24,71,23.0,0,0.0,0.3042929172515869,0.22081278264522552,0.7051485776901245,0.0,0.0,0.625,0.625,30,0.08215717226266861,0.5562301725149138,True
train,train\Subject.3__Walk__b6d109cb__w000036_000083.npz,Subject.3__Walk__b6d109cb__w000036_000083,Subject.3/Walk,Subject.3__Walk__b6d109cb,0,36,83,23.0,0,0.0,0.5183081030845642,0.3876477777957916,0.7324636578559875,0.0,0.0,0.3958333333333333,0.3958333333333333,19,0.05024147033691406,0.1183960415422915,True
train,train\Subject.3__Walk__b6d109cb__w000048_000095.npz,Subject.3__Walk__b6d109cb__w000048_000095,Subject.3/Walk,Subject.3__Walk__b6d109cb,0,48,95,23.0,0,0.0,0.6578282713890076,0.5054210424423218,0.7580451369285583,0.0,0.0,0.2708333333333333,0.2708333333333333,13,0.03680317476391792,0.07727498225867746,True
train,train\Subject.3__Walk__b6d109cb__w000060_000107.npz,Subject.3__Walk__b6d109cb__w000060_000107,Subject.3/Walk,Subject.3__Walk__b6d109cb,0,60,107,23.0,0,0.0,0.9053030014038086,0.7072514891624451,0.7733036875724792,0.0,0.8484848484848485,0.020833333333333332,0.020833333333333332,1,0.027239611372351646,0.06686877533793438,True
train,train\Subject.3__Walk__b6d109cb__w000072_000119.npz,Subject.3__Walk__b6d109cb__w000072_000119,Subject.3/Walk,Subject.3__Walk__b6d109cb,0,72,119,23.0,0,0.0,0.9646464586257935,0.7785780429840088,0.8027311563491821,0.8484848484848485,0.9393939393939394,0.0,0.0,0,0.02876276522874832,0.06730067357420919,False
train,train\Subject.3__Walk__b6d109cb__w000084_000131.npz,Subject.3__Walk__b6d109cb__w000084_000131,Subject.3/Walk,Subject.3__Walk__b6d109cb,0,84,131,23.0,0,0.0,0.9823232293128967,0.8009850382804871,0.8130379319190979,0.9393939393939394,0.9393939393939394,0.0,0.0,0,0.03218729421496391,0.07935105599462985,False
train,train\Subject.3__Walk__b6d109cb__w000096_000143.npz,Subject.3__Walk__b6d109cb__w000096_000143,Subject.3/Walk,Subject.3__Walk__b6d109cb,0,96,143,23.0,0,0.0,0.9595959782600403,0.7936003804206848,0.8216719031333923,0.8484848484848485,0.8484848484848485,0.0,0.0,0,0.03314661234617233,0.08745842874050139,False
train,train\Subject.3__Walk__b6d109cb__w000108_000155.npz,Subject.3__Walk__b6d109cb__w000108_000155,Subject.3/Walk,Subject.3__Walk__b6d109cb,0,108,155,23.0,0,0.0,0.9412878751754761,0.761006236076355,0.8010135889053345,0.8484848484848485,0.8484848484848485,0.0,0.0,0,0.03877992928028107,0.12007476463913917,False
train,train\Subject.3__Walk__b6d109cb__w000120_000167.npz,Subject.3__Walk__b6d109cb__w000120_000167,Subject.3/Walk,Subject.3__Walk__b6d109cb,0,120,167,23.0,0,0.0,0.931186854839325,0.726353645324707,0.7707371115684509,0.8484848484848485,0.8484848484848485,0.0,0.0,0,0.038518648594617844,0.12399112991988658,False
train,train\Subject.4__Fall_backwards__2ea12ecd__w000000_000047.npz,Subject.4__Fall_backwards__2ea12ecd__w000000_000047,Subject.4/Fall backwards,Subject.4__Fall_backwards__2ea12ecd,0,0,47,23.0,0,0.0,0.8806818127632141,0.7019750475883484,0.7817196249961853,0.0,0.7878787878787878,0.020833333333333332,0.020833333333333332,1,0.027456799522042274,0.08079946823418138,True
train,train\Subject.4__Fall_backwards__2ea12ecd__w000012_000059.npz,Subject.4__Fall_backwards__2ea12ecd__w000012_000059,Subject.4/Fall backwards,Subject.4__Fall_backwards__2ea12ecd,0,12,59,23.0,0,0.0,0.9135100841522217,0.7223986983299255,0.7789522409439087,0.7878787878787878,0.8787878787878788,0.0,0.0,0,0.026982128620147705,0.0668379534035921,False
train,train\Subject.4__Fall_backwards__2ea12ecd__w000024_000071.npz,Subject.4__Fall_backwards__2ea12ecd__w000024_000071,Subject.4/Fall backwards,Subject.4__Fall_backwards__2ea12ecd,1,24,71,23.0,2,0.0416666679084301,0.9431818127632141,0.7326523661613464,0.7698969841003418,0.8787878787878788,0.8787878787878788,0.0,0.0,0,0.03961169719696045,0.11623896062374112,False
train,train\Subject.4__Fall_backwards__2ea12ecd__w000036_000083.npz,Subject.4__Fall_backwards__2ea12ecd__w000036_000083,Subject.4/Fall backwards,Subject.4__Fall_backwards__2ea12ecd,1,36,83,23.0,14,0.2916666567325592,0.9633838534355164,0.7484912872314453,0.7723761200904846,0.8787878787878788,0.8787878787878788,0.0,0.0,0,0.05662727728486061,0.17471344396471977,False
train,train\Subject.4__Fall_backwards__2ea12ecd__w000048_000095.npz,Subject.4__Fall_backwards__2ea12ecd__w000048_000095,Subject.4/Fall backwards,Subject.4__Fall_backwards__2ea12ecd,1,48,95,23.0,26,0.5416666865348816,0.9848484992980957,0.7822889685630798,0.7927609086036682,0.8787878787878788,0.8787878787878788,0.0,0.0,0,0.06695516407489777,0.1940691471099853,False
train,train\Subject.4__Fall_backwards__2ea12ecd__w000060_000107.npz,Subject.4__Fall_backwards__2ea12ecd__w000060_000107,Subject.4/Fall backwards,Subject.4__Fall_backwards__2ea12ecd,1,60,107,23.0,38,0.7916666865348816,1.0,0.8236846923828125,0.8236846923828125,1.0,1.0,0.0,0.0,0,0.05938468873500824,0.18898641243577002,False
train,train\Subject.4__Fall_backwards__2ea12ecd__w000072_000119.npz,Subject.4__Fall_backwards__2ea12ecd__w000072_000119,Subject.4/Fall backwards,Subject.4__Fall_backwards__2ea12ecd,1,72,119,23.0,48,1.0,1.0,0.8381524682044983,0.8381524682044983,1.0,1.0,0.0,0.0,0,0.040308769792318344,0.16116673424839967,False
train,train\Subject.4__Fall_backwards__2ea12ecd__w000084_000131.npz,Subject.4__Fall_backwards__2ea12ecd__w000084_000131,Subject.4/Fall backwards,Subject.4__Fall_backwards__2ea12ecd,1,84,131,23.0,48,1.0,0.9766414165496826,0.82916659116745,0.8456999063491821,0.8787878787878788,0.9090909090909091,0.0,0.0,0,0.020856838673353195,0.07855127267539484,False
train,train\Subject.4__Fall_backwards__2ea12ecd__w000096_000143.npz,Subject.4__Fall_backwards__2ea12ecd__w000096_000143,Subject.4/Fall backwards,Subject.4__Fall_backwards__2ea12ecd,1,96,143,23.0,48,1.0,0.9494949579238892,0.8077007532119751,0.8440533876419067,0.8787878787878788,0.8787878787878788,0.0,0.0,0,0.008213440887629986,0.025764171499758955,False
train,train\Subject.4__Fall_backwards__2ea12ecd__w000108_000155.npz,Subject.4__Fall_backwards__2ea12ecd__w000108_000155,Subject.4/Fall backwards,Subject.4__Fall_backwards__2ea12ecd,1,108,155,23.0,48,1.0,0.9267676472663879,0.7796283960342407,0.831644594669342,0.8787878787878788,0.8787878787878788,0.0,0.0,0,0.004128436092287302,0.005563159077428278,False
train,train\Subject.4__Fall_backwards__2ea12ecd__w000120_000167.npz,Subject.4__Fall_backwards__2ea12ecd__w000120_000167,Subject.4/Fall backwards,Subject.4__Fall_backwards__2ea12ecd,1,120,167,23.0,48,1.0,0.9040403962135315,0.7689396739006042,0.8383816480636597,0.8787878787878788,0.8787878787878788,0.0,0.0,0,0.003685662755742669,0.004265644517727195,False
train,train\Subject.4__Fall_backwards__2ea12ecd__w000132_000179.npz,Subject.4__Fall_backwards__2ea12ecd__w000132_000179,Subject.4/Fall backwards,Subject.4__Fall_backwards__2ea12ecd,1,132,179,23.0,48,1.0,0.9046717286109924,0.7683867812156677,0.8385395407676697,0.8787878787878788,0.8787878787878788,0.0,0.0,0,0.001401714631356299,0.0032261022250168027,False
train,train\Subject.4__Fall_backwards__2ea12ecd__w000144_000191.npz,Subject.4__Fall_backwards__2ea12ecd__w000144_000191,Subject.4/Fall backwards,Subject.4__Fall_backwards__2ea12ecd,1,144,191,23.0,48,1.0,0.9090909361839294,0.7722339034080505,0.8390135169029236,0.9090909090909091,0.9090909090909091,0.0,0.0,0,0.0018087986391037703,0.00560412905178964,False
train,train\Subject.4__Fall_forward__966c97ff__w000000_000047.npz,Subject.4__Fall_forward__966c97ff__w000000_000047,Subject.4/Fall forward,Subject.4__Fall_forward__966c97ff,1,0,47,23.0,23,0.4791666567325592,0.7777777910232544,0.49115341901779175,0.6305965781211853,0.0,0.0,0.20833333333333334,0.20833333333333334,10,0.13636770844459534,0.5681706637144088,True
train,train\Subject.4__Fall_forward__966c97ff__w000012_000059.npz,Subject.4__Fall_forward__966c97ff__w000012_000059,Subject.4/Fall forward,Subject.4__Fall_forward__966c97ff,1,12,59,23.0,35,0.7291666865348816,0.9898989796638489,0.6762363314628601,0.6827282905578613,0.9090909090909091,0.9515151515151515,0.0,0.0,0,0.10986838489770889,0.5225268632173536,False
train,train\Subject.4__Fall_forward__966c97ff__w000024_000071.npz,Subject.4__Fall_forward__966c97ff__w000024_000071,Subject.4/Fall forward,Subject.4__Fall_forward__966c97ff,1,24,71,23.0,47,0.9791666865348816,0.9962121248245239,0.7684841156005859,0.770686686038971,0.9696969696969697,0.9696969696969697,0.0,0.0,0,0.04531388357281685,0.3105971992015837,False
train,train\Subject.4__Fall_forward__966c97ff__w000036_000083.npz,Subject.4__Fall_forward__966c97ff__w000036_000083,Subject.4/Fall forward,Subject.4__Fall_forward__966c97ff,1,36,83,23.0,48,1.0,0.9880050420761108,0.8198136687278748,0.8276615142822266,0.9090909090909091,0.9696969696969697,0.0,0.0,0,0.008530297316610813,0.024788123741745948,False
train,train\Subject.4__Fall_forward__966c97ff__w000048_000095.npz,Subject.4__Fall_forward__966c97ff__w000048_000095,Subject.4/Fall forward,Subject.4__Fall_forward__966c97ff,1,48,95,23.0,48,1.0,0.9545454382896423,0.8072365522384644,0.8388744592666626,0.8484848484848485,0.8484848484848485,0.0,0.0,0,0.012222171761095524,0.02475043237209319,False
train,train\Subject.4__Fall_forward__966c97ff__w000060_000107.npz,Subject.4__Fall_forward__966c97ff__w000060_000107,Subject.4/Fall forward,Subject.4__Fall_forward__966c97ff,1,60,107,23.0,48,1.0,0.939393937587738,0.7997477650642395,0.841865599155426,0.8484848484848485,0.8484848484848485,0.0,0.0,0,0.012907725758850574,0.02475043237209319,False
train,train\Subject.4__Fall_forward__966c97ff__w000072_000119.npz,Subject.4__Fall_forward__966c97ff__w000072_000119,Subject.4/Fall forward,Subject.4__Fall_forward__966c97ff,1,72,119,23.0,48,1.0,0.9280303120613098,0.7940810918807983,0.8442115187644958,0.8484848484848485,0.8484848484848485,0.0,0.0,0,0.010284521616995335,0.02194718169048428,False
train,train\Subject.4__Fall_forward__966c97ff__w000084_000131.npz,Subject.4__Fall_forward__966c97ff__w000084_000131,Subject.4/Fall forward,Subject.4__Fall_forward__966c97ff,1,84,131,23.0,48,1.0,0.9280303120613098,0.7902936935424805,0.8400269150733948,0.8484848484848485,0.8484848484848485,0.0,0.0,0,0.012317695654928684,0.034054744988679865,False
train,train\Subject.4__Fall_forward__966c97ff__w000096_000143.npz,Subject.4__Fall_forward__966c97ff__w000096_000143,Subject.4/Fall forward,Subject.4__Fall_forward__966c97ff,1,96,143,23.0,48,1.0,0.9614899158477783,0.8163896203041077,0.8425248265266418,0.9393939393939394,0.9393939393939394,0.0,0.0,0,0.011023320257663727,0.03836476169526573,False
train,train\Subject.4__Fall_forward__966c97ff__w000108_000155.npz,Subject.4__Fall_forward__966c97ff__w000108_000155,Subject.4/Fall forward,Subject.4__Fall_forward__966c97ff,1,108,155,23.0,48,1.0,0.9766414165496826,0.8358234167098999,0.8518219590187073,0.9393939393939394,0.9393939393939394,0.0,0.0,0,0.011495628394186497,0.03836476169526573,False
train,train\Subject.4__Fall_forward__966c97ff__w000120_000167.npz,Subject.4__Fall_forward__966c97ff__w000120_000167,Subject.4/Fall forward,Subject.4__Fall_forward__966c97ff,1,120,167,23.0,48,1.0,0.9917929172515869,0.8685269355773926,0.8742425441741943,0.9393939393939394,0.9393939393939394,0.0,0.0,0,0.011709627695381641,0.03836476169526573,False
train,train\Subject.4__Fall_left__89bc0847__w000000_000047.npz,Subject.4__Fall_left__89bc0847__w000000_000047,Subject.4/Fall left,Subject.4__Fall_left__89bc0847,0,0,47,23.0,0,0.0,1.0,0.8004372119903564,0.8004372119903564,1.0,1.0,0.0,0.0,0,0.1212235763669014,0.4978651702404022,False
train,train\Subject.4__Fall_left__89bc0847__w000012_000059.npz,Subject.4__Fall_left__89bc0847__w000012_000059,Subject.4/Fall left,Subject.4__Fall_left__89bc0847,0,12,59,23.0,0,0.0,1.0,0.7875702381134033,0.7875702381134033,1.0,1.0,0.0,0.0,0,0.08328632265329361,0.20833415910601616,False
train,train\Subject.4__Fall_left__89bc0847__w000024_000071.npz,Subject.4__Fall_left__89bc0847__w000024_000071,Subject.4/Fall left,Subject.4__Fall_left__89bc0847,1,24,71,23.0,11,0.2291666716337204,0.995580792427063,0.7973758578300476,0.8002313375473022,0.9696969696969697,0.9696969696969697,0.0,0.0,0,0.08393387496471405,0.1928551584482193,False
train,train\Subject.4__Fall_left__89bc0847__w000036_000083.npz,Subject.4__Fall_left__89bc0847__w000036_000083,Subject.4/Fall left,Subject.4__Fall_left__89bc0847,1,36,83,23.0,23,0.4791666567325592,0.9880050420761108,0.7962457537651062,0.8041532635688782,0.9696969696969697,0.9696969696969697,0.0,0.0,0,0.08314221352338791,0.20064245909452427,False
train,train\Subject.4__Fall_left__89bc0847__w000048_000095.npz,Subject.4__Fall_left__89bc0847__w000048_000095,Subject.4/Fall left,Subject.4__Fall_left__89bc0847,1,48,95,23.0,35,0.7291666865348816,0.9804292917251587,0.7828232049942017,0.795602023601532,0.9696969696969697,0.9696969696969697,0.0,0.0,0,0.060229748487472534,0.18675887212157247,False
train,train\Subject.4__Fall_left__89bc0847__w000060_000107.npz,Subject.4__Fall_left__89bc0847__w000060_000107,Subject.4/Fall left,Subject.4__Fall_left__89bc0847,1,60,107,23.0,47,0.9791666865348816,0.9728535413742065,0.7992199063301086,0.8174395561218262,0.9696969696969697,0.9696969696969697,0.0,0.0,0,0.03650905564427376,0.15945151671767227,False
train,train\Subject.4__Fall_left__89bc0847__w000072_000119.npz,Subject.4__Fall_left__89bc0847__w000072_000119,Subject.4/Fall left,Subject.4__Fall_left__89bc0847,1,72,119,23.0,48,1.0,0.9696969985961914,0.8296698331832886,0.8510351181030273,0.9696969696969697,0.9696969696969697,0.0,0.0,0,0.01942259445786476,0.09599618539214128,False
train,train\Subject.4__Fall_left__89bc0847__w000084_000131.npz,Subject.4__Fall_left__89bc0847__w000084_000131,Subject.4/Fall left,Subject.4__Fall_left__89bc0847,1,84,131,23.0,48,1.0,0.9659090638160706,0.8476902842521667,0.8726295828819275,0.9090909090909091,0.9606060606060607,0.0,0.0,0,0.015423116274178028,0.055866120196878866,False
train,train\Subject.4__Fall_left__89bc0847__w000096_000143.npz,Subject.4__Fall_left__89bc0847__w000096_000143,Subject.4/Fall left,Subject.4__Fall_left__89bc0847,1,96,143,23.0,48,1.0,0.9381313323974609,0.8531685471534729,0.9003020524978638,0.8484848484848485,0.8484848484848485,0.0,0.0,0,0.015986712649464607,0.0417044274508951,False
train,train\Subject.4__Fall_left__89bc0847__w000108_000155.npz,Subject.4__Fall_left__89bc0847__w000108_000155,Subject.4/Fall left,Subject.4__Fall_left__89bc0847,1,108,155,23.0,48,1.0,0.9103535413742065,0.8468796610832214,0.916365385055542,0.8484848484848485,0.8484848484848485,0.0,0.0,0,0.01701054535806179,0.04936856161803004,False
train,train\Subject.4__Fall_right__97ef36b9__w000000_000047.npz,Subject.4__Fall_right__97ef36b9__w000000_000047,Subject.4/Fall right,Subject.4__Fall_right__97ef36b9,1,0,47,23.0,1,0.02083333395421505,0.7847222089767456,0.6271622776985168,0.778035044670105,0.7272727272727273,0.7272727272727273,0.0,0.0,0,0.06731048971414566,0.21679287105798672,False
train,train\Subject.4__Fall_right__97ef36b9__w000012_000059.npz,Subject.4__Fall_right__97ef36b9__w000012_000059,Subject.4/Fall right,Subject.4__Fall_right__97ef36b9,1,12,59,23.0,13,0.2708333432674408,0.7803030014038086,0.629741370677948,0.7878928780555725,0.7272727272727273,0.7272727272727273,0.0,0.0,0,0.05744168162345886,0.15789012238383293,False
train,train\Subject.4__Fall_right__97ef36b9__w000024_000071.npz,Subject.4__Fall_right__97ef36b9__w000024_000071,Subject.4/Fall right,Subject.4__Fall_right__97ef36b9,1,24,71,23.0,25,0.5208333134651184,0.8282828330993652,0.670254647731781,0.7959810495376587,0.7272727272727273,0.7272727272727273,0.0,0.0,0,0.05857982859015465,0.15789012238383293,False
train,train\Subject.4__Fall_right__97ef36b9__w000036_000083.npz,Subject.4__Fall_right__97ef36b9__w000036_000083,Subject.4/Fall right,Subject.4__Fall_right__97ef36b9,1,36,83,23.0,37,0.7708333134651184,0.875,0.7135825157165527,0.8036949038505554,0.7272727272727273,0.7272727272727273,0.0,0.0,0,0.06152812018990517,0.1523233152925968,False
train,train\Subject.4__Fall_right__97ef36b9__w000048_000095.npz,Subject.4__Fall_right__97ef36b9__w000048_000095,Subject.4/Fall right,Subject.4__Fall_right__97ef36b9,1,48,95,23.0,48,1.0,0.8945707082748413,0.7434250116348267,0.8160575032234192,0.7272727272727273,0.8393939393939395,0.0,0.0,0,0.046841006726026535,0.12404926121234892,False
train,train\Subject.4__Fall_right__97ef36b9__w000060_000107.npz,Subject.4__Fall_right__97ef36b9__w000060_000107,Subject.4/Fall right,Subject.4__Fall_right__97ef36b9,1,60,107,23.0,48,1.0,0.8623737096786499,0.7423516511917114,0.8398552536964417,0.7272727272727273,0.7272727272727273,0.0,0.0,0,0.030242009088397026,0.09518248140811904,False
train,train\Subject.4__Fall_right__97ef36b9__w000072_000119.npz,Subject.4__Fall_right__97ef36b9__w000072_000119,Subject.4/Fall right,Subject.4__Fall_right__97ef36b9,1,72,119,23.0,48,1.0,0.8036616444587708,0.7127082347869873,0.8613112568855286,0.7272727272727273,0.7272727272727273,0.0,0.0,0,0.020485838875174522,0.07770023941993708,False
train,train\Subject.4__Fall_right__97ef36b9__w000084_000131.npz,Subject.4__Fall_right__97ef36b9__w000084_000131,Subject.4/Fall right,Subject.4__Fall_right__97ef36b9,1,84,131,23.0,48,1.0,0.7569444179534912,0.6994343996047974,0.8970718383789062,0.7272727272727273,0.7272727272727273,0.0,0.0,0,0.011565092019736767,0.024303933791816227,False
train,train\Subject.4__Fall_right__97ef36b9__w000096_000143.npz,Subject.4__Fall_right__97ef36b9__w000096_000143,Subject.4/Fall right,Subject.4__Fall_right__97ef36b9,1,96,143,23.0,48,1.0,0.7285353541374207,0.6928000450134277,0.9252857565879822,0.7272727272727273,0.7272727272727273,0.0,0.0,0,0.009818235412240028,0.024303933791816227,False
train,train\Subject.4__Fall_sitting__b6854d45__w000000_000047.npz,Subject.4__Fall_sitting__b6854d45__w000000_000047,Subject.4/Fall sitting,Subject.4__Fall_sitting__b6854d45,0,0,47,23.0,0,0.0,0.9116161465644836,0.671728253364563,0.7259295582771301,0.696969696969697,0.8181818181818182,0.0,0.0,0,0.06390254944562912,0.20141433551907528,False
train,train\Subject.4__Fall_sitting__b6854d45__w000012_000059.npz,Subject.4__Fall_sitting__b6854d45__w000012_000059,Subject.4/Fall sitting,Subject.4__Fall_sitting__b6854d45,0,12,59,23.0,0,0.0,0.8648989796638489,0.6320997476577759,0.7157783508300781,0.696969696969697,0.7181818181818183,0.0,0.0,0,0.053914278745651245,0.17851131707429882,False
train,train\Subject.4__Fall_sitting__b6854d45__w000024_000071.npz,Subject.4__Fall_sitting__b6854d45__w000024_000071,Subject.4/Fall sitting,Subject.4__Fall_sitting__b6854d45,1,24,71,23.0,11,0.2291666716337204,0.8232323527336121,0.6210066676139832,0.7362600564956665,0.696969696969697,0.7181818181818183,0.0,0.0,0,0.0497414767742157,0.1530481055378914,False
train,train\Subject.4__Fall_sitting__b6854d45__w000036_000083.npz,Subject.4__Fall_sitting__b6854d45__w000036_000083,Subject.4/Fall sitting,Subject.4__Fall_sitting__b6854d45,1,36,83,23.0,23,0.4791666567325592,0.7866161465644836,0.6266074776649475,0.7746248245239258,0.696969696969697,0.7181818181818183,0.0,0.0,0,0.050287045538425446,0.15871323123574235,False
train,train\Subject.4__Fall_sitting__b6854d45__w000048_000095.npz,Subject.4__Fall_sitting__b6854d45__w000048_000095,Subject.4/Fall sitting,Subject.4__Fall_sitting__b6854d45,1,48,95,23.0,35,0.7291666865348816,0.7651515007019043,0.6190824508666992,0.7871409058570862,0.6666666666666666,0.6666666666666666,0.0,0.0,0,0.05026589334011078,0.1530481055378914,False
train,train\Subject.4__Fall_sitting__b6854d45__w000060_000107.npz,Subject.4__Fall_sitting__b6854d45__w000060_000107,Subject.4/Fall sitting,Subject.4__Fall_sitting__b6854d45,1,60,107,23.0,47,0.9791666865348816,0.7222222089767456,0.5908724069595337,0.7946781516075134,0.6060606060606061,0.6060606060606061,0.0,0.0,0,0.037671614438295364,0.12478758320212342,False
train,train\Subject.4__Fall_sitting__b6854d45__w000072_000119.npz,Subject.4__Fall_sitting__b6854d45__w000072_000119,Subject.4/Fall sitting,Subject.4__Fall_sitting__b6854d45,1,72,119,23.0,48,1.0,0.6660353541374207,0.5471102595329285,0.7962591052055359,0.5454545454545454,0.596969696969697,0.0,0.0,0,0.02186582051217556,0.06426778435707088,False
train,train\Subject.4__Fall_sitting__b6854d45__w000084_000131.npz,Subject.4__Fall_sitting__b6854d45__w000084_000131,Subject.4/Fall sitting,Subject.4__Fall_sitting__b6854d45,1,84,131,23.0,48,1.0,0.5965909361839294,0.48644372820854187,0.7876679301261902,0.48484848484848486,0.48484848484848486,0.0,0.14583333333333334,0,0.012438724748790264,0.024430104251950958,False
train,train\Subject.4__Fall_sitting__b6854d45__w000096_000143.npz,Subject.4__Fall_sitting__b6854d45__w000096_000143,Subject.4/Fall sitting,Subject.4__Fall_sitting__b6854d45,1,96,143,23.0,48,1.0,0.5435606241226196,0.4470750391483307,0.7924473881721497,0.48484848484848486,0.48484848484848486,0.0,0.3958333333333333,0,0.008351827971637249,0.008704205276444549,False
train,train\Subject.4__Fall_sitting__b6854d45__w000108_000155.npz,Subject.4__Fall_sitting__b6854d45__w000108_000155,Subject.4/Fall sitting,Subject.4__Fall_sitting__b6854d45,1,108,155,23.0,48,1.0,0.5094696879386902,0.42823460698127747,0.8068141341209412,0.45454545454545453,0.47575757575757577,0.0,0.6458333333333334,0,0.006140404846519232,0.006098782387562086,False
train,train\Subject.4__Fall_sitting__b6854d45__w000120_000167.npz,Subject.4__Fall_sitting__b6854d45__w000120_000167,Subject.4/Fall sitting,Subject.4__Fall_sitting__b6854d45,1,120,167,23.0,48,1.0,0.47853535413742065,0.4142557680606842,0.8264797925949097,0.45454545454545453,0.45454545454545453,0.0,0.875,0,0.007892788387835026,0.007652870053425429,True
train,train\Subject.4__Fall_sitting__b6854d45__w000132_000179.npz,Subject.4__Fall_sitting__b6854d45__w000132_000179,Subject.4/Fall sitting,Subject.4__Fall_sitting__b6854d45,1,132,179,23.0,48,1.0,0.5056818127632141,0.42813217639923096,0.8137310743331909,0.45454545454545453,0.45454545454545453,0.0,0.7291666666666666,0,0.01146505493670702,0.016610327269881948,False
train,train\Subject.4__Fall_sitting__b6854d45__w000144_000191.npz,Subject.4__Fall_sitting__b6854d45__w000144_000191,Subject.4/Fall sitting,Subject.4__Fall_sitting__b6854d45,1,144,191,23.0,48,1.0,0.5587121248245239,0.47378048300743103,0.8184909820556641,0.45454545454545453,0.45454545454545453,0.0,0.4791666666666667,0,0.016898347064852715,0.0268970612436533,False
train,train\Subject.4__Hop__e54b29ba__w000000_000047.npz,Subject.4__Hop__e54b29ba__w000000_000047,Subject.4/Hop,Subject.4__Hop__e54b29ba,0,0,47,23.0,0,0.0,0.8093434572219849,0.7248106598854065,0.8948961496353149,0.0,0.0,0.1875,0.1875,9,0.026836784556508064,0.05234796553850171,True
train,train\Subject.4__Hop__e54b29ba__w000012_000059.npz,Subject.4__Hop__e54b29ba__w000012_000059,Subject.4/Hop,Subject.4__Hop__e54b29ba,0,12,59,23.0,0,0.0,1.0,0.9160612225532532,0.9160612225532532,1.0,1.0,0.0,0.0,0,0.01620003581047058,0.05078078489750621,False
train,train\Subject.4__Hop__e54b29ba__w000024_000071.npz,Subject.4__Hop__e54b29ba__w000024_000071,Subject.4/Hop,Subject.4__Hop__e54b29ba,0,24,71,23.0,0,0.0,1.0,0.931815505027771,0.931815505027771,1.0,1.0,0.0,0.0,0,0.0182941984385252,0.05572824142873283,False
train,train\Subject.4__Hop__e54b29ba__w000036_000083.npz,Subject.4__Hop__e54b29ba__w000036_000083,Subject.4/Hop,Subject.4__Hop__e54b29ba,0,36,83,23.0,0,0.0,1.0,0.9047983884811401,0.9047983884811401,1.0,1.0,0.0,0.0,0,0.01939818076789379,0.057947658933699096,False
train,train\Subject.4__Hop__e54b29ba__w000048_000095.npz,Subject.4__Hop__e54b29ba__w000048_000095,Subject.4/Hop,Subject.4__Hop__e54b29ba,0,48,95,23.0,0,0.0,0.9829545617103577,0.845058023929596,0.8572238087654114,0.8787878787878788,0.9393939393939394,0.0,0.0,0,0.023666370660066605,0.06234896108508109,False
train,train\Subject.4__Hop__e54b29ba__w000060_000107.npz,Subject.4__Hop__e54b29ba__w000060_000107,Subject.4/Hop,Subject.4__Hop__e54b29ba,0,60,107,23.0,0,0.0,0.9160353541374207,0.7642202377319336,0.822209358215332,0.696969696969697,0.7181818181818183,0.0,0.0,0,0.030765105038881302,0.06590583249926567,False
train,train\Subject.4__Hop__e54b29ba__w000072_000119.npz,Subject.4__Hop__e54b29ba__w000072_000119,Subject.4/Hop,Subject.4__Hop__e54b29ba,0,72,119,23.0,0,0.0,0.8541666865348816,0.6925761103630066,0.7902995944023132,0.696969696969697,0.696969696969697,0.0,0.0,0,0.0366276390850544,0.06805144883692263,False
train,train\Subject.4__Hop__e54b29ba__w000084_000131.npz,Subject.4__Hop__e54b29ba__w000084_000131,Subject.4/Hop,Subject.4__Hop__e54b29ba,0,84,131,23.0,0,0.0,0.8465909361839294,0.6721525192260742,0.7720987200737,0.696969696969697,0.696969696969697,0.0,0.0,0,0.03930474445223808,0.07051698602735997,False
train,train\Subject.4__Hop__e54b29ba__w000096_000143.npz,Subject.4__Hop__e54b29ba__w000096_000143,Subject.4/Hop,Subject.4__Hop__e54b29ba,0,96,143,23.0,0,0.0,0.8636363744735718,0.6966362595558167,0.7880417704582214,0.696969696969697,0.696969696969697,0.0,0.0,0,0.03756391629576683,0.0672067269682884,False
train,train\Subject.4__Kneel__d0f93053__w000000_000047.npz,Subject.4__Kneel__d0f93053__w000000_000047,Subject.4/Kneel,Subject.4__Kneel__d0f93053,0,0,47,23.0,0,0.0,0.7929292917251587,0.6229670643806458,0.7604039907455444,0.48484848484848486,0.48484848484848486,0.0,0.14583333333333334,0,0.0452447384595871,0.12442280948162059,False
train,train\Subject.4__Kneel__d0f93053__w000012_000059.npz,Subject.4__Kneel__d0f93053__w000012_000059,Subject.4/Kneel,Subject.4__Kneel__d0f93053,0,12,59,23.0,0,0.0,0.7051767706871033,0.5855837464332581,0.7917346954345703,0.48484848484848486,0.48484848484848486,0.0,0.16666666666666666,0,0.03327324613928795,0.09098898731172084,False
train,train\Subject.4__Kneel__d0f93053__w000024_000071.npz,Subject.4__Kneel__d0f93053__w000024_000071,Subject.4/Kneel,Subject.4__Kneel__d0f93053,0,24,71,23.0,0,0.0,0.631313145160675,0.5469464063644409,0.8143845796585083,0.48484848484848486,0.48484848484848486,0.0,0.16666666666666666,0,0.029202956706285477,0.06159220766276121,False
train,train\Subject.4__Kneel__d0f93053__w000036_000083.npz,Subject.4__Kneel__d0f93053__w000036_000083,Subject.4/Kneel,Subject.4__Kneel__d0f93053,0,36,83,23.0,0,0.0,0.6111111044883728,0.5394121408462524,0.834966778755188,0.48484848484848486,0.48484848484848486,0.0,0.16666666666666666,0,0.0260753370821476,0.06646807231009004,False
train,train\Subject.4__Kneel__d0f93053__w000048_000095.npz,Subject.4__Kneel__d0f93053__w000048_000095,Subject.4/Kneel,Subject.4__Kneel__d0f93053,0,48,95,23.0,0,0.0,0.6363636255264282,0.5427494049072266,0.8165636658668518,0.48484848484848486,0.5666666666666667,0.0,0.020833333333333332,0,0.024087583646178246,0.06780006662011145,False
train,train\Subject.4__Kneel__d0f93053__w000060_000107.npz,Subject.4__Kneel__d0f93053__w000060_000107,Subject.4/Kneel,Subject.4__Kneel__d0f93053,0,60,107,23.0,0,0.0,0.6104797720909119,0.5327377915382385,0.8403980135917664,0.48484848484848486,0.5363636363636364,0.0,0.020833333333333332,0,0.01826050877571106,0.06364020556211471,False
train,train\Subject.4__Kneel__d0f93053__w000072_000119.npz,Subject.4__Kneel__d0f93053__w000072_000119,Subject.4/Kneel,Subject.4__Kneel__d0f93053,0,72,119,23.0,0,0.0,0.5593434572219849,0.5146063566207886,0.8875586986541748,0.48484848484848486,0.48484848484848486,0.0,0.2708333333333333,0,0.013134550303220749,0.05589345730841158,False
train,train\Subject.4__Kneel__d0f93053__w000084_000131.npz,Subject.4__Kneel__d0f93053__w000084_000131,Subject.4/Kneel,Subject.4__Kneel__d0f93053,0,84,131,23.0,0,0.0,0.5321969985961914,0.5027644634246826,0.9125366806983948,0.48484848484848486,0.48484848484848486,0.0,0.4583333333333333,0,0.01618553325533867,0.06424687467515466,False
train,train\Subject.4__Kneel__d0f93053__w000096_000143.npz,Subject.4__Kneel__d0f93053__w000096_000143,Subject.4/Kneel,Subject.4__Kneel__d0f93053,0,96,143,23.0,0,0.0,0.5719696879386902,0.5282613039016724,0.8967521786689758,0.48484848484848486,0.48484848484848486,0.0,0.4583333333333333,0,0.019256634637713432,0.07044196315109727,False
train,train\Subject.4__Kneel__d0f93053__w000108_000155.npz,Subject.4__Kneel__d0f93053__w000108_000155,Subject.4/Kneel,Subject.4__Kneel__d0f93053,0,108,155,23.0,0,0.0,0.6306818127632141,0.5828760862350464,0.9023725390434265,0.48484848484848486,0.48484848484848486,0.0,0.4375,0,0.021471822634339333,0.07010983303189276,False
train,train\Subject.4__Kneel__d0f93053__w000120_000167.npz,Subject.4__Kneel__d0f93053__w000120_000167,Subject.4/Kneel,Subject.4__Kneel__d0f93053,0,120,167,23.0,0,0.0,0.7114899158477783,0.6508402228355408,0.900396466255188,0.48484848484848486,0.48484848484848486,0.0,0.1875,0,0.021583212539553642,0.06789277791976928,False
train,train\Subject.4__Kneel__d0f93053__w000132_000179.npz,Subject.4__Kneel__d0f93053__w000132_000179,Subject.4/Kneel,Subject.4__Kneel__d0f93053,0,132,179,23.0,0,0.0,0.7910353541374207,0.7238006591796875,0.9076266884803772,0.7575757575757576,0.7575757575757576,0.0,0.0,0,0.017759030684828758,0.0508637718856334,False
train,train\Subject.4__Kneel__d0f93053__w000144_000191.npz,Subject.4__Kneel__d0f93053__w000144_000191,Subject.4/Kneel,Subject.4__Kneel__d0f93053,0,144,191,23.0,0,0.0,0.806186854839325,0.7553815841674805,0.9287399053573608,0.7575757575757576,0.7878787878787878,0.0,0.0,0,0.01745734177529812,0.048274540714919566,False
train,train\Subject.4__Kneel__d0f93053__w000156_000203.npz,Subject.4__Kneel__d0f93053__w000156_000203,Subject.4/Kneel,Subject.4__Kneel__d0f93053,0,156,203,23.0,0,0.0,0.8156565427780151,0.7616543769836426,0.9238458871841431,0.7878787878787878,0.8181818181818182,0.0,0.0,0,0.021861659362912178,0.06149226166307921,False
train,train\Subject.4__Kneel__d0f93053__w000168_000215.npz,Subject.4__Kneel__d0f93053__w000168_000215,Subject.4/Kneel,Subject.4__Kneel__d0f93053,0,168,215,23.0,0,0.0,0.8301767706871033,0.7699519991874695,0.9154751896858215,0.8181818181818182,0.8181818181818182,0.0,0.0,0,0.03280418738722801,0.07792665958404531,False
train,train\Subject.4__Pick_up_object__f2d2a6cd__w000000_000047.npz,Subject.4__Pick_up_object__f2d2a6cd__w000000_000047,Subject.4/Pick up object,Subject.4__Pick_up_object__f2d2a6cd,0,0,47,23.0,0,0.0,0.9898989796638489,0.7654265761375427,0.7713687419891357,0.9393939393939394,0.9606060606060607,0.0,0.0,0,0.021138329058885574,0.06497359313070772,False
train,train\Subject.4__Pick_up_object__f2d2a6cd__w000012_000059.npz,Subject.4__Pick_up_object__f2d2a6cd__w000012_000059,Subject.4/Pick up object,Subject.4__Pick_up_object__f2d2a6cd,0,12,59,23.0,0,0.0,0.9898989796638489,0.8102793097496033,0.8166791200637817,0.9393939393939394,0.9606060606060607,0.0,0.0,0,0.018318884074687958,0.04840254783630371,False
train,train\Subject.4__Pick_up_object__f2d2a6cd__w000024_000071.npz,Subject.4__Pick_up_object__f2d2a6cd__w000024_000071,Subject.4/Pick up object,Subject.4__Pick_up_object__f2d2a6cd,0,24,71,23.0,0,0.0,0.9987373948097229,0.8377253413200378,0.8385375738143921,0.9696969696969697,1.0,0.0,0.0,0,0.018559277057647705,0.0457964465022087,False
train,train\Subject.4__Pick_up_object__f2d2a6cd__w000036_000083.npz,Subject.4__Pick_up_object__f2d2a6cd__w000036_000083,Subject.4/Pick up object,Subject.4__Pick_up_object__f2d2a6cd,0,36,83,23.0,0,0.0,0.9709596037864685,0.8162339329719543,0.8364251255989075,0.8484848484848485,0.8484848484848485,0.0,0.0,0,0.02751995623111725,0.08322010487318035,False
train,train\Subject.4__Pick_up_object__f2d2a6cd__w000048_000095.npz,Subject.4__Pick_up_object__f2d2a6cd__w000048_000095,Subject.4/Pick up object,Subject.4__Pick_up_object__f2d2a6cd,0,48,95,23.0,0,0.0,0.933080792427063,0.7762200236320496,0.824113130569458,0.8484848484848485,0.8484848484848485,0.0,0.0,0,0.035527102649211884,0.10894298329949378,False
train,train\Subject.4__Pick_up_object__f2d2a6cd__w000060_000107.npz,Subject.4__Pick_up_object__f2d2a6cd__w000060_000107,Subject.4/Pick up object,Subject.4__Pick_up_object__f2d2a6cd,0,60,107,23.0,0,0.0,0.8914141654968262,0.7260682582855225,0.8040456771850586,0.8181818181818182,0.8181818181818182,0.0,0.0,0,0.03450546786189079,0.11150081381201743,False
train,train\Subject.4__Pick_up_object__f2d2a6cd__w000072_000119.npz,Subject.4__Pick_up_object__f2d2a6cd__w000072_000119,Subject.4/Pick up object,Subject.4__Pick_up_object__f2d2a6cd,0,72,119,23.0,0,0.0,0.8585858345031738,0.7052077651023865,0.8078217506408691,0.8181818181818182,0.8181818181818182,0.0,0.0,0,0.03359634801745415,0.1155729241669177,False
train,train\Subject.4__Pick_up_object__f2d2a6cd__w000084_000131.npz,Subject.4__Pick_up_object__f2d2a6cd__w000084_000131,Subject.4/Pick up object,Subject.4__Pick_up_object__f2d2a6cd,0,84,131,23.0,0,0.0,0.8876262903213501,0.7210683226585388,0.8038786053657532,0.8181818181818182,0.8181818181818182,0.0,0.0,0,0.0245243851095438,0.0882872592657804,False
train,train\Subject.4__Pick_up_object__f2d2a6cd__w000096_000143.npz,Subject.4__Pick_up_object__f2d2a6cd__w000096_000143,Subject.4/Pick up object,Subject.4__Pick_up_object__f2d2a6cd,0,96,143,23.0,0,0.0,0.9255050420761108,0.7513176798820496,0.8070729374885559,0.8181818181818182,0.8181818181818182,0.0,0.0,0,0.016378019005060196,0.040549119375646106,False
train,train\Subject.4__Pick_up_object__f2d2a6cd__w000108_000155.npz,Subject.4__Pick_up_object__f2d2a6cd__w000108_000155,Subject.4/Pick up object,Subject.4__Pick_up_object__f2d2a6cd,0,108,155,23.0,0,0.0,0.9665403962135315,0.7633078694343567,0.7872387170791626,0.8181818181818182,0.8484848484848485,0.0,0.0,0,0.015226084738969803,0.03623516466468571,False
train,train\Subject.4__Pick_up_object__f2d2a6cd__w000120_000167.npz,Subject.4__Pick_up_object__f2d2a6cd__w000120_000167,Subject.4/Pick up object,Subject.4__Pick_up_object__f2d2a6cd,0,120,167,23.0,0,0.0,0.9665403962135315,0.7576664090156555,0.7793140411376953,0.8484848484848485,0.8484848484848485,0.0,0.0,0,0.014866220764815807,0.03669528681784868,False
train,train\Subject.4__Pick_up_object__f2d2a6cd__w000132_000179.npz,Subject.4__Pick_up_object__f2d2a6cd__w000132_000179,Subject.4/Pick up object,Subject.4__Pick_up_object__f2d2a6cd,0,132,179,23.0,0,0.0,0.9141414165496826,0.7234044075012207,0.7822381854057312,0.7272727272727273,0.7878787878787878,0.0,0.0,0,0.014380941167473793,0.03669528681784868,False
train,train\Subject.4__Sit_down__cf1012cc__w000000_000047.npz,Subject.4__Sit_down__cf1012cc__w000000_000047,Subject.4/Sit down,Subject.4__Sit_down__cf1012cc,0,0,47,23.0,0,0.0,0.9305555820465088,0.7273827791213989,0.7710732817649841,0.7575757575757576,0.7878787878787878,0.0,0.0,0,0.04615943506360054,0.09236035719513891,False
train,train\Subject.4__Sit_down__cf1012cc__w000012_000059.npz,Subject.4__Sit_down__cf1012cc__w000012_000059,Subject.4/Sit down,Subject.4__Sit_down__cf1012cc,0,12,59,23.0,0,0.0,0.876893937587738,0.6905127763748169,0.7703955173492432,0.6666666666666666,0.7575757575757576,0.0,0.0,0,0.0428505577147007,0.09822108671069145,False
train,train\Subject.4__Sit_down__cf1012cc__w000024_000071.npz,Subject.4__Sit_down__cf1012cc__w000024_000071,Subject.4/Sit down,Subject.4__Sit_down__cf1012cc,0,24,71,23.0,0,0.0,0.8068181872367859,0.6396661400794983,0.7674623727798462,0.6666666666666666,0.6666666666666666,0.0,0.0,0,0.038729507476091385,0.08371324576437472,False
train,train\Subject.4__Sit_down__cf1012cc__w000036_000083.npz,Subject.4__Sit_down__cf1012cc__w000036_000083,Subject.4/Sit down,Subject.4__Sit_down__cf1012cc,0,36,83,23.0,0,0.0,0.7758838534355164,0.6263896226882935,0.7803319692611694,0.6666666666666666,0.6666666666666666,0.0,0.0,0,0.03496452420949936,0.07560048103332513,False
train,train\Subject.4__Sit_down__cf1012cc__w000048_000095.npz,Subject.4__Sit_down__cf1012cc__w000048_000095,Subject.4/Sit down,Subject.4__Sit_down__cf1012cc,0,48,95,23.0,0,0.0,0.7752525210380554,0.6277634501457214,0.7853305339813232,0.6666666666666666,0.6666666666666666,0.0,0.0,0,0.04211161658167839,0.11964023895561694,False
train,train\Subject.4__Sit_down__cf1012cc__w000060_000107.npz,Subject.4__Sit_down__cf1012cc__w000060_000107,Subject.4/Sit down,Subject.4__Sit_down__cf1012cc,0,60,107,23.0,0,0.0,0.810606062412262,0.6288978457450867,0.7563625574111938,0.6666666666666666,0.6666666666666666,0.0,0.0,0,0.06384839117527008,0.295274274051189,False
train,train\Subject.4__Sit_down__cf1012cc__w000072_000119.npz,Subject.4__Sit_down__cf1012cc__w000072_000119,Subject.4/Sit down,Subject.4__Sit_down__cf1012cc,0,72,119,23.0,0,0.0,0.8345959782600403,0.6222507953643799,0.726931095123291,0.7272727272727273,0.7787878787878788,0.0,0.0,0,0.07554396986961365,0.3035264551639556,False
train,train\Subject.4__Sit_down__cf1012cc__w000084_000131.npz,Subject.4__Sit_down__cf1012cc__w000084_000131,Subject.4/Sit down,Subject.4__Sit_down__cf1012cc,0,84,131,23.0,0,0.0,0.8623737096786499,0.6377032399177551,0.7226449251174927,0.7272727272727273,0.8090909090909091,0.0,0.0,0,0.07242634147405624,0.30682053714990604,False
train,train\Subject.4__Sit_down__cf1012cc__w000096_000143.npz,Subject.4__Sit_down__cf1012cc__w000096_000143,Subject.4/Sit down,Subject.4__Sit_down__cf1012cc,0,96,143,23.0,0,0.0,0.9002525210380554,0.6798339486122131,0.7424824833869934,0.7272727272727273,0.8090909090909091,0.0,0.0,0,0.056850068271160126,0.25322521775960916,False
train,train\Subject.4__Sit_down__cf1012cc__w000108_000155.npz,Subject.4__Sit_down__cf1012cc__w000108_000155,Subject.4/Sit down,Subject.4__Sit_down__cf1012cc,0,108,155,23.0,0,0.0,0.9141414165496826,0.7224549651145935,0.7796856760978699,0.7272727272727273,0.8090909090909091,0.0,0.0,0,0.030758174136281013,0.1457263283431525,False
train,train\Subject.4__Sit_down__cf1012cc__w000120_000167.npz,Subject.4__Sit_down__cf1012cc__w000120_000167,Subject.4/Sit down,Subject.4__Sit_down__cf1012cc,0,120,167,23.0,0,0.0,0.9229797720909119,0.7531590461730957,0.8068273067474365,0.8181818181818182,0.8484848484848485,0.0,0.0,0,0.011771914549171925,0.04034660831093788,False
train,train\Subject.4__Sit_down__cf1012cc__w000132_000179.npz,Subject.4__Sit_down__cf1012cc__w000132_000179,Subject.4/Sit down,Subject.4__Sit_down__cf1012cc,0,132,179,23.0,0,0.0,0.8869949579238892,0.7308912873268127,0.8108762502670288,0.7575757575757576,0.7575757575757576,0.0,0.0,0,0.00858854316174984,0.03146231751888989,False
train,train\Subject.4__Sit_down__cf1012cc__w000144_000191.npz,Subject.4__Sit_down__cf1012cc__w000144_000191,Subject.4/Sit down,Subject.4__Sit_down__cf1012cc,0,144,191,23.0,0,0.0,0.8478535413742065,0.6942862868309021,0.800454318523407,0.7575757575757576,0.7575757575757576,0.0,0.0,0,0.008519678376615047,0.020731389056891186,False
train,train\Subject.4__Walk__287ceee3__w000000_000047.npz,Subject.4__Walk__287ceee3__w000000_000047,Subject.4/Walk,Subject.4__Walk__287ceee3,0,0,47,23.0,0,0.0,0.7916666865348816,0.5787720680236816,0.7310805320739746,0.0,0.0,0.20833333333333334,0.20833333333333334,10,0.07357455044984818,0.3866727337241158,True
train,train\Subject.4__Walk__287ceee3__w000012_000059.npz,Subject.4__Walk__287ceee3__w000012_000059,Subject.4/Walk,Subject.4__Walk__287ceee3,0,12,59,23.0,0,0.0,0.8541666865348816,0.7209515571594238,0.8440409898757935,0.0,0.0,0.14583333333333334,0.14583333333333334,7,0.031249875202775,0.04840148612856863,True
train,train\Subject.4__Walk__287ceee3__w000024_000071.npz,Subject.4__Walk__287ceee3__w000024_000071,Subject.4/Walk,Subject.4__Walk__287ceee3,0,24,71,23.0,0,0.0,1.0,0.8502103090286255,0.8502103090286255,1.0,1.0,0.0,0.0,0,0.020498018711805344,0.0487109562382102,False
train,train\Subject.4__Walk__287ceee3__w000036_000083.npz,Subject.4__Walk__287ceee3__w000036_000083,Subject.4/Walk,Subject.4__Walk__287ceee3,0,36,83,23.0,0,0.0,0.9842171669006348,0.8271057605743408,0.8377373218536377,0.8181818181818182,0.9606060606060607,0.0,0.0,0,0.025964900851249695,0.05680026914924382,False
train,train\Subject.4__Walk__287ceee3__w000048_000095.npz,Subject.4__Walk__287ceee3__w000048_000095,Subject.4/Walk,Subject.4__Walk__287ceee3,0,48,95,23.0,0,0.0,0.9425504803657532,0.7976546883583069,0.8391975164413452,0.8181818181818182,0.8181818181818182,0.0,0.0,0,0.025652369484305382,0.05680026914924382,False
train,train\Subject.4__Walk__287ceee3__w000060_000107.npz,Subject.4__Walk__287ceee3__w000060_000107,Subject.4/Walk,Subject.4__Walk__287ceee3,0,60,107,23.0,0,0.0,0.9217171669006348,0.7574834227561951,0.8113996386528015,0.8181818181818182,0.8181818181818182,0.0,0.0,0,0.025372086092829704,0.05850313547998666,False
train,train\Subject.4__Walk__287ceee3__w000072_000119.npz,Subject.4__Walk__287ceee3__w000072_000119,Subject.4/Walk,Subject.4__Walk__287ceee3,0,72,119,23.0,0,0.0,0.9191918969154358,0.7535528540611267,0.8088564872741699,0.8181818181818182,0.8181818181818182,0.0,0.0,0,0.0256394911557436,0.05680026914924382,False
train,train\Subject.4__Walk__287ceee3__w000084_000131.npz,Subject.4__Walk__287ceee3__w000084_000131,Subject.4/Walk,Subject.4__Walk__287ceee3,0,84,131,23.0,0,0.0,0.934974730014801,0.7877362370491028,0.8345338106155396,0.8181818181818182,0.8181818181818182,0.0,0.0,0,0.022664999589323997,0.054595934040844375,False
train,train\Subject.4__Walk__287ceee3__w000096_000143.npz,Subject.4__Walk__287ceee3__w000096_000143,Subject.4/Walk,Subject.4__Walk__287ceee3,0,96,143,23.0,0,0.0,0.9665403962135315,0.7878726720809937,0.8098734617233276,0.8181818181818182,0.8696969696969697,0.0,0.0,0,0.026900941506028175,0.05850313547998666,False
train,train\Subject.4__Walk__287ceee3__w000108_000155.npz,Subject.4__Walk__287ceee3__w000108_000155,Subject.4/Walk,Subject.4__Walk__287ceee3,0,108,155,23.0,0,0.0,0.9494949579238892,0.7873374819755554,0.8233176469802856,0.8484848484848485,0.8484848484848485,0.0,0.0,0,0.028556939214468002,0.0657207738608121,False
train,train\Subject.4__Walk__287ceee3__w000120_000167.npz,Subject.4__Walk__287ceee3__w000120_000167,Subject.4/Walk,Subject.4__Walk__287ceee3,0,120,167,23.0,0,0.0,0.9166666865348816,0.7652444839477539,0.8268176913261414,0.8484848484848485,0.8484848484848485,0.0,0.0,0,0.026667160913348198,0.0637313734740018,False
train,train\Subject.4__Walk__287ceee3__w000132_000179.npz,Subject.4__Walk__287ceee3__w000132_000179,Subject.4/Walk,Subject.4__Walk__287ceee3,0,132,179,23.0,0,0.0,0.8939393758773804,0.7261970639228821,0.8013206720352173,0.8484848484848485,0.8484848484848485,0.0,0.0,0,0.025306744500994682,0.061014169827103615,False
train,train\Subject.4__Walk__287ceee3__w000144_000191.npz,Subject.4__Walk__287ceee3__w000144_000191,Subject.4/Walk,Subject.4__Walk__287ceee3,0,144,191,23.0,0,0.0,0.9040403962135315,0.7411977052688599,0.8108488321304321,0.8484848484848485,0.8484848484848485,0.0,0.0,0,0.021804844960570335,0.05754029732197523,False
train,train\Subject.4__Walk__287ceee3__w000156_000203.npz,Subject.4__Walk__287ceee3__w000156_000203,Subject.4/Walk,Subject.4__Walk__287ceee3,0,156,203,23.0,0,0.0,0.9337121248245239,0.7396103143692017,0.7855961918830872,0.8484848484848485,0.8484848484848485,0.0,0.0,0,0.023631170392036438,0.05720596667379138,False
train,train\Subject.4__Walk__287ceee3__w000168_000215.npz,Subject.4__Walk__287ceee3__w000168_000215,Subject.4/Walk,Subject.4__Walk__287ceee3,0,168,215,23.0,0,0.0,0.9476010203361511,0.7393555045127869,0.7731738686561584,0.8484848484848485,0.8787878787878788,0.0,0.0,0,0.02495693415403366,0.05730465203523635,False
train,train\Subject.4__Walk__287ceee3__w000180_000227.npz,Subject.4__Walk__287ceee3__w000180_000227,Subject.4/Walk,Subject.4__Walk__287ceee3,0,180,227,23.0,0,0.0,0.9703282713890076,0.7821779847145081,0.8018106818199158,0.8484848484848485,0.8787878787878788,0.0,0.0,0,0.0216512531042099,0.0526012301445007,False
train,train\Subject.4__Walk__287ceee3__w000192_000239.npz,Subject.4__Walk__287ceee3__w000192_000239,Subject.4/Walk,Subject.4__Walk__287ceee3,0,192,239,23.0,0,0.0,0.9703282713890076,0.8193802237510681,0.8401505351066589,0.8484848484848485,0.8787878787878788,0.0,0.0,0,0.017560742795467377,0.043344719707965794,False
train,train\Subject.5__Fall_backwards__3073d409__w000000_000047.npz,Subject.5__Fall_backwards__3073d409__w000000_000047,Subject.5/Fall backwards,Subject.5__Fall_backwards__3073d409,0,0,47,23.0,0,0.0,0.9324495196342468,0.7333495020866394,0.7787404656410217,0.0,0.8484848484848485,0.020833333333333332,0.020833333333333332,1,0.08531955629587173,0.21448564380407334,True
train,train\Subject.5__Fall_backwards__3073d409__w000012_000059.npz,Subject.5__Fall_backwards__3073d409__w000012_000059,Subject.5/Fall backwards,Subject.5__Fall_backwards__3073d409,1,12,59,23.0,12,0.25,0.9532828330993652,0.7579196691513062,0.7874959707260132,0.8181818181818182,0.8484848484848485,0.0,0.0,0,0.09567692130804062,0.20447201952338218,False
train,train\Subject.5__Fall_backwards__3073d409__w000024_000071.npz,Subject.5__Fall_backwards__3073d409__w000024_000071,Subject.5/Fall backwards,Subject.5__Fall_backwards__3073d409,1,24,71,23.0,24,0.5,0.9791666865348816,0.8177514672279358,0.8317571878433228,0.9090909090909091,0.9303030303030303,0.0,0.0,0,0.08569802343845367,0.20131234750151628,False
train,train\Subject.5__Fall_backwards__3073d409__w000036_000083.npz,Subject.5__Fall_backwards__3073d409__w000036_000083,Subject.5/Fall backwards,Subject.5__Fall_backwards__3073d409,1,36,83,23.0,36,0.75,0.9867424368858337,0.8928796648979187,0.9026489853858948,0.9090909090909091,0.9303030303030303,0.0,0.0,0,0.060515038669109344,0.15470397025346752,False
train,train\Subject.5__Fall_backwards__3073d409__w000048_000095.npz,Subject.5__Fall_backwards__3073d409__w000048_000095,Subject.5/Fall backwards,Subject.5__Fall_backwards__3073d409,1,48,95,23.0,48,1.0,1.0,0.9486504793167114,0.9486504793167114,1.0,1.0,0.0,0.0,0,0.0382976271212101,0.13396740257740014,False
train,train\Subject.5__Fall_backwards__3073d409__w000060_000107.npz,Subject.5__Fall_backwards__3073d409__w000060_000107,Subject.5/Fall backwards,Subject.5__Fall_backwards__3073d409,1,60,107,23.0,48,1.0,1.0,0.9768385291099548,0.9768385291099548,1.0,1.0,0.0,0.0,0,0.02073797397315502,0.0777693539857864,False
train,train\Subject.5__Fall_backwards__3073d409__w000072_000119.npz,Subject.5__Fall_backwards__3073d409__w000072_000119,Subject.5/Fall backwards,Subject.5__Fall_backwards__3073d409,1,72,119,23.0,48,1.0,1.0,0.9871042966842651,0.9871042966842651,1.0,1.0,0.0,0.0,0,0.0194486603140831,0.07664945982396598,False
train,train\Subject.5__Fall_backwards__3073d409__w000084_000131.npz,Subject.5__Fall_backwards__3073d409__w000084_000131,Subject.5/Fall backwards,Subject.5__Fall_backwards__3073d409,1,84,131,23.0,48,1.0,1.0,0.9897645711898804,0.9897645711898804,1.0,1.0,0.0,0.0,0,0.017188183963298798,0.06936858445405955,False
train,train\Subject.5__Fall_backwards__3073d409__w000096_000143.npz,Subject.5__Fall_backwards__3073d409__w000096_000143,Subject.5/Fall backwards,Subject.5__Fall_backwards__3073d409,1,96,143,23.0,48,1.0,1.0,0.9895766973495483,0.9895766973495483,1.0,1.0,0.0,0.0,0,0.017045537009835243,0.06936858445405955,False
train,train\Subject.5__Fall_backwards__3073d409__w000108_000155.npz,Subject.5__Fall_backwards__3073d409__w000108_000155,Subject.5/Fall backwards,Subject.5__Fall_backwards__3073d409,1,108,155,23.0,48,1.0,1.0,0.9883207678794861,0.9883207678794861,1.0,1.0,0.0,0.0,0,0.014346139505505562,0.0666697237640619,False
train,train\Subject.5__Fall_backwards__3073d409__w000120_000167.npz,Subject.5__Fall_backwards__3073d409__w000120_000167,Subject.5/Fall backwards,Subject.5__Fall_backwards__3073d409,1,120,167,23.0,48,1.0,1.0,0.9862250089645386,0.9862250089645386,1.0,1.0,0.0,0.0,0,0.009123568423092365,0.0329524230211973,False
train,train\Subject.5__Fall_backwards__3073d409__w000132_000179.npz,Subject.5__Fall_backwards__3073d409__w000132_000179,Subject.5/Fall backwards,Subject.5__Fall_backwards__3073d409,1,132,179,23.0,48,1.0,1.0,0.9835963249206543,0.9835963249206543,1.0,1.0,0.0,0.0,0,0.009380953386425972,0.034217022359371185,False
train,train\Subject.5__Fall_backwards__3073d409__w000144_000191.npz,Subject.5__Fall_backwards__3073d409__w000144_000191,Subject.5/Fall backwards,Subject.5__Fall_backwards__3073d409,1,144,191,23.0,48,1.0,1.0,0.9787926077842712,0.9787926077842712,1.0,1.0,0.0,0.0,0,0.013240543194115162,0.03890674691647291,False
train,train\Subject.5__Fall_backwards__3073d409__w000156_000203.npz,Subject.5__Fall_backwards__3073d409__w000156_000203,Subject.5/Fall backwards,Subject.5__Fall_backwards__3073d409,1,156,203,23.0,48,1.0,1.0,0.9736123085021973,0.9736123085021973,1.0,1.0,0.0,0.0,0,0.016315530985593796,0.040269181132316575,False
train,train\Subject.5__Fall_forward__e39609ac__w000000_000047.npz,Subject.5__Fall_forward__e39609ac__w000000_000047,Subject.5/Fall forward,Subject.5__Fall_forward__e39609ac,0,0,47,23.0,0,0.0,0.7045454382896423,0.4763283133506775,0.6751918196678162,0.0,0.0,0.2916666666666667,0.2916666666666667,14,0.10265807062387466,0.32939645051956173,True
train,train\Subject.5__Fall_forward__e39609ac__w000012_000059.npz,Subject.5__Fall_forward__e39609ac__w000012_000059,Subject.5/Fall forward,Subject.5__Fall_forward__e39609ac,1,12,59,23.0,2,0.0416666679084301,0.7222222089767456,0.4722185730934143,0.652206540107727,0.0,0.0,0.2708333333333333,0.2708333333333333,13,0.10802167654037476,0.3450130298733709,True
train,train\Subject.5__Fall_forward__e39609ac__w000024_000071.npz,Subject.5__Fall_forward__e39609ac__w000024_000071,Subject.5/Fall forward,Subject.5__Fall_forward__e39609ac,1,24,71,23.0,14,0.2916666567325592,0.7121211886405945,0.4711061716079712,0.6580809354782104,0.0,0.0,0.2708333333333333,0.2708333333333333,13,0.10988888889551163,0.36925514191389086,True
train,train\Subject.5__Fall_forward__e39609ac__w000036_000083.npz,Subject.5__Fall_forward__e39609ac__w000036_000083,Subject.5/Fall forward,Subject.5__Fall_forward__e39609ac,1,36,83,23.0,26,0.5416666865348816,0.9621211886405945,0.665005087852478,0.6886162757873535,0.0,0.9393939393939394,0.020833333333333332,0.020833333333333332,1,0.06792322546243668,0.25314924269914624,True
train,train\Subject.5__Fall_forward__e39609ac__w000048_000095.npz,Subject.5__Fall_forward__e39609ac__w000048_000095,Subject.5/Fall forward,Subject.5__Fall_forward__e39609ac,1,48,95,23.0,38,0.7916666865348816,0.9779040217399597,0.705531895160675,0.7180795073509216,0.9393939393939394,0.9393939393939394,0.0,0.0,0,0.048341065645217896,0.22053294181823724,False
train,train\Subject.5__Fall_forward__e39609ac__w000060_000107.npz,Subject.5__Fall_forward__e39609ac__w000060_000107,Subject.5/Fall forward,Subject.5__Fall_forward__e39609ac,1,60,107,23.0,48,1.0,0.9734848737716675,0.7625016570091248,0.7792373299598694,0.9393939393939394,0.9393939393939394,0.0,0.0,0,0.01828959584236145,0.055323810316622195,False
train,train\Subject.5__Fall_forward__e39609ac__w000072_000119.npz,Subject.5__Fall_forward__e39609ac__w000072_000119,Subject.5/Fall forward,Subject.5__Fall_forward__e39609ac,1,72,119,23.0,48,1.0,0.9791666865348816,0.7949981689453125,0.8084873557090759,0.9696969696969697,0.9696969696969697,0.0,0.0,0,0.007893574424088001,0.027191343344748004,False
train,train\Subject.5__Fall_forward__e39609ac__w000084_000131.npz,Subject.5__Fall_forward__e39609ac__w000084_000131,Subject.5/Fall forward,Subject.5__Fall_forward__e39609ac,1,84,131,23.0,48,1.0,0.9659090638160706,0.7905523180961609,0.8130760192871094,0.8787878787878788,0.9696969696969697,0.0,0.0,0,0.006749573163688183,0.014456515619531273,False
train,train\Subject.5__Fall_forward__e39609ac__w000096_000143.npz,Subject.5__Fall_forward__e39609ac__w000096_000143,Subject.5/Fall forward,Subject.5__Fall_forward__e39609ac,1,96,143,23.0,48,1.0,0.9381313323974609,0.7788627743721008,0.8206630945205688,0.8484848484848485,0.8484848484848485,0.0,0.0,0,0.00595290120691061,0.012700937129557128,False
train,train\Subject.5__Fall_forward__e39609ac__w000108_000155.npz,Subject.5__Fall_forward__e39609ac__w000108_000155,Subject.5/Fall forward,Subject.5__Fall_forward__e39609ac,1,108,155,23.0,48,1.0,0.9084596037864685,0.7624180912971497,0.8246808052062988,0.8484848484848485,0.8484848484848485,0.0,0.0,0,0.0071785468608140945,0.013653447618707995,False
train,train\Subject.5__Fall_forward__e39609ac__w000120_000167.npz,Subject.5__Fall_forward__e39609ac__w000120_000167,Subject.5/Fall forward,Subject.5__Fall_forward__e39609ac,1,120,167,23.0,48,1.0,0.8933081030845642,0.7465324997901917,0.8185502290725708,0.8484848484848485,0.8484848484848485,0.0,0.0,0,0.006060399580746889,0.010988827049732208,False
train,train\Subject.5__Fall_forward__e39609ac__w000132_000179.npz,Subject.5__Fall_forward__e39609ac__w000132_000179,Subject.5/Fall forward,Subject.5__Fall_forward__e39609ac,1,132,179,23.0,48,1.0,0.8958333134651184,0.7480288147926331,0.8181319236755371,0.8484848484848485,0.8484848484848485,0.0,0.0,0,0.005507263354957104,0.013634514622390266,False
train,train\Subject.5__Fall_forward__e39609ac__w000144_000191.npz,Subject.5__Fall_forward__e39609ac__w000144_000191,Subject.5/Fall forward,Subject.5__Fall_forward__e39609ac,1,144,191,23.0,48,1.0,0.9160353541374207,0.750065803527832,0.8053902983665466,0.8484848484848485,0.8484848484848485,0.0,0.0,0,0.007195094600319862,0.017559833917766807,False
train,train\Subject.5__Fall_left__b30e5062__w000000_000047.npz,Subject.5__Fall_left__b30e5062__w000000_000047,Subject.5/Fall left,Subject.5__Fall_left__b30e5062,0,0,47,23.0,0,0.0,0.9779040217399597,0.8596188426017761,0.8788014650344849,0.0,1.0,0.020833333333333332,0.020833333333333332,1,0.027812490239739418,0.06937086023390293,True
train,train\Subject.5__Fall_left__b30e5062__w000012_000059.npz,Subject.5__Fall_left__b30e5062__w000012_000059,Subject.5/Fall left,Subject.5__Fall_left__b30e5062,0,12,59,23.0,0,0.0,1.0,0.9014713168144226,0.9014713168144226,1.0,1.0,0.0,0.0,0,0.05044601485133171,0.3031831920146939,False
train,train\Subject.5__Fall_left__b30e5062__w000024_000071.npz,Subject.5__Fall_left__b30e5062__w000024_000071,Subject.5/Fall left,Subject.5__Fall_left__b30e5062,0,24,71,23.0,0,0.0,0.7916666865348816,0.7147745490074158,0.9028730988502502,0.0,0.0,0.20833333333333334,0.20833333333333334,10,0.17736700177192688,1.188569551706314,True
train,train\Subject.5__Fall_left__b30e5062__w000036_000083.npz,Subject.5__Fall_left__b30e5062__w000036_000083,Subject.5/Fall left,Subject.5__Fall_left__b30e5062,1,36,83,23.0,8,0.1666666716337204,0.7916666865348816,0.6662209033966064,0.8415422439575195,0.0,0.0,0.20833333333333334,0.20833333333333334,10,0.19752304255962372,1.188569551706314,True
train,train\Subject.5__Fall_left__b30e5062__w000048_000095.npz,Subject.5__Fall_left__b30e5062__w000048_000095,Subject.5/Fall left,Subject.5__Fall_left__b30e5062,1,48,95,23.0,20,0.4166666567325592,0.7916666865348816,0.642420768737793,0.811478853225708,0.0,0.0,0.20833333333333334,0.20833333333333334,10,0.19492289423942566,1.188569551706314,True
train,train\Subject.5__Fall_left__b30e5062__w000060_000107.npz,Subject.5__Fall_left__b30e5062__w000060_000107,Subject.5/Fall left,Subject.5__Fall_left__b30e5062,1,60,107,23.0,32,0.6666666865348816,0.7916666865348816,0.6467097401618958,0.8168964982032776,0.0,0.0,0.20833333333333334,0.20833333333333334,10,0.17429661750793457,1.188569551706314,True
train,train\Subject.5__Fall_left__b30e5062__w000072_000119.npz,Subject.5__Fall_left__b30e5062__w000072_000119,Subject.5/Fall left,Subject.5__Fall_left__b30e5062,1,72,119,23.0,44,0.9166666865348816,0.9987373948097229,0.8112785220146179,0.8120704889297485,0.9696969696969697,1.0,0.0,0.0,0,0.053020622581243515,0.19710668176412563,False
train,train\Subject.5__Fall_left__b30e5062__w000084_000131.npz,Subject.5__Fall_left__b30e5062__w000084_000131,Subject.5/Fall left,Subject.5__Fall_left__b30e5062,1,84,131,23.0,48,1.0,0.9911616444587708,0.8068098425865173,0.8127988576889038,0.9696969696969697,0.9696969696969697,0.0,0.0,0,0.032734520733356476,0.09753502123057842,False
train,train\Subject.5__Fall_left__b30e5062__w000096_000143.npz,Subject.5__Fall_left__b30e5062__w000096_000143,Subject.5/Fall left,Subject.5__Fall_left__b30e5062,1,96,143,23.0,48,1.0,0.9880050420761108,0.7907478213310242,0.7986963987350464,0.9696969696969697,0.9696969696969697,0.0,0.0,0,0.02893030270934105,0.07239761538803577,False
train,train\Subject.5__Fall_left__b30e5062__w000108_000155.npz,Subject.5__Fall_left__b30e5062__w000108_000155,Subject.5/Fall left,Subject.5__Fall_left__b30e5062,1,108,155,23.0,48,1.0,0.9880050420761108,0.7764710783958435,0.7842463850975037,0.9696969696969697,0.9696969696969697,0.0,0.0,0,0.022496551275253296,0.060990383103489844,False
train,train\Subject.5__Fall_left__b30e5062__w000120_000167.npz,Subject.5__Fall_left__b30e5062__w000120_000167,Subject.5/Fall left,Subject.5__Fall_left__b30e5062,1,120,167,23.0,48,1.0,0.9854797720909119,0.7875082492828369,0.7969814538955688,0.9696969696969697,0.9696969696969697,0.0,0.0,0,0.019095636904239655,0.040551789663732046,False
train,train\Subject.5__Fall_left__b30e5062__w000132_000179.npz,Subject.5__Fall_left__b30e5062__w000132_000179,Subject.5/Fall left,Subject.5__Fall_left__b30e5062,1,132,179,23.0,48,1.0,0.9917929172515869,0.8303464651107788,0.835824191570282,0.9696969696969697,0.9696969696969697,0.0,0.0,0,0.022949853911995888,0.05904105063527821,False
train,train\Subject.5__Fall_left__b30e5062__w000144_000191.npz,Subject.5__Fall_left__b30e5062__w000144_000191,Subject.5/Fall left,Subject.5__Fall_left__b30e5062,1,144,191,23.0,48,1.0,0.9949495196342468,0.8631426692008972,0.8665743470191956,0.9696969696969697,0.9696969696969697,0.0,0.0,0,0.019408250227570534,0.05259121153503656,False
train,train\Subject.5__Fall_left__b30e5062__w000156_000203.npz,Subject.5__Fall_left__b30e5062__w000156_000203,Subject.5/Fall left,Subject.5__Fall_left__b30e5062,1,156,203,23.0,48,1.0,0.9949495196342468,0.8804082274436951,0.8839275240898132,0.9696969696969697,0.9696969696969697,0.0,0.0,0,0.018839731812477112,0.05259121153503656,False
train,train\Subject.5__Fall_left__b30e5062__w000168_000215.npz,Subject.5__Fall_left__b30e5062__w000168_000215,Subject.5/Fall left,Subject.5__Fall_left__b30e5062,1,168,215,23.0,48,1.0,0.9987373948097229,0.9059955477714539,0.9068964719772339,0.9696969696969697,1.0,0.0,0.0,0,0.014120357111096382,0.0498767681419849,False
train,train\Subject.5__Fall_left__b30e5062__w000180_000227.npz,Subject.5__Fall_left__b30e5062__w000180_000227,Subject.5/Fall left,Subject.5__Fall_left__b30e5062,1,180,227,23.0,48,1.0,1.0,0.9230583906173706,0.9230583906173706,1.0,1.0,0.0,0.0,0,0.007324519567191601,0.029547922499477863,False
train,train\Subject.5__Fall_left__b30e5062__w000192_000239.npz,Subject.5__Fall_left__b30e5062__w000192_000239,Subject.5/Fall left,Subject.5__Fall_left__b30e5062,1,192,239,23.0,48,1.0,1.0,0.931794285774231,0.931794285774231,1.0,1.0,0.0,0.0,0,0.004225727170705795,0.0124060430098325,False
train,train\Subject.5__Fall_right__3f85fd5f__w000000_000047.npz,Subject.5__Fall_right__3f85fd5f__w000000_000047,Subject.5/Fall right,Subject.5__Fall_right__3f85fd5f,0,0,47,23.0,0,0.0,0.0625,0.05909055471420288,0.9454488158226013,0.0,0.0,0.9375,0.9375,45,0.030293593183159828,0.013521411921828982,True
train,train\Subject.5__Fall_right__3f85fd5f__w000012_000059.npz,Subject.5__Fall_right__3f85fd5f__w000012_000059,Subject.5/Fall right,Subject.5__Fall_right__3f85fd5f,0,12,59,23.0,0,0.0,0.3125,0.29318931698799133,0.9382057785987854,0.0,0.0,0.6875,0.6875,33,0.041639938950538635,0.09054969325661659,True
train,train\Subject.5__Fall_right__3f85fd5f__w000024_000071.npz,Subject.5__Fall_right__3f85fd5f__w000024_000071,Subject.5/Fall right,Subject.5__Fall_right__3f85fd5f,0,24,71,23.0,0,0.0,0.5625,0.49736079573631287,0.8841969966888428,0.0,0.0,0.4375,0.4375,21,0.07913894951343536,0.2757666707038878,True
train,train\Subject.5__Fall_right__3f85fd5f__w000036_000083.npz,Subject.5__Fall_right__3f85fd5f__w000036_000083,Subject.5/Fall right,Subject.5__Fall_right__3f85fd5f,1,36,83,23.0,9,0.1875,0.7948232293128967,0.672947883605957,0.8432723879814148,0.0,0.0,0.1875,0.1875,9,0.09690336883068085,0.27909954041242585,True
train,train\Subject.5__Fall_right__3f85fd5f__w000048_000095.npz,Subject.5__Fall_right__3f85fd5f__w000048_000095,Subject.5/Fall right,Subject.5__Fall_right__3f85fd5f,1,48,95,23.0,21,0.4375,0.9703282713890076,0.7985144853591919,0.8181801438331604,0.8787878787878788,0.8787878787878788,0.0,0.0,0,0.08204860240221024,0.25676825046539303,False
train,train\Subject.5__Fall_right__3f85fd5f__w000060_000107.npz,Subject.5__Fall_right__3f85fd5f__w000060_000107,Subject.5/Fall right,Subject.5__Fall_right__3f85fd5f,1,60,107,23.0,33,0.6875,0.9703282713890076,0.781648576259613,0.8007984161376953,0.8787878787878788,0.8787878787878788,0.0,0.0,0,0.07466863095760345,0.2526162788271903,False
train,train\Subject.5__Fall_right__3f85fd5f__w000072_000119.npz,Subject.5__Fall_right__3f85fd5f__w000072_000119,Subject.5/Fall right,Subject.5__Fall_right__3f85fd5f,1,72,119,23.0,45,0.9375,0.9703282713890076,0.8002088069915771,0.8199262619018555,0.8787878787878788,0.8787878787878788,0.0,0.0,0,0.04146772623062134,0.1187948953360319,False
train,train\Subject.5__Fall_right__3f85fd5f__w000084_000131.npz,Subject.5__Fall_right__3f85fd5f__w000084_000131,Subject.5/Fall right,Subject.5__Fall_right__3f85fd5f,1,84,131,23.0,48,1.0,0.9880050420761108,0.8484379649162292,0.8567994236946106,0.8787878787878788,0.9727272727272728,0.0,0.0,0,0.025557344779372215,0.09056885577738281,False
train,train\Subject.5__Fall_right__3f85fd5f__w000096_000143.npz,Subject.5__Fall_right__3f85fd5f__w000096_000143,Subject.5/Fall right,Subject.5__Fall_right__3f85fd5f,1,96,143,23.0,48,1.0,1.0,0.8847901225090027,0.8847901225090027,1.0,1.0,0.0,0.0,0,0.010880672372877598,0.03458264060318468,False
train,train\Subject.5__Fall_right__3f85fd5f__w000108_000155.npz,Subject.5__Fall_right__3f85fd5f__w000108_000155,Subject.5/Fall right,Subject.5__Fall_right__3f85fd5f,1,108,155,23.0,48,1.0,1.0,0.891089677810669,0.891089677810669,1.0,1.0,0.0,0.0,0,0.010406618006527424,0.040890194848179816,False
train,train\Subject.5__Fall_right__3f85fd5f__w000120_000167.npz,Subject.5__Fall_right__3f85fd5f__w000120_000167,Subject.5/Fall right,Subject.5__Fall_right__3f85fd5f,1,120,167,23.0,48,1.0,1.0,0.8951420783996582,0.8951420783996582,1.0,1.0,0.0,0.0,0,0.013972698710858822,0.05057181455194948,False
train,train\Subject.5__Fall_right__3f85fd5f__w000132_000179.npz,Subject.5__Fall_right__3f85fd5f__w000132_000179,Subject.5/Fall right,Subject.5__Fall_right__3f85fd5f,1,132,179,23.0,48,1.0,1.0,0.901448667049408,0.901448667049408,1.0,1.0,0.0,0.0,0,0.015483945608139038,0.05148119758814573,False
train,train\Subject.5__Fall_right__3f85fd5f__w000144_000191.npz,Subject.5__Fall_right__3f85fd5f__w000144_000191,Subject.5/Fall right,Subject.5__Fall_right__3f85fd5f,1,144,191,23.0,48,1.0,1.0,0.909016489982605,0.909016489982605,1.0,1.0,0.0,0.0,0,0.018822720274329185,0.054570137150585646,False
train,train\Subject.5__Fall_right__3f85fd5f__w000156_000203.npz,Subject.5__Fall_right__3f85fd5f__w000156_000203,Subject.5/Fall right,Subject.5__Fall_right__3f85fd5f,1,156,203,23.0,48,1.0,1.0,0.9142729640007019,0.9142729640007019,1.0,1.0,0.0,0.0,0,0.015327352099120617,0.04914146177470684,False
train,train\Subject.5__Fall_right__3f85fd5f__w000168_000215.npz,Subject.5__Fall_right__3f85fd5f__w000168_000215,Subject.5/Fall right,Subject.5__Fall_right__3f85fd5f,1,168,215,23.0,48,1.0,1.0,0.9251550436019897,0.9251550436019897,1.0,1.0,0.0,0.0,0,0.011080840602517128,0.040600915253162326,False
train,train\Subject.5__Fall_sitting__7a72c4b7__w000000_000047.npz,Subject.5__Fall_sitting__7a72c4b7__w000000_000047,Subject.5/Fall sitting,Subject.5__Fall_sitting__7a72c4b7,0,0,47,23.0,0,0.0,0.9280303120613098,0.6856828331947327,0.7314611077308655,0.0,0.7878787878787878,0.020833333333333332,0.020833333333333332,1,0.052517253905534744,0.16587193906307213,True
train,train\Subject.5__Fall_sitting__7a72c4b7__w000012_000059.npz,Subject.5__Fall_sitting__7a72c4b7__w000012_000059,Subject.5/Fall sitting,Subject.5__Fall_sitting__7a72c4b7,0,12,59,23.0,0,0.0,0.9488636255264282,0.7413272261619568,0.7740443348884583,0.7878787878787878,0.8090909090909091,0.0,0.0,0,0.055716678500175476,0.15502206236124028,False
train,train\Subject.5__Fall_sitting__7a72c4b7__w000024_000071.npz,Subject.5__Fall_sitting__7a72c4b7__w000024_000071,Subject.5/Fall sitting,Subject.5__Fall_sitting__7a72c4b7,1,24,71,23.0,3,0.0625,0.9791666865348816,0.8042804598808289,0.8189271688461304,0.7878787878787878,0.9333333333333333,0.0,0.0,0,0.06341128796339035,0.15872274711728085,False
train,train\Subject.5__Fall_sitting__7a72c4b7__w000036_000083.npz,Subject.5__Fall_sitting__7a72c4b7__w000036_000083,Subject.5/Fall sitting,Subject.5__Fall_sitting__7a72c4b7,1,36,83,23.0,15,0.3125,1.0,0.8291188478469849,0.8291188478469849,1.0,1.0,0.0,0.0,0,0.071860671043396,0.17628659084439272,False
train,train\Subject.5__Fall_sitting__7a72c4b7__w000048_000095.npz,Subject.5__Fall_sitting__7a72c4b7__w000048_000095,Subject.5/Fall sitting,Subject.5__Fall_sitting__7a72c4b7,1,48,95,23.0,27,0.5625,1.0,0.8363565802574158,0.8363565802574158,1.0,1.0,0.0,0.0,0,0.06456179916858673,0.17746283262968057,False
train,train\Subject.5__Fall_sitting__7a72c4b7__w000060_000107.npz,Subject.5__Fall_sitting__7a72c4b7__w000060_000107,Subject.5/Fall sitting,Subject.5__Fall_sitting__7a72c4b7,1,60,107,23.0,39,0.8125,1.0,0.8451074957847595,0.8451074957847595,1.0,1.0,0.0,0.0,0,0.044342391192913055,0.1660208605229854,False
train,train\Subject.5__Fall_sitting__7a72c4b7__w000072_000119.npz,Subject.5__Fall_sitting__7a72c4b7__w000072_000119,Subject.5/Fall sitting,Subject.5__Fall_sitting__7a72c4b7,1,72,119,23.0,48,1.0,1.0,0.8619721531867981,0.8619721531867981,1.0,1.0,0.0,0.0,0,0.024185767397284508,0.1234816089272498,False
train,train\Subject.5__Fall_sitting__7a72c4b7__w000084_000131.npz,Subject.5__Fall_sitting__7a72c4b7__w000084_000131,Subject.5/Fall sitting,Subject.5__Fall_sitting__7a72c4b7,1,84,131,23.0,48,1.0,1.0,0.9070019721984863,0.9070019721984863,1.0,1.0,0.0,0.0,0,0.006924048997461796,0.019661087356507734,False
train,train\Subject.5__Fall_sitting__7a72c4b7__w000096_000143.npz,Subject.5__Fall_sitting__7a72c4b7__w000096_000143,Subject.5/Fall sitting,Subject.5__Fall_sitting__7a72c4b7,1,96,143,23.0,48,1.0,1.0,0.9234358072280884,0.9234358072280884,1.0,1.0,0.0,0.0,0,0.005208838265389204,0.013870856957510114,False
train,train\Subject.5__Fall_sitting__7a72c4b7__w000108_000155.npz,Subject.5__Fall_sitting__7a72c4b7__w000108_000155,Subject.5/Fall sitting,Subject.5__Fall_sitting__7a72c4b7,1,108,155,23.0,48,1.0,1.0,0.9268961548805237,0.9268961548805237,1.0,1.0,0.0,0.0,0,0.004675030242651701,0.012952589988708492,False
train,train\Subject.5__Fall_sitting__7a72c4b7__w000120_000167.npz,Subject.5__Fall_sitting__7a72c4b7__w000120_000167,Subject.5/Fall sitting,Subject.5__Fall_sitting__7a72c4b7,1,120,167,23.0,48,1.0,1.0,0.9297187924385071,0.9297187924385071,1.0,1.0,0.0,0.0,0,0.005937506444752216,0.015046092588454484,False
train,train\Subject.5__Fall_sitting__7a72c4b7__w000132_000179.npz,Subject.5__Fall_sitting__7a72c4b7__w000132_000179,Subject.5/Fall sitting,Subject.5__Fall_sitting__7a72c4b7,1,132,179,23.0,48,1.0,1.0,0.9339281916618347,0.9339281916618347,1.0,1.0,0.0,0.0,0,0.016048042103648186,0.05786968879401682,False
train,train\Subject.5__Fall_sitting__7a72c4b7__w000144_000191.npz,Subject.5__Fall_sitting__7a72c4b7__w000144_000191,Subject.5/Fall sitting,Subject.5__Fall_sitting__7a72c4b7,1,144,191,23.0,48,1.0,1.0,0.9350762963294983,0.9350762963294983,1.0,1.0,0.0,0.0,0,0.02233857847750187,0.07876331098377705,False
train,train\Subject.5__Fall_sitting__7a72c4b7__w000156_000203.npz,Subject.5__Fall_sitting__7a72c4b7__w000156_000203,Subject.5/Fall sitting,Subject.5__Fall_sitting__7a72c4b7,1,156,203,23.0,48,1.0,1.0,0.9365483522415161,0.9365483522415161,1.0,1.0,0.0,0.0,0,0.02312333695590496,0.07876331098377705,False
train,train\Subject.5__Fall_sitting__7a72c4b7__w000168_000215.npz,Subject.5__Fall_sitting__7a72c4b7__w000168_000215,Subject.5/Fall sitting,Subject.5__Fall_sitting__7a72c4b7,1,168,215,23.0,48,1.0,1.0,0.934199333190918,0.934199333190918,1.0,1.0,0.0,0.0,0,0.021645016968250275,0.07556881532073018,False
train,train\Subject.5__Fall_sitting__7a72c4b7__w000180_000227.npz,Subject.5__Fall_sitting__7a72c4b7__w000180_000227,Subject.5/Fall sitting,Subject.5__Fall_sitting__7a72c4b7,1,180,227,23.0,48,1.0,1.0,0.9321502447128296,0.9321502447128296,1.0,1.0,0.0,0.0,0,0.011317085474729538,0.048866761475801324,False
train,train\Subject.5__Hop__32ac88ba__w000000_000047.npz,Subject.5__Hop__32ac88ba__w000000_000047,Subject.5/Hop,Subject.5__Hop__32ac88ba,0,0,47,23.0,0,0.0,0.7083333134651184,0.6755911111831665,0.9537757039070129,0.0,0.0,0.2916666666666667,0.2916666666666667,14,0.0367448516190052,0.07908391505479812,True
train,train\Subject.5__Hop__32ac88ba__w000012_000059.npz,Subject.5__Hop__32ac88ba__w000012_000059,Subject.5/Hop,Subject.5__Hop__32ac88ba,0,12,59,23.0,0,0.0,0.9583333134651184,0.913610577583313,0.953332781791687,0.0,1.0,0.041666666666666664,0.041666666666666664,2,0.02837594784796238,0.07281663864850997,True
train,train\Subject.5__Hop__32ac88ba__w000024_000071.npz,Subject.5__Hop__32ac88ba__w000024_000071,Subject.5/Hop,Subject.5__Hop__32ac88ba,0,24,71,23.0,0,0.0,1.0,0.9361332058906555,0.9361332058906555,1.0,1.0,0.0,0.0,0,0.0345839224755764,0.08146343752741811,False
train,train\Subject.5__Hop__32ac88ba__w000036_000083.npz,Subject.5__Hop__32ac88ba__w000036_000083,Subject.5/Hop,Subject.5__Hop__32ac88ba,0,36,83,23.0,0,0.0,1.0,0.9103701114654541,0.9103701114654541,1.0,1.0,0.0,0.0,0,0.03645036742091179,0.08373966664075849,False
train,train\Subject.5__Hop__32ac88ba__w000048_000095.npz,Subject.5__Hop__32ac88ba__w000048_000095,Subject.5/Hop,Subject.5__Hop__32ac88ba,0,48,95,23.0,0,0.0,0.9816918969154358,0.8617817163467407,0.875036358833313,0.8484848484848485,0.9121212121212122,0.0,0.0,0,0.04093659669160843,0.08678448684513566,False
train,train\Subject.5__Hop__32ac88ba__w000060_000107.npz,Subject.5__Hop__32ac88ba__w000060_000107,Subject.5/Hop,Subject.5__Hop__32ac88ba,0,60,107,23.0,0,0.0,0.9412878751754761,0.7873490452766418,0.8302869200706482,0.7878787878787878,0.8484848484848485,0.0,0.0,0,0.04320955649018288,0.09855837151408192,False
train,train\Subject.5__Hop__32ac88ba__w000072_000119.npz,Subject.5__Hop__32ac88ba__w000072_000119,Subject.5/Hop,Subject.5__Hop__32ac88ba,0,72,119,23.0,0,0.0,0.8806818127632141,0.7227774858474731,0.8090762495994568,0.7272727272727273,0.7575757575757576,0.0,0.0,0,0.040961842983961105,0.10257588326930997,False
train,train\Subject.5__Kneel__4e2e12df__w000000_000047.npz,Subject.5__Kneel__4e2e12df__w000000_000047,Subject.5/Kneel,Subject.5__Kneel__4e2e12df,0,0,47,23.0,0,0.0,0.9873737096786499,0.8749961256980896,0.8848122954368591,0.7575757575757576,1.0,0.0,0.0,0,0.03105304203927517,0.09087914787232874,False
train,train\Subject.5__Kneel__4e2e12df__w000012_000059.npz,Subject.5__Kneel__4e2e12df__w000012_000059,Subject.5/Kneel,Subject.5__Kneel__4e2e12df,0,12,59,23.0,0,0.0,0.9987373948097229,0.9036020636558533,0.9045072197914124,0.9696969696969697,1.0,0.0,0.0,0,0.02740531414747238,0.07173109725117681,False
train,train\Subject.5__Kneel__4e2e12df__w000024_000071.npz,Subject.5__Kneel__4e2e12df__w000024_000071,Subject.5/Kneel,Subject.5__Kneel__4e2e12df,0,24,71,23.0,0,0.0,0.9640151262283325,0.8674492239952087,0.8947755694389343,0.8181818181818182,0.8181818181818182,0.0,0.0,0,0.028989389538764954,0.07173109725117681,False
train,train\Subject.5__Kneel__4e2e12df__w000036_000083.npz,Subject.5__Kneel__4e2e12df__w000036_000083,Subject.5/Kneel,Subject.5__Kneel__4e2e12df,0,36,83,23.0,0,0.0,0.9053030014038086,0.7937461733818054,0.8648963570594788,0.7575757575757576,0.7575757575757576,0.0,0.0,0,0.03369647637009621,0.09302743896841999,False
train,train\Subject.5__Kneel__4e2e12df__w000048_000095.npz,Subject.5__Kneel__4e2e12df__w000048_000095,Subject.5/Kneel,Subject.5__Kneel__4e2e12df,0,48,95,23.0,0,0.0,0.8522727489471436,0.7142530679702759,0.8204880952835083,0.7575757575757576,0.7575757575757576,0.0,0.0,0,0.029482243582606316,0.09506978206336492,False
train,train\Subject.5__Kneel__4e2e12df__w000060_000107.npz,Subject.5__Kneel__4e2e12df__w000060_000107,Subject.5/Kneel,Subject.5__Kneel__4e2e12df,0,60,107,23.0,0,0.0,0.8017676472663879,0.6751788854598999,0.8191159963607788,0.7575757575757576,0.7575757575757576,0.0,0.0,0,0.024884508922696114,0.08800783865153788,False
train,train\Subject.5__Kneel__4e2e12df__w000072_000119.npz,Subject.5__Kneel__4e2e12df__w000072_000119,Subject.5/Kneel,Subject.5__Kneel__4e2e12df,0,72,119,23.0,0,0.0,0.7859848737716675,0.6529311537742615,0.8078479170799255,0.7575757575757576,0.7575757575757576,0.0,0.0,0,0.024231525138020515,0.08309823721647243,False
train,train\Subject.5__Kneel__4e2e12df__w000084_000131.npz,Subject.5__Kneel__4e2e12df__w000084_000131,Subject.5/Kneel,Subject.5__Kneel__4e2e12df,0,84,131,23.0,0,0.0,0.7954545617103577,0.6631708741188049,0.8133530616760254,0.7575757575757576,0.7787878787878788,0.0,0.0,0,0.017945045605301857,0.04044029768556356,False
train,train\Subject.5__Kneel__4e2e12df__w000096_000143.npz,Subject.5__Kneel__4e2e12df__w000096_000143,Subject.5/Kneel,Subject.5__Kneel__4e2e12df,0,96,143,23.0,0,0.0,0.7986111044883728,0.6683730483055115,0.8182954788208008,0.7575757575757576,0.7787878787878788,0.0,0.0,0,0.020361611619591713,0.04746274463832378,False
train,train\Subject.5__Kneel__4e2e12df__w000108_000155.npz,Subject.5__Kneel__4e2e12df__w000108_000155,Subject.5/Kneel,Subject.5__Kneel__4e2e12df,0,108,155,23.0,0,0.0,0.7992424368858337,0.6660630702972412,0.8142358064651489,0.7575757575757576,0.7787878787878788,0.0,0.0,0,0.02832268737256527,0.07818419449031352,False
train,train\Subject.5__Kneel__4e2e12df__w000120_000167.npz,Subject.5__Kneel__4e2e12df__w000120_000167,Subject.5/Kneel,Subject.5__Kneel__4e2e12df,0,120,167,23.0,0,0.0,0.7935606241226196,0.6756343841552734,0.8297380208969116,0.7575757575757576,0.7575757575757576,0.0,0.0,0,0.029864881187677383,0.0883543163537979,False
train,train\Subject.5__Kneel__4e2e12df__w000132_000179.npz,Subject.5__Kneel__4e2e12df__w000132_000179,Subject.5/Kneel,Subject.5__Kneel__4e2e12df,0,132,179,23.0,0,0.0,0.8213383555412292,0.6873066425323486,0.8176161646842957,0.7575757575757576,0.7787878787878788,0.0,0.0,0,0.039813023060560226,0.09745385460555551,False
train,train\Subject.5__Kneel__4e2e12df__w000144_000191.npz,Subject.5__Kneel__4e2e12df__w000144_000191,Subject.5/Kneel,Subject.5__Kneel__4e2e12df,0,144,191,23.0,0,0.0,0.8301767706871033,0.7017403841018677,0.8246540427207947,0.7575757575757576,0.7787878787878788,0.0,0.0,0,0.040617022663354874,0.0982988253235817,False
train,train\Subject.5__Kneel__4e2e12df__w000156_000203.npz,Subject.5__Kneel__4e2e12df__w000156_000203,Subject.5/Kneel,Subject.5__Kneel__4e2e12df,0,156,203,23.0,0,0.0,0.8566918969154358,0.7080101370811462,0.8083192706108093,0.7575757575757576,0.7787878787878788,0.0,0.0,0,0.042508259415626526,0.09796951040625572,False
train,train\Subject.5__Pick_up_object__f5b10dc2__w000000_000047.npz,Subject.5__Pick_up_object__f5b10dc2__w000000_000047,Subject.5/Pick up object,Subject.5__Pick_up_object__f5b10dc2,0,0,47,23.0,0,0.0,1.0,0.8950610160827637,0.8950610160827637,1.0,1.0,0.0,0.0,0,0.0338064506649971,0.13505263775587048,False
train,train\Subject.5__Pick_up_object__f5b10dc2__w000012_000059.npz,Subject.5__Pick_up_object__f5b10dc2__w000012_000059,Subject.5/Pick up object,Subject.5__Pick_up_object__f5b10dc2,0,12,59,23.0,0,0.0,1.0,0.9364724159240723,0.9364724159240723,1.0,1.0,0.0,0.0,0,0.02646569535136223,0.06780216619372367,False
train,train\Subject.5__Pick_up_object__f5b10dc2__w000024_000071.npz,Subject.5__Pick_up_object__f5b10dc2__w000024_000071,Subject.5/Pick up object,Subject.5__Pick_up_object__f5b10dc2,0,24,71,23.0,0,0.0,1.0,0.949245274066925,0.949245274066925,1.0,1.0,0.0,0.0,0,0.04165195673704147,0.13496796712279316,False
train,train\Subject.5__Pick_up_object__f5b10dc2__w000036_000083.npz,Subject.5__Pick_up_object__f5b10dc2__w000036_000083,Subject.5/Pick up object,Subject.5__Pick_up_object__f5b10dc2,0,36,83,23.0,0,0.0,1.0,0.9367492198944092,0.9367492198944092,1.0,1.0,0.0,0.0,0,0.05149560421705246,0.1495876647531986,False
train,train\Subject.5__Pick_up_object__f5b10dc2__w000048_000095.npz,Subject.5__Pick_up_object__f5b10dc2__w000048_000095,Subject.5/Pick up object,Subject.5__Pick_up_object__f5b10dc2,0,48,95,23.0,0,0.0,1.0,0.9073756337165833,0.9073756337165833,1.0,1.0,0.0,0.0,0,0.05057339742779732,0.15091634988784788,False
train,train\Subject.5__Pick_up_object__f5b10dc2__w000060_000107.npz,Subject.5__Pick_up_object__f5b10dc2__w000060_000107,Subject.5/Pick up object,Subject.5__Pick_up_object__f5b10dc2,0,60,107,23.0,0,0.0,1.0,0.8643755912780762,0.8643755912780762,1.0,1.0,0.0,0.0,0,0.04320208355784416,0.15091634988784788,False
train,train\Subject.5__Pick_up_object__f5b10dc2__w000072_000119.npz,Subject.5__Pick_up_object__f5b10dc2__w000072_000119,Subject.5/Pick up object,Subject.5__Pick_up_object__f5b10dc2,0,72,119,23.0,0,0.0,0.9987373948097229,0.827359139919281,0.8281708359718323,0.9696969696969697,1.0,0.0,0.0,0,0.023911818861961365,0.08340599611401553,False
train,train\Subject.5__Pick_up_object__f5b10dc2__w000084_000131.npz,Subject.5__Pick_up_object__f5b10dc2__w000084_000131,Subject.5/Pick up object,Subject.5__Pick_up_object__f5b10dc2,0,84,131,23.0,0,0.0,0.995580792427063,0.7943022847175598,0.7970580458641052,0.9696969696969697,0.9696969696969697,0.0,0.0,0,0.03223453089594841,0.1103183653205633,False
train,train\Subject.5__Pick_up_object__f5b10dc2__w000096_000143.npz,Subject.5__Pick_up_object__f5b10dc2__w000096_000143,Subject.5/Pick up object,Subject.5__Pick_up_object__f5b10dc2,0,96,143,23.0,0,0.0,0.995580792427063,0.7850030660629272,0.7877176403999329,0.9696969696969697,0.9696969696969697,0.0,0.0,0,0.04620101675391197,0.152798107266426,False
train,train\Subject.5__Pick_up_object__f5b10dc2__w000108_000155.npz,Subject.5__Pick_up_object__f5b10dc2__w000108_000155,Subject.5/Pick up object,Subject.5__Pick_up_object__f5b10dc2,0,108,155,23.0,0,0.0,0.9898989796638489,0.7834617495536804,0.7896764278411865,0.9696969696969697,0.9696969696969697,0.0,0.0,0,0.06282634288072586,0.17340404614806174,False
train,train\Subject.5__Pick_up_object__f5b10dc2__w000120_000167.npz,Subject.5__Pick_up_object__f5b10dc2__w000120_000167,Subject.5/Pick up object,Subject.5__Pick_up_object__f5b10dc2,0,120,167,23.0,0,0.0,0.9804292917251587,0.7697544097900391,0.7817667126655579,0.8181818181818182,0.9696969696969697,0.0,0.0,0,0.08303694427013397,0.22392343580722787,False
train,train\Subject.5__Pick_up_object__f5b10dc2__w000132_000179.npz,Subject.5__Pick_up_object__f5b10dc2__w000132_000179,Subject.5/Pick up object,Subject.5__Pick_up_object__f5b10dc2,0,132,179,23.0,0,0.0,0.8895202279090881,0.7145145535469055,0.7928734421730042,0.0,0.7272727272727273,0.041666666666666664,0.041666666666666664,2,0.07408473640680313,0.1911575116217136,True
train,train\Subject.5__Pick_up_object__f5b10dc2__w000144_000191.npz,Subject.5__Pick_up_object__f5b10dc2__w000144_000191,Subject.5/Pick up object,Subject.5__Pick_up_object__f5b10dc2,0,144,191,23.0,0,0.0,0.7045454382896423,0.557781457901001,0.7771317958831787,0.0,0.0,0.20833333333333334,0.20833333333333334,10,0.14446158707141876,0.9202139407396273,True
train,train\Subject.5__Pick_up_object__f5b10dc2__w000156_000203.npz,Subject.5__Pick_up_object__f5b10dc2__w000156_000203,Subject.5/Pick up object,Subject.5__Pick_up_object__f5b10dc2,0,156,203,23.0,0,0.0,0.5454545617103577,0.4260837137699127,0.7624229192733765,0.0,0.0,0.3541666666666667,0.3541666666666667,17,0.16150009632110596,1.1872345209121693,True
train,train\Subject.5__Pick_up_object__f5b10dc2__w000168_000215.npz,Subject.5__Pick_up_object__f5b10dc2__w000168_000215,Subject.5/Pick up object,Subject.5__Pick_up_object__f5b10dc2,0,168,215,23.0,0,0.0,0.5157828330993652,0.40638670325279236,0.7683432102203369,0.0,0.0,0.3541666666666667,0.3541666666666667,17,0.1449069231748581,1.190002655982971,True
train,train\Subject.5__Pick_up_object__f5b10dc2__w000180_000227.npz,Subject.5__Pick_up_object__f5b10dc2__w000180_000227,Subject.5/Pick up object,Subject.5__Pick_up_object__f5b10dc2,0,180,227,23.0,0,0.0,0.5681818127632141,0.4141327738761902,0.7195940613746643,0.0,0.0,0.3125,0.3125,15,0.13780172169208527,0.6874946683645196,True
train,train\Subject.5__Pick_up_object__f5b10dc2__w000192_000239.npz,Subject.5__Pick_up_object__f5b10dc2__w000192_000239,Subject.5/Pick up object,Subject.5__Pick_up_object__f5b10dc2,0,192,239,23.0,0,0.0,0.748106062412262,0.5679501891136169,0.7523885369300842,0.0,0.0,0.14583333333333334,0.14583333333333334,7,0.10075322538614273,0.33943467438220976,True
train,train\Subject.5__Pick_up_object__f5b10dc2__w000204_000251.npz,Subject.5__Pick_up_object__f5b10dc2__w000204_000251,Subject.5/Pick up object,Subject.5__Pick_up_object__f5b10dc2,0,204,251,23.0,0,0.0,0.9128788113594055,0.7292620539665222,0.7943370342254639,0.8181818181818182,0.8181818181818182,0.0,0.0,0,0.07311149686574936,0.30243122726678817,False
train,train\Subject.5__Pick_up_object__f5b10dc2__w000216_000263.npz,Subject.5__Pick_up_object__f5b10dc2__w000216_000263,Subject.5/Pick up object,Subject.5__Pick_up_object__f5b10dc2,0,216,263,23.0,0,0.0,0.9526515007019043,0.7717614769935608,0.807367205619812,0.8181818181818182,0.8181818181818182,0.0,0.0,0,0.07654748111963272,0.29948830008506766,False
train,train\Subject.5__Sit_down__4738cacd__w000000_000047.npz,Subject.5__Sit_down__4738cacd__w000000_000047,Subject.5/Sit down,Subject.5__Sit_down__4738cacd,0,0,47,23.0,0,0.0,0.7367424368858337,0.5901356935501099,0.7732652425765991,0.0,0.696969696969697,0.020833333333333332,0.020833333333333332,1,0.03382561728358269,0.10573996491730213,True
train,train\Subject.5__Sit_down__4738cacd__w000012_000059.npz,Subject.5__Sit_down__4738cacd__w000012_000059,Subject.5/Sit down,Subject.5__Sit_down__4738cacd,0,12,59,23.0,0,0.0,0.7165403962135315,0.5947753190994263,0.8014220595359802,0.6666666666666666,0.696969696969697,0.0,0.0,0,0.029350025579333305,0.08230489343404769,False
train,train\Subject.5__Sit_down__4738cacd__w000024_000071.npz,Subject.5__Sit_down__4738cacd__w000024_000071,Subject.5/Sit down,Subject.5__Sit_down__4738cacd,0,24,71,23.0,0,0.0,0.7013888955116272,0.5854465365409851,0.8090748190879822,0.6363636363636364,0.6575757575757576,0.0,0.0,0,0.02478187344968319,0.06725191064178941,False
train,train\Subject.5__Sit_down__4738cacd__w000036_000083.npz,Subject.5__Sit_down__4738cacd__w000036_000083,Subject.5/Sit down,Subject.5__Sit_down__4738cacd,0,36,83,23.0,0,0.0,0.7253788113594055,0.5901380777359009,0.7928996682167053,0.6363636363636364,0.6575757575757576,0.0,0.0,0,0.02896302565932274,0.08541288636624805,False
train,train\Subject.5__Sit_down__4738cacd__w000048_000095.npz,Subject.5__Sit_down__4738cacd__w000048_000095,Subject.5/Sit down,Subject.5__Sit_down__4738cacd,0,48,95,23.0,0,0.0,0.751893937587738,0.5698028206825256,0.7423856258392334,0.6363636363636364,0.6575757575757576,0.0,0.0,0,0.049062516540288925,0.17421692460775373,False
train,train\Subject.5__Sit_down__4738cacd__w000060_000107.npz,Subject.5__Sit_down__4738cacd__w000060_000107,Subject.5/Sit down,Subject.5__Sit_down__4738cacd,0,60,107,23.0,0,0.0,0.7859848737716675,0.5351517796516418,0.6656981706619263,0.6363636363636364,0.6575757575757576,0.0,0.0,0,0.07154728472232819,0.2280356451869011,False
train,train\Subject.5__Sit_down__4738cacd__w000072_000119.npz,Subject.5__Sit_down__4738cacd__w000072_000119,Subject.5/Sit down,Subject.5__Sit_down__4738cacd,0,72,119,23.0,0,0.0,0.8630050420761108,0.5377147793769836,0.6131213903427124,0.7272727272727273,0.7878787878787878,0.0,0.0,0,0.09005489945411682,0.2670837044715881,False
train,train\Subject.5__Sit_down__4738cacd__w000084_000131.npz,Subject.5__Sit_down__4738cacd__w000084_000131,Subject.5/Sit down,Subject.5__Sit_down__4738cacd,0,84,131,23.0,0,0.0,0.8516414165496826,0.5293185710906982,0.6053407788276672,0.6363636363636364,0.7484848484848485,0.0,0.0,0,0.08975561708211899,0.2734895065426825,False
train,train\Subject.5__Sit_down__4738cacd__w000096_000143.npz,Subject.5__Sit_down__4738cacd__w000096_000143,Subject.5/Sit down,Subject.5__Sit_down__4738cacd,0,96,143,23.0,0,0.0,0.8535353541374207,0.554271399974823,0.6299797892570496,0.6363636363636364,0.6363636363636364,0.0,0.0,0,0.07049696147441864,0.2565439835190769,False
train,train\Subject.5__Sit_down__4738cacd__w000108_000155.npz,Subject.5__Sit_down__4738cacd__w000108_000155,Subject.5/Sit down,Subject.5__Sit_down__4738cacd,0,108,155,23.0,0,0.0,0.8756313323974609,0.6232505440711975,0.6955010890960693,0.6363636363636364,0.6363636363636364,0.0,0.0,0,0.04659484699368477,0.21930740699172005,False
train,train\Subject.5__Sit_down__4738cacd__w000120_000167.npz,Subject.5__Sit_down__4738cacd__w000120_000167,Subject.5/Sit down,Subject.5__Sit_down__4738cacd,0,120,167,23.0,0,0.0,0.8762626051902771,0.688165545463562,0.7694529891014099,0.6363636363636364,0.6363636363636364,0.0,0.0,0,0.02153659611940384,0.05647353883832692,False
train,train\Subject.5__Sit_down__4738cacd__w000132_000179.npz,Subject.5__Sit_down__4738cacd__w000132_000179,Subject.5/Sit down,Subject.5__Sit_down__4738cacd,0,132,179,23.0,0,0.0,0.9318181872367859,0.760336697101593,0.8083975911140442,0.6363636363636364,0.8484848484848485,0.0,0.0,0,0.014741194434463978,0.03821326903998845,False
train,train\Subject.5__Sit_down__4738cacd__w000144_000191.npz,Subject.5__Sit_down__4738cacd__w000144_000191,Subject.5/Sit down,Subject.5__Sit_down__4738cacd,0,144,191,23.0,0,0.0,0.9696969985961914,0.8229245543479919,0.8456565737724304,0.9696969696969697,0.9696969696969697,0.0,0.0,0,0.012571753934025764,0.060100916959344906,False
train,train\Subject.5__Sit_down__4738cacd__w000156_000203.npz,Subject.5__Sit_down__4738cacd__w000156_000203,Subject.5/Sit down,Subject.5__Sit_down__4738cacd,0,156,203,23.0,0,0.0,0.9709596037864685,0.8546218276023865,0.8777461051940918,0.9696969696969697,0.9696969696969697,0.0,0.0,0,0.015387468971312046,0.09935631416738021,False
train,train\Subject.5__Sit_down__4738cacd__w000168_000215.npz,Subject.5__Sit_down__4738cacd__w000168_000215,Subject.5/Sit down,Subject.5__Sit_down__4738cacd,0,168,215,23.0,0,0.0,0.9785353541374207,0.866830050945282,0.8844605088233948,0.9696969696969697,0.9696969696969697,0.0,0.0,0,0.017896315082907677,0.09249127171933647,False
train,train\Subject.5__Sit_down__4738cacd__w000180_000227.npz,Subject.5__Sit_down__4738cacd__w000180_000227,Subject.5/Sit down,Subject.5__Sit_down__4738cacd,0,180,227,23.0,0,0.0,0.9861111044883728,0.8490470051765442,0.8602452874183655,0.9696969696969697,0.9696969696969697,0.0,0.0,0,0.018499670550227165,0.0814773704856633,False
train,train\Subject.5__Sit_down__4738cacd__w000192_000239.npz,Subject.5__Sit_down__4738cacd__w000192_000239,Subject.5/Sit down,Subject.5__Sit_down__4738cacd,0,192,239,23.0,0,0.0,0.9829545617103577,0.8194012641906738,0.8313935399055481,0.9393939393939394,0.9606060606060607,0.0,0.0,0,0.026037776842713356,0.07951993569731712,False
train,train\Subject.5__Sit_down__4738cacd__w000204_000251.npz,Subject.5__Sit_down__4738cacd__w000204_000251,Subject.5/Sit down,Subject.5__Sit_down__4738cacd,0,204,251,23.0,0,0.0,0.9595959782600403,0.7566328048706055,0.7820512652397156,0.696969696969697,0.9090909090909091,0.0,0.0,0,0.03675772622227669,0.09608802646398543,False
train,train\Subject.5__Walk__1d5713f2__w000000_000047.npz,Subject.5__Walk__1d5713f2__w000000_000047,Subject.5/Walk,Subject.5__Walk__1d5713f2,0,0,47,23.0,0,0.0,0.39898988604545593,0.3153880536556244,0.7842792272567749,0.0,0.0,0.5833333333333334,0.5833333333333334,28,0.06307581067085266,0.10947740077972412,True
train,train\Subject.5__Walk__1d5713f2__w000012_000059.npz,Subject.5__Walk__1d5713f2__w000012_000059,Subject.5/Walk,Subject.5__Walk__1d5713f2,0,12,59,23.0,0,0.0,0.6489899158477783,0.5411356687545776,0.8300084471702576,0.0,0.0,0.3333333333333333,0.3333333333333333,16,0.04638730734586716,0.08490646444261064,True
train,train\Subject.5__Walk__1d5713f2__w000024_000071.npz,Subject.5__Walk__1d5713f2__w000024_000071,Subject.5/Walk,Subject.5__Walk__1d5713f2,0,24,71,23.0,0,0.0,0.8838383555412292,0.7604356408119202,0.8584298491477966,0.0,0.5090909090909093,0.10416666666666667,0.10416666666666667,5,0.029530683532357216,0.061165522225201115,True
train,train\Subject.5__Walk__1d5713f2__w000036_000083.npz,Subject.5__Walk__1d5713f2__w000036_000083,Subject.5/Walk,Subject.5__Walk__1d5713f2,0,36,83,23.0,0,0.0,1.0,0.8991950154304504,0.8991950154304504,1.0,1.0,0.0,0.0,0,0.01486707478761673,0.043345508724451046,False
train,train\Subject.5__Walk__1d5713f2__w000048_000095.npz,Subject.5__Walk__1d5713f2__w000048_000095,Subject.5/Walk,Subject.5__Walk__1d5713f2,0,48,95,23.0,0,0.0,1.0,0.9252789616584778,0.9252789616584778,1.0,1.0,0.0,0.0,0,0.017448294907808304,0.04121934864670038,False
train,train\Subject.5__Walk__1d5713f2__w000060_000107.npz,Subject.5__Walk__1d5713f2__w000060_000107,Subject.5/Walk,Subject.5__Walk__1d5713f2,0,60,107,23.0,0,0.0,1.0,0.9286415576934814,0.9286415576934814,1.0,1.0,0.0,0.0,0,0.020186886191368103,0.05554372426122421,False
train,train\Subject.5__Walk__1d5713f2__w000072_000119.npz,Subject.5__Walk__1d5713f2__w000072_000119,Subject.5/Walk,Subject.5__Walk__1d5713f2,0,72,119,23.0,0,0.0,1.0,0.8964973092079163,0.8964973092079163,1.0,1.0,0.0,0.0,0,0.0295519158244133,0.08286049216985696,False
train,train\Subject.5__Walk__1d5713f2__w000084_000131.npz,Subject.5__Walk__1d5713f2__w000084_000131,Subject.5/Walk,Subject.5__Walk__1d5713f2,0,84,131,23.0,0,0.0,0.9722222089767456,0.8309744000434875,0.8506091833114624,0.8181818181818182,0.8181818181818182,0.0,0.0,0,0.03710978105664253,0.1044694907963275,False
train,train\Subject.5__Walk__1d5713f2__w000096_000143.npz,Subject.5__Walk__1d5713f2__w000096_000143,Subject.5/Walk,Subject.5__Walk__1d5713f2,0,96,143,23.0,0,0.0,0.9318181872367859,0.7603443264961243,0.8087572455406189,0.8181818181818182,0.8181818181818182,0.0,0.0,0,0.038633186370134354,0.10909890197217462,False
train,train\Subject.5__Walk__1d5713f2__w000108_000155.npz,Subject.5__Walk__1d5713f2__w000108_000155,Subject.5/Walk,Subject.5__Walk__1d5713f2,0,108,155,23.0,0,0.0,0.8989899158477783,0.7006050944328308,0.7690193057060242,0.8181818181818182,0.8181818181818182,0.0,0.0,0,0.03723546117544174,0.10639894939959049,False
train,train\Subject.5__Walk__1d5713f2__w000120_000167.npz,Subject.5__Walk__1d5713f2__w000120_000167,Subject.5/Walk,Subject.5__Walk__1d5713f2,0,120,167,23.0,0,0.0,0.8851010203361511,0.6736533641815186,0.7479966282844543,0.8181818181818182,0.8181818181818182,0.0,0.0,0,0.029246199876070023,0.0888063050806521,False
train,train\Subject.5__Walk__1d5713f2__w000132_000179.npz,Subject.5__Walk__1d5713f2__w000132_000179,Subject.5/Walk,Subject.5__Walk__1d5713f2,0,132,179,23.0,0,0.0,0.9128788113594055,0.7085198163986206,0.7678044438362122,0.8181818181818182,0.8484848484848485,0.0,0.0,0,0.022666091099381447,0.06375592835247516,False
train,train\Subject.5__Walk__1d5713f2__w000144_000191.npz,Subject.5__Walk__1d5713f2__w000144_000191,Subject.5/Walk,Subject.5__Walk__1d5713f2,0,144,191,23.0,0,0.0,0.9532828330993652,0.7424182295799255,0.7736917734146118,0.8484848484848485,0.8484848484848485,0.0,0.0,0,0.019816404208540916,0.04905155729502439,False
train,train\Subject.5__Walk__1d5713f2__w000156_000203.npz,Subject.5__Walk__1d5713f2__w000156_000203,Subject.5/Walk,Subject.5__Walk__1d5713f2,0,156,203,23.0,0,0.0,0.9791666865348816,0.7674077153205872,0.7801311612129211,0.8787878787878788,0.9090909090909091,0.0,0.0,0,0.017887363210320473,0.04711723029613491,False
train,train\Subject.5__Walk__1d5713f2__w000168_000215.npz,Subject.5__Walk__1d5713f2__w000168_000215,Subject.5/Walk,Subject.5__Walk__1d5713f2,0,168,215,23.0,0,0.0,0.9589646458625793,0.7735514044761658,0.8017511963844299,0.8484848484848485,0.8484848484848485,0.0,0.0,0,0.01580115780234337,0.04141087140887973,False
train,train\Subject.7__Fall_backwards__47bb6804__w000000_000047.npz,Subject.7__Fall_backwards__47bb6804__w000000_000047,Subject.7/Fall backwards,Subject.7__Fall_backwards__47bb6804,0,0,47,23.0,0,0.0,0.8219696879386902,0.6957147717475891,0.8308326601982117,0.0,0.6666666666666666,0.020833333333333332,0.020833333333333332,1,0.018707429990172386,0.04426605701446531,True
train,train\Subject.7__Fall_backwards__47bb6804__w000012_000059.npz,Subject.7__Fall_backwards__47bb6804__w000012_000059,Subject.7/Fall backwards,Subject.7__Fall_backwards__47bb6804,0,12,59,23.0,0,0.0,0.7941918969154358,0.6645273566246033,0.8177862167358398,0.6666666666666666,0.6666666666666666,0.0,0.0,0,0.021099040284752846,0.04785928577184677,False
train,train\Subject.7__Fall_backwards__47bb6804__w000024_000071.npz,Subject.7__Fall_backwards__47bb6804__w000024_000071,Subject.7/Fall backwards,Subject.7__Fall_backwards__47bb6804,0,24,71,23.0,0,0.0,0.7771464586257935,0.6356402635574341,0.7976003885269165,0.6666666666666666,0.6666666666666666,0.0,0.0,0,0.03015374019742012,0.08957651406526562,False
train,train\Subject.7__Fall_backwards__47bb6804__w000036_000083.npz,Subject.7__Fall_backwards__47bb6804__w000036_000083,Subject.7/Fall backwards,Subject.7__Fall_backwards__47bb6804,0,36,83,23.0,0,0.0,0.7821969985961914,0.6501891613006592,0.8090181350708008,0.6666666666666666,0.6666666666666666,0.0,0.0,0,0.03669893369078636,0.11435160636901855,False
train,train\Subject.7__Fall_backwards__47bb6804__w000048_000095.npz,Subject.7__Fall_backwards__47bb6804__w000048_000095,Subject.7/Fall backwards,Subject.7__Fall_backwards__47bb6804,1,48,95,23.0,4,0.0833333358168602,0.8320707082748413,0.6815071702003479,0.8008105158805847,0.7272727272727273,0.8090909090909091,0.0,0.0,0,0.05170472338795662,0.15581222772598255,False
train,train\Subject.7__Fall_backwards__47bb6804__w000060_000107.npz,Subject.7__Fall_backwards__47bb6804__w000060_000107,Subject.7/Fall backwards,Subject.7__Fall_backwards__47bb6804,1,60,107,23.0,16,0.3333333432674408,0.8806818127632141,0.7145106792449951,0.7966408133506775,0.7575757575757576,0.8181818181818182,0.0,0.0,0,0.06479612737894058,0.16993088647723195,False
train,train\Subject.7__Fall_backwards__47bb6804__w000072_000119.npz,Subject.7__Fall_backwards__47bb6804__w000072_000119,Subject.7/Fall backwards,Subject.7__Fall_backwards__47bb6804,1,72,119,23.0,28,0.5833333134651184,0.9267676472663879,0.7763426899909973,0.8285934925079346,0.8181818181818182,0.8181818181818182,0.0,0.0,0,0.05422927811741829,0.1649141728878021,False
train,train\Subject.7__Fall_backwards__47bb6804__w000084_000131.npz,Subject.7__Fall_backwards__47bb6804__w000084_000131,Subject.7/Fall backwards,Subject.7__Fall_backwards__47bb6804,1,84,131,23.0,40,0.8333333134651184,0.9684343338012695,0.8316252827644348,0.8550900220870972,0.8484848484848485,0.8484848484848485,0.0,0.0,0,0.046336837112903595,0.16346556469798088,False
train,train\Subject.7__Fall_backwards__47bb6804__w000096_000143.npz,Subject.7__Fall_backwards__47bb6804__w000096_000143,Subject.7/Fall backwards,Subject.7__Fall_backwards__47bb6804,1,96,143,23.0,48,1.0,1.0,0.8820526599884033,0.8820526599884033,1.0,1.0,0.0,0.0,0,0.02574627287685871,0.11096916981041428,False
train,train\Subject.7__Fall_backwards__47bb6804__w000108_000155.npz,Subject.7__Fall_backwards__47bb6804__w000108_000155,Subject.7/Fall backwards,Subject.7__Fall_backwards__47bb6804,1,108,155,23.0,48,1.0,1.0,0.9215681552886963,0.9215681552886963,1.0,1.0,0.0,0.0,0,0.011460821144282818,0.03688591457903381,False
train,train\Subject.7__Fall_backwards__47bb6804__w000120_000167.npz,Subject.7__Fall_backwards__47bb6804__w000120_000167,Subject.7/Fall backwards,Subject.7__Fall_backwards__47bb6804,1,120,167,23.0,48,1.0,1.0,0.9400882720947266,0.9400882720947266,1.0,1.0,0.0,0.0,0,0.008181219920516014,0.0288131951354444,False
train,train\Subject.7__Fall_backwards__47bb6804__w000132_000179.npz,Subject.7__Fall_backwards__47bb6804__w000132_000179,Subject.7/Fall backwards,Subject.7__Fall_backwards__47bb6804,1,132,179,23.0,48,1.0,1.0,0.9560901522636414,0.9560901522636414,1.0,1.0,0.0,0.0,0,0.009052865207195282,0.02941852314397691,False
train,train\Subject.7__Fall_backwards__47bb6804__w000144_000191.npz,Subject.7__Fall_backwards__47bb6804__w000144_000191,Subject.7/Fall backwards,Subject.7__Fall_backwards__47bb6804,1,144,191,23.0,48,1.0,1.0,0.9749614596366882,0.9749614596366882,1.0,1.0,0.0,0.0,0,0.013705882243812084,0.053142377175390644,False
train,train\Subject.7__Fall_backwards__47bb6804__w000156_000203.npz,Subject.7__Fall_backwards__47bb6804__w000156_000203,Subject.7/Fall backwards,Subject.7__Fall_backwards__47bb6804,1,156,203,23.0,48,1.0,1.0,0.9826239347457886,0.9826239347457886,1.0,1.0,0.0,0.0,0,0.016896503046154976,0.059277395904064153,False
train,train\Subject.7__Fall_backwards__47bb6804__w000168_000215.npz,Subject.7__Fall_backwards__47bb6804__w000168_000215,Subject.7/Fall backwards,Subject.7__Fall_backwards__47bb6804,1,168,215,23.0,48,1.0,1.0,0.9805188179016113,0.9805188179016113,1.0,1.0,0.0,0.0,0,0.02063889056444168,0.0685553431510925,False
train,train\Subject.7__Fall_backwards__47bb6804__w000180_000227.npz,Subject.7__Fall_backwards__47bb6804__w000180_000227,Subject.7/Fall backwards,Subject.7__Fall_backwards__47bb6804,1,180,227,23.0,48,1.0,1.0,0.9724296927452087,0.9724296927452087,1.0,1.0,0.0,0.0,0,0.01981399580836296,0.07073394507169722,False
train,train\Subject.7__Fall_backwards__47bb6804__w000192_000239.npz,Subject.7__Fall_backwards__47bb6804__w000192_000239,Subject.7/Fall backwards,Subject.7__Fall_backwards__47bb6804,1,192,239,23.0,48,1.0,1.0,0.9658571481704712,0.9658571481704712,1.0,1.0,0.0,0.0,0,0.015821492299437523,0.05979485865682363,False
train,train\Subject.7__Fall_backwards__47bb6804__w000204_000251.npz,Subject.7__Fall_backwards__47bb6804__w000204_000251,Subject.7/Fall backwards,Subject.7__Fall_backwards__47bb6804,1,204,251,23.0,48,1.0,1.0,0.9629124999046326,0.9629124999046326,1.0,1.0,0.0,0.0,0,0.013368478044867516,0.056108283996582,False
train,train\Subject.7__Fall_forward__41f7595b__w000000_000047.npz,Subject.7__Fall_forward__41f7595b__w000000_000047,Subject.7/Fall forward,Subject.7__Fall_forward__41f7595b,1,0,47,23.0,5,0.1041666641831398,0.9665403962135315,0.8336107730865479,0.8606216907501221,0.0,0.9393939393939394,0.020833333333333332,0.020833333333333332,1,0.05295272171497345,0.1830945111811158,True
train,train\Subject.7__Fall_forward__41f7595b__w000012_000059.npz,Subject.7__Fall_forward__41f7595b__w000012_000059,Subject.7/Fall forward,Subject.7__Fall_forward__41f7595b,1,12,59,23.0,17,0.3541666567325592,0.9873737096786499,0.8144657611846924,0.8230729699134827,0.9393939393939394,0.9393939393939394,0.0,0.0,0,0.07249485701322556,0.3137627810239789,False
train,train\Subject.7__Fall_forward__41f7595b__w000024_000071.npz,Subject.7__Fall_forward__41f7595b__w000024_000071,Subject.7/Fall forward,Subject.7__Fall_forward__41f7595b,1,24,71,23.0,29,0.6041666865348816,0.9873737096786499,0.7807757258415222,0.788952112197876,0.9393939393939394,0.9393939393939394,0.0,0.0,0,0.07164018601179123,0.3137627810239789,False
train,train\Subject.7__Fall_forward__41f7595b__w000036_000083.npz,Subject.7__Fall_forward__41f7595b__w000036_000083,Subject.7/Fall forward,Subject.7__Fall_forward__41f7595b,1,36,83,23.0,41,0.8541666865348816,0.9924242496490479,0.7790294885635376,0.7840791344642639,0.9393939393939394,0.9393939393939394,0.0,0.0,0,0.05752849206328392,0.30904361903667416,False
train,train\Subject.7__Fall_forward__41f7595b__w000048_000095.npz,Subject.7__Fall_forward__41f7595b__w000048_000095,Subject.7/Fall forward,Subject.7__Fall_forward__41f7595b,1,48,95,23.0,48,1.0,1.0,0.8265456557273865,0.8265456557273865,1.0,1.0,0.0,0.0,0,0.024109194055199623,0.07864634692668909,False
train,train\Subject.7__Fall_forward__41f7595b__w000060_000107.npz,Subject.7__Fall_forward__41f7595b__w000060_000107,Subject.7/Fall forward,Subject.7__Fall_forward__41f7595b,1,60,107,23.0,48,1.0,1.0,0.8576446771621704,0.8576446771621704,1.0,1.0,0.0,0.0,0,0.006665353663265705,0.016481582541018686,False
train,train\Subject.7__Fall_forward__41f7595b__w000072_000119.npz,Subject.7__Fall_forward__41f7595b__w000072_000119,Subject.7/Fall forward,Subject.7__Fall_forward__41f7595b,1,72,119,23.0,48,1.0,1.0,0.8819455504417419,0.8819455504417419,1.0,1.0,0.0,0.0,0,0.003820467973127961,0.008679313352331517,False
train,train\Subject.7__Fall_forward__41f7595b__w000084_000131.npz,Subject.7__Fall_forward__41f7595b__w000084_000131,Subject.7/Fall forward,Subject.7__Fall_forward__41f7595b,1,84,131,23.0,48,1.0,1.0,0.8930519223213196,0.8930519223213196,1.0,1.0,0.0,0.0,0,0.00393877737224102,0.008941418817266822,False
train,train\Subject.7__Fall_forward__41f7595b__w000096_000143.npz,Subject.7__Fall_forward__41f7595b__w000096_000143,Subject.7/Fall forward,Subject.7__Fall_forward__41f7595b,1,96,143,23.0,48,1.0,1.0,0.8960509896278381,0.8960509896278381,1.0,1.0,0.0,0.0,0,0.005120295565575361,0.01811759844422332,False
train,train\Subject.7__Fall_forward__41f7595b__w000108_000155.npz,Subject.7__Fall_forward__41f7595b__w000108_000155,Subject.7/Fall forward,Subject.7__Fall_forward__41f7595b,1,108,155,23.0,48,1.0,1.0,0.8876272439956665,0.8876272439956665,1.0,1.0,0.0,0.0,0,0.007015818264335394,0.028788168076425775,False
train,train\Subject.7__Fall_left__18faca39__w000000_000047.npz,Subject.7__Fall_left__18faca39__w000000_000047,Subject.7/Fall left,Subject.7__Fall_left__18faca39,0,0,47,23.0,0,0.0,0.941919207572937,0.7524605393409729,0.793371856212616,0.0,0.9393939393939394,0.020833333333333332,0.020833333333333332,1,0.020908186212182045,0.05241444222629069,True
train,train\Subject.7__Fall_left__18faca39__w000012_000059.npz,Subject.7__Fall_left__18faca39__w000012_000059,Subject.7/Fall left,Subject.7__Fall_left__18faca39,0,12,59,23.0,0,0.0,0.9633838534355164,0.7850975394248962,0.8097015619277954,0.9393939393939394,0.9393939393939394,0.0,0.0,0,0.03827006369829178,0.17234886735677715,False
train,train\Subject.7__Fall_left__18faca39__w000024_000071.npz,Subject.7__Fall_left__18faca39__w000024_000071,Subject.7/Fall left,Subject.7__Fall_left__18faca39,0,24,71,23.0,0,0.0,0.9760100841522217,0.7735092639923096,0.7893888354301453,0.9393939393939394,0.9393939393939394,0.0,0.0,0,0.06643702834844589,0.23041382879018768,False
train,train\Subject.7__Fall_left__18faca39__w000036_000083.npz,Subject.7__Fall_left__18faca39__w000036_000083,Subject.7/Fall left,Subject.7__Fall_left__18faca39,1,36,83,23.0,11,0.2291666716337204,0.9911616444587708,0.789332389831543,0.7951170206069946,0.9393939393939394,0.9696969696969697,0.0,0.0,0,0.08690842986106873,0.24724986255168913,False
train,train\Subject.7__Fall_left__18faca39__w000048_000095.npz,Subject.7__Fall_left__18faca39__w000048_000095,Subject.7/Fall left,Subject.7__Fall_left__18faca39,1,48,95,23.0,23,0.4791666567325592,1.0,0.798056423664093,0.798056423664093,1.0,1.0,0.0,0.0,0,0.08940619975328445,0.24614295139908765,False
train,train\Subject.7__Fall_left__18faca39__w000060_000107.npz,Subject.7__Fall_left__18faca39__w000060_000107,Subject.7/Fall left,Subject.7__Fall_left__18faca39,1,60,107,23.0,35,0.7291666865348816,0.9943181872367859,0.7887428402900696,0.7923285365104675,0.9696969696969697,0.9696969696969697,0.0,0.0,0,0.06642765551805496,0.23353316634893398,False
train,train\Subject.7__Fall_left__18faca39__w000072_000119.npz,Subject.7__Fall_left__18faca39__w000072_000119,Subject.7/Fall left,Subject.7__Fall_left__18faca39,1,72,119,23.0,47,0.9791666865348816,0.993686854839325,0.8276380896568298,0.8318659663200378,0.9696969696969697,0.9696969696969697,0.0,0.0,0,0.04269947484135628,0.13199829757213583,False
train,train\Subject.7__Fall_left__18faca39__w000084_000131.npz,Subject.7__Fall_left__18faca39__w000084_000131,Subject.7/Fall left,Subject.7__Fall_left__18faca39,1,84,131,23.0,48,1.0,0.993686854839325,0.8366584181785583,0.8409436345100403,0.9696969696969697,0.9696969696969697,0.0,0.0,0,0.03183257207274437,0.09414153210818756,False
train,train\Subject.7__Fall_left__18faca39__w000096_000143.npz,Subject.7__Fall_left__18faca39__w000096_000143,Subject.7/Fall left,Subject.7__Fall_left__18faca39,1,96,143,23.0,48,1.0,0.993686854839325,0.8419516682624817,0.8462705612182617,0.9696969696969697,0.9696969696969697,0.0,0.0,0,0.028072746470570564,0.07332099229097365,False
train,train\Subject.7__Fall_left__18faca39__w000108_000155.npz,Subject.7__Fall_left__18faca39__w000108_000155,Subject.7/Fall left,Subject.7__Fall_left__18faca39,1,108,155,23.0,48,1.0,0.9993686676025391,0.8635963797569275,0.864034116268158,0.9696969696969697,1.0,0.0,0.0,0,0.03087787888944149,0.1040275581181049,False
train,train\Subject.7__Fall_left__18faca39__w000120_000167.npz,Subject.7__Fall_left__18faca39__w000120_000167,Subject.7/Fall left,Subject.7__Fall_left__18faca39,1,120,167,23.0,48,1.0,1.0,0.8828762173652649,0.8828762173652649,1.0,1.0,0.0,0.0,0,0.02882273495197296,0.09792514741420735,False
train,train\Subject.7__Fall_left__18faca39__w000132_000179.npz,Subject.7__Fall_left__18faca39__w000132_000179,Subject.7/Fall left,Subject.7__Fall_left__18faca39,1,132,179,23.0,48,1.0,1.0,0.9030961990356445,0.9030961990356445,1.0,1.0,0.0,0.0,0,0.021038860082626343,0.0763460539281368,False
train,train\Subject.7__Fall_left__18faca39__w000144_000191.npz,Subject.7__Fall_left__18faca39__w000144_000191,Subject.7/Fall left,Subject.7__Fall_left__18faca39,1,144,191,23.0,48,1.0,1.0,0.926055908203125,0.926055908203125,1.0,1.0,0.0,0.0,0,0.02106483094394207,0.07873227410018444,False
train,train\Subject.7__Fall_left__18faca39__w000156_000203.npz,Subject.7__Fall_left__18faca39__w000156_000203,Subject.7/Fall left,Subject.7__Fall_left__18faca39,1,156,203,23.0,48,1.0,1.0,0.928534209728241,0.928534209728241,1.0,1.0,0.0,0.0,0,0.021880896762013435,0.0794606607407331,False
train,train\Subject.7__Fall_right__4e79faa7__w000000_000047.npz,Subject.7__Fall_right__4e79faa7__w000000_000047,Subject.7/Fall right,Subject.7__Fall_right__4e79faa7,1,0,47,23.0,2,0.0416666679084301,0.8851010203361511,0.662351667881012,0.7343161702156067,0.8181818181818182,0.8181818181818182,0.0,0.0,0,0.07859435677528381,0.3307683557271955,False
train,train\Subject.7__Fall_right__4e79faa7__w000012_000059.npz,Subject.7__Fall_right__4e79faa7__w000012_000059,Subject.7/Fall right,Subject.7__Fall_right__4e79faa7,1,12,59,23.0,14,0.2916666567325592,0.8743686676025391,0.6669226884841919,0.746969997882843,0.7878787878787878,0.8181818181818182,0.0,0.0,0,0.07153525948524475,0.188456430286169,False
train,train\Subject.7__Fall_right__4e79faa7__w000024_000071.npz,Subject.7__Fall_right__4e79faa7__w000024_000071,Subject.7/Fall right,Subject.7__Fall_right__4e79faa7,1,24,71,23.0,26,0.5416666865348816,0.8800504803657532,0.6904703974723816,0.7672463059425354,0.7878787878787878,0.8181818181818182,0.0,0.0,0,0.07535303384065628,0.1890663996338844,False
train,train\Subject.7__Fall_right__4e79faa7__w000036_000083.npz,Subject.7__Fall_right__4e79faa7__w000036_000083,Subject.7/Fall right,Subject.7__Fall_right__4e79faa7,1,36,83,23.0,38,0.7916666865348816,0.8743686676025391,0.7018213868141174,0.7842568755149841,0.7878787878787878,0.8181818181818182,0.0,0.0,0,0.06406104564666748,0.1845810808241366,False
train,train\Subject.7__Fall_right__4e79faa7__w000048_000095.npz,Subject.7__Fall_right__4e79faa7__w000048_000095,Subject.7/Fall right,Subject.7__Fall_right__4e79faa7,1,48,95,23.0,48,1.0,0.8434343338012695,0.693785548210144,0.802667498588562,0.7878787878787878,0.8181818181818182,0.0,0.0,0,0.042666010558605194,0.16126707270741455,False
train,train\Subject.7__Fall_right__4e79faa7__w000060_000107.npz,Subject.7__Fall_right__4e79faa7__w000060_000107,Subject.7/Fall right,Subject.7__Fall_right__4e79faa7,1,60,107,23.0,48,1.0,0.8308081030845642,0.6971902847290039,0.8212785124778748,0.8181818181818182,0.8181818181818182,0.0,0.0,0,0.023640558123588562,0.077786947786808,False
train,train\Subject.7__Fall_right__4e79faa7__w000072_000119.npz,Subject.7__Fall_right__4e79faa7__w000072_000119,Subject.7/Fall right,Subject.7__Fall_right__4e79faa7,1,72,119,23.0,48,1.0,0.8301767706871033,0.7078593969345093,0.8350363373756409,0.8181818181818182,0.8181818181818182,0.0,0.0,0,0.02285904437303543,0.04207322970032691,False
train,train\Subject.7__Fall_right__4e79faa7__w000084_000131.npz,Subject.7__Fall_right__4e79faa7__w000084_000131,Subject.7/Fall right,Subject.7__Fall_right__4e79faa7,1,84,131,23.0,48,1.0,0.8718434572219849,0.7349455952644348,0.831072211265564,0.8181818181818182,0.8181818181818182,0.0,0.0,0,0.02790362946689129,0.07606016211211675,False
train,train\Subject.7__Fall_right__4e79faa7__w000096_000143.npz,Subject.7__Fall_right__4e79faa7__w000096_000143,Subject.7/Fall right,Subject.7__Fall_right__4e79faa7,1,96,143,23.0,48,1.0,0.9172979593276978,0.7871764302253723,0.8497557044029236,0.8181818181818182,0.8181818181818182,0.0,0.0,0,0.02972162887454033,0.10992350094020364,False
train,train\Subject.7__Fall_right__4e79faa7__w000108_000155.npz,Subject.7__Fall_right__4e79faa7__w000108_000155,Subject.7/Fall right,Subject.7__Fall_right__4e79faa7,1,108,155,23.0,48,1.0,0.9558081030845642,0.8405236005783081,0.8731206655502319,0.8181818181818182,0.8393939393939395,0.0,0.0,0,0.024260010570287704,0.08368237800896165,False
train,train\Subject.7__Fall_sitting__938b24cc__w000000_000047.npz,Subject.7__Fall_sitting__938b24cc__w000000_000047,Subject.7/Fall sitting,Subject.7__Fall_sitting__938b24cc,1,0,47,23.0,1,0.02083333395421505,0.9368686676025391,0.7572884559631348,0.8039656281471252,0.0,0.8484848484848485,0.020833333333333332,0.020833333333333332,1,0.0967421680688858,0.3452621951699254,True
train,train\Subject.7__Fall_sitting__938b24cc__w000012_000059.npz,Subject.7__Fall_sitting__938b24cc__w000012_000059,Subject.7/Fall sitting,Subject.7__Fall_sitting__938b24cc,1,12,59,23.0,13,0.2708333432674408,0.9917929172515869,0.7708200216293335,0.7761716842651367,0.8484848484848485,0.990909090909091,0.0,0.0,0,0.106200210750103,0.3685761764645573,False
train,train\Subject.7__Fall_sitting__938b24cc__w000024_000071.npz,Subject.7__Fall_sitting__938b24cc__w000024_000071,Subject.7/Fall sitting,Subject.7__Fall_sitting__938b24cc,1,24,71,23.0,25,0.5208333134651184,0.9671717286109924,0.7428915500640869,0.7629613876342773,0.7575757575757576,0.8515151515151516,0.0,0.0,0,0.10870587080717087,0.3925837829709045,False
train,train\Subject.7__Fall_sitting__938b24cc__w000036_000083.npz,Subject.7__Fall_sitting__938b24cc__w000036_000083,Subject.7/Fall sitting,Subject.7__Fall_sitting__938b24cc,1,36,83,23.0,37,0.7708333134651184,0.9027777910232544,0.6957733631134033,0.7595212459564209,0.7272727272727273,0.7272727272727273,0.0,0.0,0,0.09052484482526779,0.2687724918127056,False
train,train\Subject.7__Fall_sitting__938b24cc__w000048_000095.npz,Subject.7__Fall_sitting__938b24cc__w000048_000095,Subject.7/Fall sitting,Subject.7__Fall_sitting__938b24cc,1,48,95,23.0,48,1.0,0.8345959782600403,0.6550188064575195,0.767761766910553,0.7272727272727273,0.7272727272727273,0.0,0.0,0,0.05939028784632683,0.16395447850227354,False
train,train\Subject.7__Fall_sitting__938b24cc__w000060_000107.npz,Subject.7__Fall_sitting__938b24cc__w000060_000107,Subject.7/Fall sitting,Subject.7__Fall_sitting__938b24cc,1,60,107,23.0,48,1.0,0.7809343338012695,0.6575795412063599,0.8198116421699524,0.7272727272727273,0.7272727272727273,0.0,0.0,0,0.04091382399201393,0.108544285967946,False
train,train\Subject.7__Fall_sitting__938b24cc__w000072_000119.npz,Subject.7__Fall_sitting__938b24cc__w000072_000119,Subject.7/Fall sitting,Subject.7__Fall_sitting__938b24cc,1,72,119,23.0,48,1.0,0.7746211886405945,0.6729825735092163,0.8518514037132263,0.7272727272727273,0.7272727272727273,0.0,0.0,0,0.024866392835974693,0.0718397498130798,False
train,train\Subject.7__Fall_sitting__938b24cc__w000084_000131.npz,Subject.7__Fall_sitting__938b24cc__w000084_000131,Subject.7/Fall sitting,Subject.7__Fall_sitting__938b24cc,1,84,131,23.0,48,1.0,0.8011363744735718,0.7062535285949707,0.8707801699638367,0.7272727272727273,0.7272727272727273,0.0,0.0,0,0.01509056705981493,0.044974699802696694,False
train,train\Subject.7__Fall_sitting__938b24cc__w000096_000143.npz,Subject.7__Fall_sitting__938b24cc__w000096_000143,Subject.7/Fall sitting,Subject.7__Fall_sitting__938b24cc,1,96,143,23.0,48,1.0,0.814393937587738,0.7225326299667358,0.8779037594795227,0.7272727272727273,0.7272727272727273,0.0,0.0,0,0.021848538890480995,0.04844078104943029,False
train,train\Subject.7__Fall_sitting__938b24cc__w000108_000155.npz,Subject.7__Fall_sitting__938b24cc__w000108_000155,Subject.7/Fall sitting,Subject.7__Fall_sitting__938b24cc,1,108,155,23.0,48,1.0,0.8251262903213501,0.7104603052139282,0.8543765544891357,0.7272727272727273,0.7272727272727273,0.0,0.0,0,0.023972757160663605,0.05011887736618518,False
train,train\Subject.7__Fall_sitting__938b24cc__w000120_000167.npz,Subject.7__Fall_sitting__938b24cc__w000120_000167,Subject.7/Fall sitting,Subject.7__Fall_sitting__938b24cc,1,120,167,23.0,48,1.0,0.8011363744735718,0.6783492565155029,0.8358903527259827,0.696969696969697,0.696969696969697,0.0,0.0,0,0.029314855113625526,0.05175913069397208,False
train,train\Subject.7__Fall_sitting__938b24cc__w000132_000179.npz,Subject.7__Fall_sitting__938b24cc__w000132_000179,Subject.7/Fall sitting,Subject.7__Fall_sitting__938b24cc,1,132,179,23.0,48,1.0,0.7733585834503174,0.6506921052932739,0.8241530060768127,0.696969696969697,0.696969696969697,0.0,0.0,0,0.03475558012723923,0.053954905271530115,False
train,train\Subject.7__Fall_sitting__938b24cc__w000144_000191.npz,Subject.7__Fall_sitting__938b24cc__w000144_000191,Subject.7/Fall sitting,Subject.7__Fall_sitting__938b24cc,1,144,191,23.0,48,1.0,0.7929292917251587,0.6530264019966125,0.8056764602661133,0.696969696969697,0.696969696969697,0.0,0.0,0,0.0256943441927433,0.04605327807366848,False
train,train\Subject.7__Fall_sitting__938b24cc__w000156_000203.npz,Subject.7__Fall_sitting__938b24cc__w000156_000203,Subject.7/Fall sitting,Subject.7__Fall_sitting__938b24cc,1,156,203,23.0,48,1.0,0.818813145160675,0.6679011583328247,0.7973540425300598,0.696969696969697,0.696969696969697,0.0,0.0,0,0.02984401397407055,0.05171312112361191,False
train,train\Subject.7__Hop__11f016a6__w000000_000047.npz,Subject.7__Hop__11f016a6__w000000_000047,Subject.7/Hop,Subject.7__Hop__11f016a6,0,0,47,23.0,0,0.0,0.9229797720909119,0.7635424733161926,0.8246856331825256,0.0,0.9393939393939394,0.0625,0.0625,3,0.05792628973722458,0.1222085990011691,True
train,train\Subject.7__Hop__11f016a6__w000012_000059.npz,Subject.7__Hop__11f016a6__w000012_000059,Subject.7/Hop,Subject.7__Hop__11f016a6,0,12,59,23.0,0,0.0,0.9558081030845642,0.7991567254066467,0.8308495879173279,0.8484848484848485,0.8484848484848485,0.0,0.0,0,0.04055369645357132,0.10738366320729253,False
train,train\Subject.7__Hop__11f016a6__w000024_000071.npz,Subject.7__Hop__11f016a6__w000024_000071,Subject.7/Hop,Subject.7__Hop__11f016a6,0,24,71,23.0,0,0.0,0.9236111044883728,0.7647765278816223,0.8199416399002075,0.8484848484848485,0.8484848484848485,0.0,0.0,0,0.04103241115808487,0.10704197473824019,False
train,train\Subject.7__Hop__11f016a6__w000036_000083.npz,Subject.7__Hop__11f016a6__w000036_000083,Subject.7/Hop,Subject.7__Hop__11f016a6,0,36,83,23.0,0,0.0,0.9204545617103577,0.7609142661094666,0.8180726170539856,0.8484848484848485,0.8484848484848485,0.0,0.0,0,0.036716852337121964,0.09456419385969636,False
train,train\Subject.7__Hop__11f016a6__w000048_000095.npz,Subject.7__Hop__11f016a6__w000048_000095,Subject.7/Hop,Subject.7__Hop__11f016a6,0,48,95,23.0,0,0.0,0.9255050420761108,0.7930042147636414,0.8492410182952881,0.8484848484848485,0.8484848484848485,0.0,0.0,0,0.029321227222681046,0.06603067070245738,False
train,train\Subject.7__Hop__11f016a6__w000060_000107.npz,Subject.7__Hop__11f016a6__w000060_000107,Subject.7/Hop,Subject.7__Hop__11f016a6,0,60,107,23.0,0,0.0,0.9633838534355164,0.8562871217727661,0.8856189250946045,0.8484848484848485,0.8484848484848485,0.0,0.0,0,0.02773682214319706,0.0547443877905607,False
train,train\Subject.7__Hop__11f016a6__w000072_000119.npz,Subject.7__Hop__11f016a6__w000072_000119,Subject.7/Hop,Subject.7__Hop__11f016a6,0,72,119,23.0,0,0.0,0.9968434572219849,0.9193733334541321,0.9218369126319885,0.9696969696969697,0.990909090909091,0.0,0.0,0,0.02301972359418869,0.04913065340369939,False
train,train\Subject.7__Hop__11f016a6__w000084_000131.npz,Subject.7__Hop__11f016a6__w000084_000131,Subject.7/Hop,Subject.7__Hop__11f016a6,0,84,131,23.0,0,0.0,1.0,0.9410854578018188,0.9410854578018188,1.0,1.0,0.0,0.0,0,0.022821271792054176,0.060222496464848514,False
train,train\Subject.7__Hop__11f016a6__w000096_000143.npz,Subject.7__Hop__11f016a6__w000096_000143,Subject.7/Hop,Subject.7__Hop__11f016a6,0,96,143,23.0,0,0.0,1.0,0.9459002614021301,0.9459002614021301,1.0,1.0,0.0,0.0,0,0.026498770341277122,0.06985832825303073,False
train,train\Subject.7__Hop__11f016a6__w000108_000155.npz,Subject.7__Hop__11f016a6__w000108_000155,Subject.7/Hop,Subject.7__Hop__11f016a6,0,108,155,23.0,0,0.0,1.0,0.9436659216880798,0.9436659216880798,1.0,1.0,0.0,0.0,0,0.02908029779791832,0.07456756979227062,False
train,train\Subject.7__Hop__11f016a6__w000120_000167.npz,Subject.7__Hop__11f016a6__w000120_000167,Subject.7/Hop,Subject.7__Hop__11f016a6,0,120,167,23.0,0,0.0,1.0,0.9276916980743408,0.9276916980743408,1.0,1.0,0.0,0.0,0,0.03523540869355202,0.08860314302146426,False
train,train\Subject.7__Hop__11f016a6__w000132_000179.npz,Subject.7__Hop__11f016a6__w000132_000179,Subject.7/Hop,Subject.7__Hop__11f016a6,0,132,179,23.0,0,0.0,1.0,0.9167691469192505,0.9167691469192505,1.0,1.0,0.0,0.0,0,0.03838925063610077,0.09504486545920368,False
train,train\Subject.7__Hop__11f016a6__w000144_000191.npz,Subject.7__Hop__11f016a6__w000144_000191,Subject.7/Hop,Subject.7__Hop__11f016a6,0,144,191,23.0,0,0.0,1.0,0.8810617327690125,0.8810617327690125,1.0,1.0,0.0,0.0,0,0.03969491273164749,0.0989185370504856,False
train,train\Subject.7__Kneel__d4aab36d__w000000_000047.npz,Subject.7__Kneel__d4aab36d__w000000_000047,Subject.7/Kneel,Subject.7__Kneel__d4aab36d,0,0,47,23.0,0,0.0,0.9520202279090881,0.843269407749176,0.8798243403434753,0.8181818181818182,0.8181818181818182,0.0,0.0,0,0.06112579256296158,0.1649913415312767,False
train,train\Subject.7__Kneel__d4aab36d__w000012_000059.npz,Subject.7__Kneel__d4aab36d__w000012_000059,Subject.7/Kneel,Subject.7__Kneel__d4aab36d,0,12,59,23.0,0,0.0,0.9084596037864685,0.8097642064094543,0.8818685412406921,0.8181818181818182,0.8181818181818182,0.0,0.0,0,0.04462322220206261,0.12266510017216203,False
train,train\Subject.7__Kneel__d4aab36d__w000024_000071.npz,Subject.7__Kneel__d4aab36d__w000024_000071,Subject.7/Kneel,Subject.7__Kneel__d4aab36d,0,24,71,23.0,0,0.0,0.8630050420761108,0.7799006104469299,0.8905739188194275,0.8181818181818182,0.8181818181818182,0.0,0.0,0,0.035067807883024216,0.09862247928977008,False
train,train\Subject.7__Kneel__d4aab36d__w000036_000083.npz,Subject.7__Kneel__d4aab36d__w000036_000083,Subject.7/Kneel,Subject.7__Kneel__d4aab36d,0,36,83,23.0,0,0.0,0.8232323527336121,0.7618306279182434,0.9106192588806152,0.8181818181818182,0.8181818181818182,0.0,0.0,0,0.02646711841225624,0.08959720842540259,False
train,train\Subject.7__Kneel__d4aab36d__w000048_000095.npz,Subject.7__Kneel__d4aab36d__w000048_000095,Subject.7/Kneel,Subject.7__Kneel__d4aab36d,0,48,95,23.0,0,0.0,0.8207070827484131,0.7489004135131836,0.8985785245895386,0.8181818181818182,0.8181818181818182,0.0,0.0,0,0.028035428375005722,0.08162537068128581,False
train,train\Subject.7__Kneel__d4aab36d__w000060_000107.npz,Subject.7__Kneel__d4aab36d__w000060_000107,Subject.7/Kneel,Subject.7__Kneel__d4aab36d,0,60,107,23.0,0,0.0,0.8194444179534912,0.7251505255699158,0.869929850101471,0.8181818181818182,0.8181818181818182,0.0,0.0,0,0.03367721289396286,0.08444201238453385,False
train,train\Subject.7__Kneel__d4aab36d__w000072_000119.npz,Subject.7__Kneel__d4aab36d__w000072_000119,Subject.7/Kneel,Subject.7__Kneel__d4aab36d,0,72,119,23.0,0,0.0,0.8585858345031738,0.7102303504943848,0.8150090575218201,0.8181818181818182,0.8181818181818182,0.0,0.0,0,0.04685318097472191,0.1311473488807678,False
train,train\Subject.7__Kneel__d4aab36d__w000084_000131.npz,Subject.7__Kneel__d4aab36d__w000084_000131,Subject.7/Kneel,Subject.7__Kneel__d4aab36d,0,84,131,23.0,0,0.0,0.877525269985199,0.7134503722190857,0.7989195585250854,0.8181818181818182,0.8181818181818182,0.0,0.0,0,0.0667339414358139,0.18228379040956497,False
train,train\Subject.7__Kneel__d4aab36d__w000096_000143.npz,Subject.7__Kneel__d4aab36d__w000096_000143,Subject.7/Kneel,Subject.7__Kneel__d4aab36d,0,96,143,23.0,0,0.0,0.876893937587738,0.7123081088066101,0.7992232441902161,0.8181818181818182,0.8181818181818182,0.0,0.0,0,0.07629536092281342,0.22048463225364684,False
train,train\Subject.7__Kneel__d4aab36d__w000108_000155.npz,Subject.7__Kneel__d4aab36d__w000108_000155,Subject.7/Kneel,Subject.7__Kneel__d4aab36d,0,108,155,23.0,0,0.0,0.8712121248245239,0.714566171169281,0.8050116896629333,0.7878787878787878,0.7878787878787878,0.0,0.0,0,0.08357847481966019,0.25220446884632103,False
train,train\Subject.7__Kneel__d4aab36d__w000120_000167.npz,Subject.7__Kneel__d4aab36d__w000120_000167,Subject.7/Kneel,Subject.7__Kneel__d4aab36d,0,120,167,23.0,0,0.0,0.8371211886405945,0.7106073498725891,0.8275988101959229,0.7575757575757576,0.7878787878787878,0.0,0.0,0,0.09705238044261932,0.3098967820405958,False
train,train\Subject.7__Kneel__d4aab36d__w000132_000179.npz,Subject.7__Kneel__d4aab36d__w000132_000179,Subject.7/Kneel,Subject.7__Kneel__d4aab36d,0,132,179,23.0,0,0.0,0.8339646458625793,0.7015140652656555,0.8184166550636292,0.7575757575757576,0.7878787878787878,0.0,0.0,0,0.10613280534744263,0.35696163773536677,False
train,train\Subject.7__Kneel__d4aab36d__w000144_000191.npz,Subject.7__Kneel__d4aab36d__w000144_000191,Subject.7/Kneel,Subject.7__Kneel__d4aab36d,0,144,191,23.0,0,0.0,0.8207070827484131,0.6951748132705688,0.8199413418769836,0.7575757575757576,0.7575757575757576,0.0,0.0,0,0.10913023352622986,0.35182351619005203,False
train,train\Subject.7__Pick_up_object__7b8c315a__w000000_000047.npz,Subject.7__Pick_up_object__7b8c315a__w000000_000047,Subject.7/Pick up object,Subject.7__Pick_up_object__7b8c315a,0,0,47,23.0,0,0.0,0.7462121248245239,0.5949280261993408,0.7680832147598267,0.0,0.6878787878787879,0.020833333333333332,0.020833333333333332,1,0.0458800233900547,0.11786876134574412,True
train,train\Subject.7__Pick_up_object__7b8c315a__w000012_000059.npz,Subject.7__Pick_up_object__7b8c315a__w000012_000059,Subject.7/Pick up object,Subject.7__Pick_up_object__7b8c315a,0,12,59,23.0,0,0.0,0.7840909361839294,0.6207172274589539,0.7664914131164551,0.6666666666666666,0.696969696969697,0.0,0.0,0,0.05275927111506462,0.1567912049591541,False
train,train\Subject.7__Pick_up_object__7b8c315a__w000024_000071.npz,Subject.7__Pick_up_object__7b8c315a__w000024_000071,Subject.7/Pick up object,Subject.7__Pick_up_object__7b8c315a,0,24,71,23.0,0,0.0,0.8383838534355164,0.6336549520492554,0.7395960688591003,0.696969696969697,0.7272727272727273,0.0,0.0,0,0.053316228091716766,0.15944477990269654,False
train,train\Subject.7__Pick_up_object__7b8c315a__w000036_000083.npz,Subject.7__Pick_up_object__7b8c315a__w000036_000083,Subject.7/Pick up object,Subject.7__Pick_up_object__7b8c315a,0,36,83,23.0,0,0.0,0.8282828330993652,0.6383408308029175,0.7502437829971313,0.6060606060606061,0.6363636363636364,0.0,0.0,0,0.05426894128322601,0.16355184763669964,False
train,train\Subject.7__Pick_up_object__7b8c315a__w000048_000095.npz,Subject.7__Pick_up_object__7b8c315a__w000048_000095,Subject.7/Pick up object,Subject.7__Pick_up_object__7b8c315a,0,48,95,23.0,0,0.0,0.7979797720909119,0.6305721998214722,0.7642916440963745,0.6060606060606061,0.6060606060606061,0.0,0.0,0,0.05749845877289772,0.16355184763669964,False
train,train\Subject.7__Pick_up_object__7b8c315a__w000060_000107.npz,Subject.7__Pick_up_object__7b8c315a__w000060_000107,Subject.7/Pick up object,Subject.7__Pick_up_object__7b8c315a,0,60,107,23.0,0,0.0,0.8055555820465088,0.6275588274002075,0.754086971282959,0.6060606060606061,0.6060606060606061,0.0,0.0,0,0.048735734075307846,0.1250891763716936,False
train,train\Subject.7__Pick_up_object__7b8c315a__w000072_000119.npz,Subject.7__Pick_up_object__7b8c315a__w000072_000119,Subject.7/Pick up object,Subject.7__Pick_up_object__7b8c315a,0,72,119,23.0,0,0.0,0.8194444179534912,0.6581992506980896,0.7798179984092712,0.6060606060606061,0.6060606060606061,0.0,0.0,0,0.05107777565717697,0.08354337327182293,False
train,train\Subject.7__Pick_up_object__7b8c315a__w000084_000131.npz,Subject.7__Pick_up_object__7b8c315a__w000084_000131,Subject.7/Pick up object,Subject.7__Pick_up_object__7b8c315a,0,84,131,23.0,0,0.0,0.8939393758773804,0.6896594762802124,0.7592097520828247,0.6060606060606061,0.6060606060606061,0.0,0.0,0,0.05215410888195038,0.08373857103288172,False
train,train\Subject.7__Pick_up_object__7b8c315a__w000096_000143.npz,Subject.7__Pick_up_object__7b8c315a__w000096_000143,Subject.7/Pick up object,Subject.7__Pick_up_object__7b8c315a,0,96,143,23.0,0,0.0,0.9608585834503174,0.7091585397720337,0.7324501276016235,0.8181818181818182,0.9393939393939394,0.0,0.0,0,0.0412050299346447,0.08382135666906833,False
train,train\Subject.7__Sit_down__b2345884__w000000_000047.npz,Subject.7__Sit_down__b2345884__w000000_000047,Subject.7/Sit down,Subject.7__Sit_down__b2345884,0,0,47,23.0,0,0.0,0.9861111044883728,0.8139374256134033,0.8230053782463074,0.7878787878787878,0.9606060606060607,0.0,0.0,0,0.040730882436037064,0.09919228777289389,False
train,train\Subject.7__Sit_down__b2345884__w000012_000059.npz,Subject.7__Sit_down__b2345884__w000012_000059,Subject.7/Sit down,Subject.7__Sit_down__b2345884,0,12,59,23.0,0,0.0,0.9034090638160706,0.7518689632415771,0.8195891380310059,0.6060606060606061,0.6060606060606061,0.0,0.0,0,0.0415692999958992,0.10151078999042511,False
train,train\Subject.7__Sit_down__b2345884__w000024_000071.npz,Subject.7__Sit_down__b2345884__w000024_000071,Subject.7/Sit down,Subject.7__Sit_down__b2345884,0,24,71,23.0,0,0.0,0.8011363744735718,0.6682953238487244,0.8108659386634827,0.5454545454545454,0.6060606060606061,0.0,0.0,0,0.037877146154642105,0.09624907262623308,False
train,train\Subject.7__Sit_down__b2345884__w000036_000083.npz,Subject.7__Sit_down__b2345884__w000036_000083,Subject.7/Sit down,Subject.7__Sit_down__b2345884,0,36,83,23.0,0,0.0,0.7247474789619446,0.5955715179443359,0.7839229702949524,0.5454545454545454,0.5454545454545454,0.0,0.0,0,0.034468285739421844,0.07499845698475834,False
train,train\Subject.7__Sit_down__b2345884__w000048_000095.npz,Subject.7__Sit_down__b2345884__w000048_000095,Subject.7/Sit down,Subject.7__Sit_down__b2345884,0,48,95,23.0,0,0.0,0.7190656661987305,0.594510018825531,0.788031816482544,0.5454545454545454,0.5454545454545454,0.0,0.0,0,0.024621887132525444,0.06333004273474213,False
train,train\Subject.7__Sit_down__b2345884__w000060_000107.npz,Subject.7__Sit_down__b2345884__w000060_000107,Subject.7/Sit down,Subject.7__Sit_down__b2345884,0,60,107,23.0,0,0.0,0.7960858345031738,0.65264493227005,0.7953324317932129,0.5454545454545454,0.5454545454545454,0.0,0.0,0,0.020663395524024963,0.06157038528472184,False
train,train\Subject.7__Sit_down__b2345884__w000072_000119.npz,Subject.7__Sit_down__b2345884__w000072_000119,Subject.7/Sit down,Subject.7__Sit_down__b2345884,0,72,119,23.0,0,0.0,0.8983585834503174,0.7418596744537354,0.8121523857116699,0.5454545454545454,0.7181818181818183,0.0,0.0,0,0.014378082938492298,0.033018316142261014,False
train,train\Subject.7__Sit_down__b2345884__w000084_000131.npz,Subject.7__Sit_down__b2345884__w000084_000131,Subject.7/Sit down,Subject.7__Sit_down__b2345884,0,84,131,23.0,0,0.0,0.9747474789619446,0.8237490653991699,0.8414873480796814,0.8787878787878788,0.9090909090909091,0.0,0.0,0,0.0068742637522518635,0.017863640561699864,False
train,train\Subject.7__Sit_down__b2345884__w000096_000143.npz,Subject.7__Sit_down__b2345884__w000096_000143,Subject.7/Sit down,Subject.7__Sit_down__b2345884,0,96,143,23.0,0,0.0,0.993686854839325,0.8819876909255981,0.886772096157074,0.9696969696969697,0.9696969696969697,0.0,0.0,0,0.005067712627351284,0.015907746646553277,False
train,train\Subject.7__Sit_down__b2345884__w000108_000155.npz,Subject.7__Sit_down__b2345884__w000108_000155,Subject.7/Sit down,Subject.7__Sit_down__b2345884,0,108,155,23.0,0,0.0,1.0,0.9154489040374756,0.9154489040374756,1.0,1.0,0.0,0.0,0,0.0034901355393230915,0.011626275209709994,False
train,train\Subject.7__Sit_down__b2345884__w000120_000167.npz,Subject.7__Sit_down__b2345884__w000120_000167,Subject.7/Sit down,Subject.7__Sit_down__b2345884,0,120,167,23.0,0,0.0,1.0,0.9103230834007263,0.9103230834007263,1.0,1.0,0.0,0.0,0,0.00783059373497963,0.031823291257023795,False
train,train\Subject.7__Sit_down__b2345884__w000132_000179.npz,Subject.7__Sit_down__b2345884__w000132_000179,Subject.7/Sit down,Subject.7__Sit_down__b2345884,0,132,179,23.0,0,0.0,0.9652777910232544,0.8356620073318481,0.8605437874794006,0.696969696969697,0.8787878787878788,0.0,0.0,0,0.018743079155683517,0.060955242440104467,False
train,train\Subject.7__Sit_down__b2345884__w000144_000191.npz,Subject.7__Sit_down__b2345884__w000144_000191,Subject.7/Sit down,Subject.7__Sit_down__b2345884,0,144,191,23.0,0,0.0,0.8762626051902771,0.7445353269577026,0.8325324654579163,0.6060606060606061,0.6272727272727273,0.0,0.0,0,0.028462428599596024,0.07361194826662538,False
train,train\Subject.7__Walk__ab3e009c__w000000_000047.npz,Subject.7__Walk__ab3e009c__w000000_000047,Subject.7/Walk,Subject.7__Walk__ab3e009c,0,0,47,23.0,0,0.0,0.8377525210380554,0.6500005125999451,0.7548317313194275,0.0,0.7575757575757576,0.020833333333333332,0.020833333333333332,1,0.03261980041861534,0.09844216220080852,True
train,train\Subject.7__Walk__ab3e009c__w000012_000059.npz,Subject.7__Walk__ab3e009c__w000012_000059,Subject.7/Walk,Subject.7__Walk__ab3e009c,0,12,59,23.0,0,0.0,0.8806818127632141,0.7134317755699158,0.7930233478546143,0.7575757575757576,0.7575757575757576,0.0,0.0,0,0.026233388110995293,0.07186525464057922,False
train,train\Subject.7__Walk__ab3e009c__w000024_000071.npz,Subject.7__Walk__ab3e009c__w000024_000071,Subject.7/Walk,Subject.7__Walk__ab3e009c,0,24,71,23.0,0,0.0,0.9015151262283325,0.7551324963569641,0.8254839777946472,0.7575757575757576,0.8696969696969697,0.0,0.0,0,0.021279050037264824,0.06280483342707155,False
train,train\Subject.7__Walk__ab3e009c__w000036_000083.npz,Subject.7__Walk__ab3e009c__w000036_000083,Subject.7/Walk,Subject.7__Walk__ab3e009c,0,36,83,23.0,0,0.0,0.9046717286109924,0.792418897151947,0.865418553352356,0.8484848484848485,0.8484848484848485,0.0,0.0,0,0.01889055036008358,0.05978224072605361,False
train,train\Subject.7__Walk__ab3e009c__w000048_000095.npz,Subject.7__Walk__ab3e009c__w000048_000095,Subject.7/Walk,Subject.7__Walk__ab3e009c,0,48,95,23.0,0,0.0,0.8970959782600403,0.8174708485603333,0.8997066617012024,0.8484848484848485,0.8484848484848485,0.0,0.0,0,0.01731354370713234,0.042229923978447916,False
train,train\Subject.7__Walk__ab3e009c__w000060_000107.npz,Subject.7__Walk__ab3e009c__w000060_000107,Subject.7/Walk,Subject.7__Walk__ab3e009c,0,60,107,23.0,0,0.0,0.9198232293128967,0.8472673892974854,0.9131851196289062,0.8484848484848485,0.8484848484848485,0.0,0.0,0,0.01672464609146118,0.042229923978447916,False
train,train\Subject.7__Walk__ab3e009c__w000072_000119.npz,Subject.7__Walk__ab3e009c__w000072_000119,Subject.7/Walk,Subject.7__Walk__ab3e009c,0,72,119,23.0,0,0.0,0.9501262903213501,0.8814042806625366,0.9227233529090881,0.8484848484848485,0.8484848484848485,0.0,0.0,0,0.01638311892747879,0.03988255802541971,False
train,train\Subject.7__Walk__ab3e009c__w000084_000131.npz,Subject.7__Walk__ab3e009c__w000084_000131,Subject.7/Walk,Subject.7__Walk__ab3e009c,0,84,131,23.0,0,0.0,0.9842171669006348,0.9148641228675842,0.9274797439575195,0.8484848484848485,0.9424242424242425,0.0,0.0,0,0.017468206584453583,0.046242318116128424,False
train,train\Subject.7__Walk__ab3e009c__w000096_000143.npz,Subject.7__Walk__ab3e009c__w000096_000143,Subject.7/Walk,Subject.7__Walk__ab3e009c,0,96,143,23.0,0,0.0,1.0,0.9345877170562744,0.9345877170562744,1.0,1.0,0.0,0.0,0,0.026266951113939285,0.10897315740585323,False
train,train\Subject.7__Walk__ab3e009c__w000108_000155.npz,Subject.7__Walk__ab3e009c__w000108_000155,Subject.7/Walk,Subject.7__Walk__ab3e009c,0,108,155,23.0,0,0.0,1.0,0.9221054315567017,0.9221054315567017,1.0,1.0,0.0,0.0,0,0.031105564907193184,0.10897315740585323,False
train,train\Subject.7__Walk__ab3e009c__w000120_000167.npz,Subject.7__Walk__ab3e009c__w000120_000167,Subject.7/Walk,Subject.7__Walk__ab3e009c,0,120,167,23.0,0,0.0,0.9911616444587708,0.865011990070343,0.8712998032569885,0.9090909090909091,0.9696969696969697,0.0,0.0,0,0.03839127719402313,0.1304906159639358,False
train,train\Subject.7__Walk__ab3e009c__w000132_000179.npz,Subject.7__Walk__ab3e009c__w000132_000179,Subject.7/Walk,Subject.7__Walk__ab3e009c,0,132,179,23.0,0,0.0,0.9375,0.7860299944877625,0.8301054239273071,0.7575757575757576,0.7575757575757576,0.0,0.0,0,0.049870964139699936,0.16406813859939542,False
train,train\Subject.7__Walk__ab3e009c__w000144_000191.npz,Subject.7__Walk__ab3e009c__w000144_000191,Subject.7/Walk,Subject.7__Walk__ab3e009c,0,144,191,23.0,0,0.0,0.9027777910232544,0.7157038450241089,0.7812383770942688,0.7575757575757576,0.7575757575757576,0.0,0.0,0,0.04537060111761093,0.13361568003892868,False
train,train\Subject.8__Fall_backwards__6afd474e__w000000_000047.npz,Subject.8__Fall_backwards__6afd474e__w000000_000047,Subject.8/Fall backwards,Subject.8__Fall_backwards__6afd474e,0,0,47,23.0,0,0.0,0.8756313323974609,0.7119817137718201,0.804175615310669,0.0,0.8484848484848485,0.020833333333333332,0.020833333333333332,1,0.047954291105270386,0.15860260352492325,True
train,train\Subject.8__Fall_backwards__6afd474e__w000012_000059.npz,Subject.8__Fall_backwards__6afd474e__w000012_000059,Subject.8/Fall backwards,Subject.8__Fall_backwards__6afd474e,0,12,59,23.0,0,0.0,0.8377525210380554,0.7027295231819153,0.8227552771568298,0.696969696969697,0.696969696969697,0.0,0.0,0,0.052464958280324936,0.14112612456083293,False
train,train\Subject.8__Fall_backwards__6afd474e__w000024_000071.npz,Subject.8__Fall_backwards__6afd474e__w000024_000071,Subject.8/Fall backwards,Subject.8__Fall_backwards__6afd474e,1,24,71,23.0,8,0.1666666716337204,0.8131313323974609,0.6809225082397461,0.8199870586395264,0.696969696969697,0.696969696969697,0.0,0.0,0,0.056721147149801254,0.14134364798665044,False
train,train\Subject.8__Fall_backwards__6afd474e__w000036_000083.npz,Subject.8__Fall_backwards__6afd474e__w000036_000083,Subject.8/Fall backwards,Subject.8__Fall_backwards__6afd474e,1,36,83,23.0,20,0.4166666567325592,0.8068181872367859,0.666206419467926,0.8047994375228882,0.696969696969697,0.696969696969697,0.0,0.0,0,0.06789281219244003,0.15744138211011885,False
train,train\Subject.8__Fall_backwards__6afd474e__w000048_000095.npz,Subject.8__Fall_backwards__6afd474e__w000048_000095,Subject.8/Fall backwards,Subject.8__Fall_backwards__6afd474e,1,48,95,23.0,32,0.6666666865348816,0.8137626051902771,0.6796976923942566,0.8125398755073547,0.696969696969697,0.696969696969697,0.0,0.0,0,0.06285158544778824,0.13495563045144082,False
train,train\Subject.8__Fall_backwards__6afd474e__w000060_000107.npz,Subject.8__Fall_backwards__6afd474e__w000060_000107,Subject.8/Fall backwards,Subject.8__Fall_backwards__6afd474e,1,60,107,23.0,44,0.9166666865348816,0.8762626051902771,0.7466333508491516,0.838054358959198,0.696969696969697,0.8090909090909091,0.0,0.0,0,0.050550397485494614,0.1322223350405692,False
train,train\Subject.8__Fall_backwards__6afd474e__w000072_000119.npz,Subject.8__Fall_backwards__6afd474e__w000072_000119,Subject.8/Fall backwards,Subject.8__Fall_backwards__6afd474e,1,72,119,23.0,48,1.0,0.9248737096786499,0.8213198184967041,0.8791533708572388,0.7575757575757576,0.8393939393939395,0.0,0.0,0,0.03737134486436844,0.09637645967304692,False
train,train\Subject.8__Fall_backwards__6afd474e__w000084_000131.npz,Subject.8__Fall_backwards__6afd474e__w000084_000131,Subject.8/Fall backwards,Subject.8__Fall_backwards__6afd474e,1,84,131,23.0,48,1.0,0.9690656661987305,0.879912793636322,0.9048813581466675,0.8484848484848485,0.8484848484848485,0.0,0.0,0,0.028224194422364235,0.08688789680600166,False
train,train\Subject.8__Fall_backwards__6afd474e__w000096_000143.npz,Subject.8__Fall_backwards__6afd474e__w000096_000143,Subject.8/Fall backwards,Subject.8__Fall_backwards__6afd474e,1,96,143,23.0,48,1.0,1.0,0.9261072874069214,0.9261072874069214,1.0,1.0,0.0,0.0,0,0.0260600708425045,0.10947710536420335,False
train,train\Subject.8__Fall_backwards__6afd474e__w000108_000155.npz,Subject.8__Fall_backwards__6afd474e__w000108_000155,Subject.8/Fall backwards,Subject.8__Fall_backwards__6afd474e,1,108,155,23.0,48,1.0,1.0,0.9310991764068604,0.9310991764068604,1.0,1.0,0.0,0.0,0,0.028549447655677795,0.13551891595125193,False
train,train\Subject.8__Fall_backwards__6afd474e__w000120_000167.npz,Subject.8__Fall_backwards__6afd474e__w000120_000167,Subject.8/Fall backwards,Subject.8__Fall_backwards__6afd474e,1,120,167,23.0,48,1.0,1.0,0.9105145931243896,0.9105145931243896,1.0,1.0,0.0,0.0,0,0.030791781842708588,0.12618817165493953,False
train,train\Subject.8__Fall_backwards__6afd474e__w000132_000179.npz,Subject.8__Fall_backwards__6afd474e__w000132_000179,Subject.8/Fall backwards,Subject.8__Fall_backwards__6afd474e,1,132,179,23.0,48,1.0,0.9829545617103577,0.8654003143310547,0.877841591835022,0.8484848484848485,0.9393939393939394,0.0,0.0,0,0.03351406380534172,0.1213057409971952,False
train,train\Subject.8__Fall_backwards__6afd474e__w000144_000191.npz,Subject.8__Fall_backwards__6afd474e__w000144_000191,Subject.8/Fall backwards,Subject.8__Fall_backwards__6afd474e,1,144,191,23.0,48,1.0,0.9286616444587708,0.8070510625839233,0.8578289747238159,0.7272727272727273,0.7787878787878788,0.0,0.0,0,0.031949520111083984,0.10144317261874661,False
train,train\Subject.8__Fall_backwards__6afd474e__w000156_000203.npz,Subject.8__Fall_backwards__6afd474e__w000156_000203,Subject.8/Fall backwards,Subject.8__Fall_backwards__6afd474e,1,156,203,23.0,48,1.0,0.8838383555412292,0.76598060131073,0.84743732213974,0.7272727272727273,0.7272727272727273,0.0,0.0,0,0.033432506024837494,0.08270313888788224,False
train,train\Subject.8__Fall_forward__f646154d__w000000_000047.npz,Subject.8__Fall_forward__f646154d__w000000_000047,Subject.8/Fall forward,Subject.8__Fall_forward__f646154d,1,0,47,23.0,8,0.1666666716337204,0.0,0.0,nan,0.0,0.0,1.0,1.0,48,0.0,0.0,True
train,train\Subject.8__Fall_forward__f646154d__w000012_000059.npz,Subject.8__Fall_forward__f646154d__w000012_000059,Subject.8/Fall forward,Subject.8__Fall_forward__f646154d,1,12,59,23.0,20,0.4166666567325592,0.0,0.0,nan,0.0,0.0,1.0,1.0,48,0.0,0.0,True
train,train\Subject.8__Fall_forward__f646154d__w000024_000071.npz,Subject.8__Fall_forward__f646154d__w000024_000071,Subject.8/Fall forward,Subject.8__Fall_forward__f646154d,1,24,71,23.0,32,0.6666666865348816,0.0,0.0,nan,0.0,0.0,1.0,1.0,48,0.0,0.0,True
train,train\Subject.8__Fall_forward__f646154d__w000036_000083.npz,Subject.8__Fall_forward__f646154d__w000036_000083,Subject.8/Fall forward,Subject.8__Fall_forward__f646154d,1,36,83,23.0,44,0.9166666865348816,0.0,0.0,nan,0.0,0.0,1.0,1.0,48,0.0,0.0,True
train,train\Subject.8__Fall_forward__f646154d__w000048_000095.npz,Subject.8__Fall_forward__f646154d__w000048_000095,Subject.8/Fall forward,Subject.8__Fall_forward__f646154d,1,48,95,23.0,48,1.0,0.0,0.0,nan,0.0,0.0,1.0,1.0,48,0.0,0.0,True
train,train\Subject.8__Fall_forward__f646154d__w000060_000107.npz,Subject.8__Fall_forward__f646154d__w000060_000107,Subject.8/Fall forward,Subject.8__Fall_forward__f646154d,1,60,107,23.0,48,1.0,0.0,0.0,nan,0.0,0.0,1.0,1.0,48,0.0,0.0,True
train,train\Subject.8__Fall_forward__f646154d__w000072_000119.npz,Subject.8__Fall_forward__f646154d__w000072_000119,Subject.8/Fall forward,Subject.8__Fall_forward__f646154d,1,72,119,23.0,48,1.0,0.0,0.0,nan,0.0,0.0,1.0,1.0,48,0.0,0.0,True
train,train\Subject.8__Fall_left__c62bf683__w000000_000047.npz,Subject.8__Fall_left__c62bf683__w000000_000047,Subject.8/Fall left,Subject.8__Fall_left__c62bf683,0,0,47,23.0,0,0.0,0.9791666865348816,0.7753390669822693,0.7899510860443115,0.8484848484848485,0.9696969696969697,0.0,0.0,0,0.07061818987131119,0.2318924807012081,False
train,train\Subject.8__Fall_left__c62bf683__w000012_000059.npz,Subject.8__Fall_left__c62bf683__w000012_000059,Subject.8/Fall left,Subject.8__Fall_left__c62bf683,1,12,59,23.0,3,0.0625,0.9943181872367859,0.8027120232582092,0.8068607449531555,0.9696969696969697,0.9696969696969697,0.0,0.0,0,0.0832507386803627,0.2508834183216095,False
train,train\Subject.8__Fall_left__c62bf683__w000024_000071.npz,Subject.8__Fall_left__c62bf683__w000024_000071,Subject.8/Fall left,Subject.8__Fall_left__c62bf683,1,24,71,23.0,15,0.3125,1.0,0.8380388021469116,0.8380388021469116,1.0,1.0,0.0,0.0,0,0.09097320586442947,0.2587084218859671,False
train,train\Subject.8__Fall_left__c62bf683__w000036_000083.npz,Subject.8__Fall_left__c62bf683__w000036_000083,Subject.8/Fall left,Subject.8__Fall_left__c62bf683,1,36,83,23.0,27,0.5625,1.0,0.8403046131134033,0.8403046131134033,1.0,1.0,0.0,0.0,0,0.07985138148069382,0.2477665513753889,False
train,train\Subject.8__Fall_left__c62bf683__w000048_000095.npz,Subject.8__Fall_left__c62bf683__w000048_000095,Subject.8/Fall left,Subject.8__Fall_left__c62bf683,1,48,95,23.0,39,0.8125,1.0,0.8580306768417358,0.8580306768417358,1.0,1.0,0.0,0.0,0,0.042670417577028275,0.12939668148756017,False
train,train\Subject.8__Fall_left__c62bf683__w000060_000107.npz,Subject.8__Fall_left__c62bf683__w000060_000107,Subject.8/Fall left,Subject.8__Fall_left__c62bf683,1,60,107,23.0,48,1.0,1.0,0.8855547904968262,0.8855547904968262,1.0,1.0,0.0,0.0,0,0.02363920770585537,0.07982407286763187,False
train,train\Subject.8__Fall_left__c62bf683__w000072_000119.npz,Subject.8__Fall_left__c62bf683__w000072_000119,Subject.8/Fall left,Subject.8__Fall_left__c62bf683,1,72,119,23.0,48,1.0,1.0,0.8924152255058289,0.8924152255058289,1.0,1.0,0.0,0.0,0,0.01600009948015213,0.050630509294569435,False
train,train\Subject.8__Fall_left__c62bf683__w000084_000131.npz,Subject.8__Fall_left__c62bf683__w000084_000131,Subject.8/Fall left,Subject.8__Fall_left__c62bf683,1,84,131,23.0,48,1.0,0.9993686676025391,0.8816193342208862,0.8820522427558899,0.9696969696969697,1.0,0.0,0.0,0,0.015051702037453651,0.05208247564733015,False
train,train\Subject.8__Fall_left__c62bf683__w000096_000143.npz,Subject.8__Fall_left__c62bf683__w000096_000143,Subject.8/Fall left,Subject.8__Fall_left__c62bf683,1,96,143,23.0,48,1.0,0.9709596037864685,0.8510560393333435,0.871621310710907,0.8484848484848485,0.8484848484848485,0.0,0.0,0,0.0255107581615448,0.08482372462749478,False
train,train\Subject.8__Fall_left__c62bf683__w000108_000155.npz,Subject.8__Fall_left__c62bf683__w000108_000155,Subject.8/Fall left,Subject.8__Fall_left__c62bf683,1,108,155,23.0,48,1.0,0.9564393758773804,0.8279807567596436,0.8579836487770081,0.8484848484848485,0.8484848484848485,0.0,0.0,0,0.028429493308067322,0.09155818857252598,False
train,train\Subject.8__Fall_left__c62bf683__w000120_000167.npz,Subject.8__Fall_left__c62bf683__w000120_000167,Subject.8/Fall left,Subject.8__Fall_left__c62bf683,1,120,167,23.0,48,1.0,0.9185606241226196,0.8056574463844299,0.8640581369400024,0.8484848484848485,0.8484848484848485,0.0,0.0,0,0.030620872974395752,0.0736783888190982,False
train,train\Subject.8__Fall_left__c62bf683__w000132_000179.npz,Subject.8__Fall_left__c62bf683__w000132_000179,Subject.8/Fall left,Subject.8__Fall_left__c62bf683,1,132,179,23.0,48,1.0,0.8876262903213501,0.8044768571853638,0.8899015784263611,0.8484848484848485,0.8484848484848485,0.0,0.0,0,0.02998710609972477,0.06550983674824237,False
train,train\Subject.8__Fall_left__c62bf683__w000144_000191.npz,Subject.8__Fall_left__c62bf683__w000144_000191,Subject.8/Fall left,Subject.8__Fall_left__c62bf683,1,144,191,23.0,48,1.0,0.8857323527336121,0.8135050535202026,0.9047755599021912,0.8484848484848485,0.8484848484848485,0.0,0.0,0,0.0192892886698246,0.04983867816627025,False
train,train\Subject.8__Fall_right__63c3af17__w000000_000047.npz,Subject.8__Fall_right__63c3af17__w000000_000047,Subject.8/Fall right,Subject.8__Fall_right__63c3af17,0,0,47,23.0,0,0.0,0.10353535413742065,0.08211860060691833,0.7919475436210632,0.0,0.0,0.8958333333333334,0.8958333333333334,43,0.04576962813735008,0.13417955115437508,True
train,train\Subject.8__Fall_right__63c3af17__w000012_000059.npz,Subject.8__Fall_right__63c3af17__w000012_000059,Subject.8/Fall right,Subject.8__Fall_right__63c3af17,1,12,59,23.0,1,0.02083333395421505,0.35227271914482117,0.2646559178829193,0.7502591609954834,0.0,0.0,0.6458333333333334,0.6458333333333334,31,0.06811683624982834,0.19836131557822223,True
train,train\Subject.8__Fall_right__63c3af17__w000024_000071.npz,Subject.8__Fall_right__63c3af17__w000024_000071,Subject.8/Fall right,Subject.8__Fall_right__63c3af17,1,24,71,23.0,13,0.2708333432674408,0.564393937587738,0.45238086581230164,0.7932526469230652,0.0,0.0,0.3958333333333333,0.3958333333333333,19,0.08071968704462051,0.20460755452513693,True
train,train\Subject.8__Fall_right__63c3af17__w000036_000083.npz,Subject.8__Fall_right__63c3af17__w000036_000083,Subject.8/Fall right,Subject.8__Fall_right__63c3af17,1,36,83,23.0,25,0.5208333134651184,0.6527777910232544,0.5330813527107239,0.8065989017486572,0.0,0.0,0.2916666666666667,0.2916666666666667,14,0.11149988323450089,0.31393093466758715,True
train,train\Subject.8__Fall_right__63c3af17__w000048_000095.npz,Subject.8__Fall_right__63c3af17__w000048_000095,Subject.8/Fall right,Subject.8__Fall_right__63c3af17,1,48,95,23.0,37,0.7708333134651184,0.5492424368858337,0.45096272230148315,0.8093608021736145,0.0,0.0,0.3958333333333333,0.3958333333333333,19,0.06344662606716156,0.26536247134208657,True
train,train\Subject.8__Fall_right__63c3af17__w000060_000107.npz,Subject.8__Fall_right__63c3af17__w000060_000107,Subject.8/Fall right,Subject.8__Fall_right__63c3af17,1,60,107,23.0,48,1.0,0.30050504207611084,0.26842543482780457,0.8726441860198975,0.0,0.0,0.6458333333333334,0.6458333333333334,31,0.041011665016412735,0.2539387851953506,True
train,train\Subject.8__Fall_right__63c3af17__w000072_000119.npz,Subject.8__Fall_right__63c3af17__w000072_000119,Subject.8/Fall right,Subject.8__Fall_right__63c3af17,1,72,119,23.0,48,1.0,0.08838383853435516,0.08070047944784164,0.891823947429657,0.0,0.0,0.8958333333333334,0.8958333333333334,43,0.030361182987689972,0.24581485167145725,True
train,train\Subject.8__Fall_right__63c3af17__w000084_000131.npz,Subject.8__Fall_right__63c3af17__w000084_000131,Subject.8/Fall right,Subject.8__Fall_right__63c3af17,1,84,131,23.0,48,1.0,0.0,0.0,nan,0.0,0.0,1.0,1.0,48,0.0,0.0,True
train,train\Subject.8__Fall_right__63c3af17__w000096_000143.npz,Subject.8__Fall_right__63c3af17__w000096_000143,Subject.8/Fall right,Subject.8__Fall_right__63c3af17,1,96,143,23.0,48,1.0,0.0,0.0,nan,0.0,0.0,1.0,1.0,48,0.0,0.0,True
train,train\Subject.8__Fall_right__63c3af17__w000108_000155.npz,Subject.8__Fall_right__63c3af17__w000108_000155,Subject.8/Fall right,Subject.8__Fall_right__63c3af17,1,108,155,23.0,48,1.0,0.0,0.0,nan,0.0,0.0,1.0,1.0,48,0.0,0.0,True
train,train\Subject.8__Fall_right__63c3af17__w000120_000167.npz,Subject.8__Fall_right__63c3af17__w000120_000167,Subject.8/Fall right,Subject.8__Fall_right__63c3af17,1,120,167,23.0,48,1.0,0.0,0.0,nan,0.0,0.0,1.0,1.0,48,0.0,0.0,True
train,train\Subject.8__Fall_right__63c3af17__w000132_000179.npz,Subject.8__Fall_right__63c3af17__w000132_000179,Subject.8/Fall right,Subject.8__Fall_right__63c3af17,1,132,179,23.0,48,1.0,0.0,0.0,nan,0.0,0.0,1.0,1.0,48,0.0,0.0,True
train,train\Subject.8__Fall_right__63c3af17__w000144_000191.npz,Subject.8__Fall_right__63c3af17__w000144_000191,Subject.8/Fall right,Subject.8__Fall_right__63c3af17,1,144,191,23.0,48,1.0,0.0,0.0,nan,0.0,0.0,1.0,1.0,48,0.0,0.0,True
train,train\Subject.8__Fall_right__63c3af17__w000156_000203.npz,Subject.8__Fall_right__63c3af17__w000156_000203,Subject.8/Fall right,Subject.8__Fall_right__63c3af17,1,156,203,23.0,48,1.0,0.0,0.0,nan,0.0,0.0,1.0,1.0,48,0.0,0.0,True
train,train\Subject.8__Fall_right__63c3af17__w000168_000215.npz,Subject.8__Fall_right__63c3af17__w000168_000215,Subject.8/Fall right,Subject.8__Fall_right__63c3af17,1,168,215,23.0,48,1.0,0.0,0.0,nan,0.0,0.0,1.0,1.0,48,0.0,0.0,True
train,train\Subject.8__Fall_right__63c3af17__w000180_000227.npz,Subject.8__Fall_right__63c3af17__w000180_000227,Subject.8/Fall right,Subject.8__Fall_right__63c3af17,1,180,227,23.0,48,1.0,0.0,0.0,nan,0.0,0.0,1.0,1.0,48,0.0,0.0,True
train,train\Subject.8__Fall_sitting__e041c92a__w000000_000047.npz,Subject.8__Fall_sitting__e041c92a__w000000_000047,Subject.8/Fall sitting,Subject.8__Fall_sitting__e041c92a,0,0,47,23.0,0,0.0,0.33017677068710327,0.2608192265033722,0.7882426977157593,0.0,0.0,0.6666666666666666,0.6666666666666666,32,0.03269932046532631,0.08074289336800547,True
train,train\Subject.8__Fall_sitting__e041c92a__w000012_000059.npz,Subject.8__Fall_sitting__e041c92a__w000012_000059,Subject.8/Fall sitting,Subject.8__Fall_sitting__e041c92a,0,12,59,23.0,0,0.0,0.5763888955116272,0.45618006587028503,0.7893601059913635,0.0,0.0,0.4166666666666667,0.4166666666666667,20,0.0438939593732357,0.11413680873811244,True
train,train\Subject.8__Fall_sitting__e041c92a__w000024_000071.npz,Subject.8__Fall_sitting__e041c92a__w000024_000071,Subject.8/Fall sitting,Subject.8__Fall_sitting__e041c92a,0,24,71,23.0,0,0.0,0.8263888955116272,0.6516348123550415,0.7870787978172302,0.0,0.0,0.16666666666666666,0.16666666666666666,8,0.07345736026763916,0.26223912984132725,True
train,train\Subject.8__Fall_sitting__e041c92a__w000036_000083.npz,Subject.8__Fall_sitting__e041c92a__w000036_000083,Subject.8/Fall sitting,Subject.8__Fall_sitting__e041c92a,1,36,83,23.0,4,0.0833333358168602,0.995580792427063,0.7885171175003052,0.791248619556427,0.9696969696969697,0.9696969696969697,0.0,0.0,0,0.06731139123439789,0.22397422194480895,False
train,train\Subject.8__Fall_sitting__e041c92a__w000048_000095.npz,Subject.8__Fall_sitting__e041c92a__w000048_000095,Subject.8/Fall sitting,Subject.8__Fall_sitting__e041c92a,1,48,95,23.0,16,0.3333333432674408,0.9829545617103577,0.796697735786438,0.8076565265655518,0.9393939393939394,0.9393939393939394,0.0,0.0,0,0.07328087091445923,0.223178718984127,False
train,train\Subject.8__Fall_sitting__e041c92a__w000060_000107.npz,Subject.8__Fall_sitting__e041c92a__w000060_000107,Subject.8/Fall sitting,Subject.8__Fall_sitting__e041c92a,1,60,107,23.0,28,0.5833333134651184,0.9728535413742065,0.8092148900032043,0.82743239402771,0.9393939393939394,0.9393939393939394,0.0,0.0,0,0.06950896233320236,0.21339356824755645,False
train,train\Subject.8__Fall_sitting__e041c92a__w000072_000119.npz,Subject.8__Fall_sitting__e041c92a__w000072_000119,Subject.8/Fall sitting,Subject.8__Fall_sitting__e041c92a,1,72,119,23.0,40,0.8333333134651184,0.9728535413742065,0.832179069519043,0.8510373830795288,0.9393939393939394,0.9393939393939394,0.0,0.0,0,0.045322638005018234,0.12997069060802457,False
train,train\Subject.8__Fall_sitting__e041c92a__w000084_000131.npz,Subject.8__Fall_sitting__e041c92a__w000084_000131,Subject.8/Fall sitting,Subject.8__Fall_sitting__e041c92a,1,84,131,23.0,48,1.0,0.9734848737716675,0.8470982313156128,0.8659376502037048,0.9393939393939394,0.9393939393939394,0.0,0.0,0,0.027022887021303177,0.08482585735619068,False
train,train\Subject.8__Fall_sitting__e041c92a__w000096_000143.npz,Subject.8__Fall_sitting__e041c92a__w000096_000143,Subject.8/Fall sitting,Subject.8__Fall_sitting__e041c92a,1,96,143,23.0,48,1.0,0.9829545617103577,0.8564236760139465,0.8685615658760071,0.9393939393939394,0.9393939393939394,0.0,0.0,0,0.016507336869835854,0.038628457672893995,False
train,train\Subject.8__Fall_sitting__e041c92a__w000108_000155.npz,Subject.8__Fall_sitting__e041c92a__w000108_000155,Subject.8/Fall sitting,Subject.8__Fall_sitting__e041c92a,1,108,155,23.0,48,1.0,0.9797979593276978,0.8615775108337402,0.875653088092804,0.8787878787878788,0.9393939393939394,0.0,0.0,0,0.014591643586754799,0.03067810637876391,False
train,train\Subject.8__Fall_sitting__e041c92a__w000120_000167.npz,Subject.8__Fall_sitting__e041c92a__w000120_000167,Subject.8/Fall sitting,Subject.8__Fall_sitting__e041c92a,1,120,167,23.0,48,1.0,0.9494949579238892,0.8472844958305359,0.8847628831863403,0.8787878787878788,0.8787878787878788,0.0,0.0,0,0.013639663346111774,0.03517323452979325,False
train,train\Subject.8__Fall_sitting__e041c92a__w000132_000179.npz,Subject.8__Fall_sitting__e041c92a__w000132_000179,Subject.8/Fall sitting,Subject.8__Fall_sitting__e041c92a,1,132,179,23.0,48,1.0,0.9160353541374207,0.8250977993011475,0.8898136615753174,0.8484848484848485,0.8696969696969697,0.0,0.0,0,0.013756882399320602,0.03506178520619868,False
train,train\Subject.8__Fall_sitting__e041c92a__w000144_000191.npz,Subject.8__Fall_sitting__e041c92a__w000144_000191,Subject.8/Fall sitting,Subject.8__Fall_sitting__e041c92a,1,144,191,23.0,48,1.0,0.873106062412262,0.7893493175506592,0.8900286555290222,0.7272727272727273,0.8484848484848485,0.0,0.0,0,0.018156474456191063,0.035377087630331504,False
train,train\Subject.8__Fall_sitting__e041c92a__w000156_000203.npz,Subject.8__Fall_sitting__e041c92a__w000156_000203,Subject.8/Fall sitting,Subject.8__Fall_sitting__e041c92a,1,156,203,23.0,48,1.0,0.814393937587738,0.745545506477356,0.8989087343215942,0.696969696969697,0.696969696969697,0.0,0.0,0,0.014730210416018963,0.03462572973221539,False
train,train\Subject.8__Fall_sitting__e041c92a__w000168_000215.npz,Subject.8__Fall_sitting__e041c92a__w000168_000215,Subject.8/Fall sitting,Subject.8__Fall_sitting__e041c92a,1,168,215,23.0,48,1.0,0.7689393758773804,0.7082887887954712,0.9057204127311707,0.696969696969697,0.696969696969697,0.0,0.0,0,0.013194676488637924,0.02384150493890047,False
train,train\Subject.8__Fall_sitting__e041c92a__w000180_000227.npz,Subject.8__Fall_sitting__e041c92a__w000180_000227,Subject.8/Fall sitting,Subject.8__Fall_sitting__e041c92a,1,180,227,23.0,48,1.0,0.7380050420761108,0.6826066374778748,0.9099383354187012,0.696969696969697,0.696969696969697,0.0,0.0,0,0.01935845986008644,0.024994419328868384,False
train,train\Subject.8__Hop__9c3cc943__w000000_000047.npz,Subject.8__Hop__9c3cc943__w000000_000047,Subject.8/Hop,Subject.8__Hop__9c3cc943,0,0,47,23.0,0,0.0,0.8276515007019043,0.7487325668334961,0.9036304950714111,0.0,0.0,0.16666666666666666,0.16666666666666666,8,0.04063321650028229,0.08288092911243436,True
train,train\Subject.8__Hop__9c3cc943__w000012_000059.npz,Subject.8__Hop__9c3cc943__w000012_000059,Subject.8/Hop,Subject.8__Hop__9c3cc943,0,12,59,23.0,0,0.0,1.0,0.9097071886062622,0.9097071886062622,1.0,1.0,0.0,0.0,0,0.035952553153038025,0.08472489044070242,False
train,train\Subject.8__Hop__9c3cc943__w000024_000071.npz,Subject.8__Hop__9c3cc943__w000024_000071,Subject.8/Hop,Subject.8__Hop__9c3cc943,0,24,71,23.0,0,0.0,0.9930555820465088,0.8688369989395142,0.8738096952438354,0.9393939393939394,0.9696969696969697,0.0,0.0,0,0.041116561740636826,0.0926871310919523,False
train,train\Subject.8__Hop__9c3cc943__w000036_000083.npz,Subject.8__Hop__9c3cc943__w000036_000083,Subject.8/Hop,Subject.8__Hop__9c3cc943,0,36,83,23.0,0,0.0,0.9198232293128967,0.7850809097290039,0.8424898982048035,0.6363636363636364,0.6575757575757576,0.0,0.0,0,0.04318327456712723,0.0967096589505672,False
train,train\Subject.8__Hop__9c3cc943__w000048_000095.npz,Subject.8__Hop__9c3cc943__w000048_000095,Subject.8/Hop,Subject.8__Hop__9c3cc943,0,48,95,23.0,0,0.0,0.8440656661987305,0.698338508605957,0.809482216835022,0.6363636363636364,0.6575757575757576,0.0,0.0,0,0.03830885514616966,0.09067592248320576,False
train,train\Subject.8__Hop__9c3cc943__w000060_000107.npz,Subject.8__Hop__9c3cc943__w000060_000107,Subject.8/Hop,Subject.8__Hop__9c3cc943,0,60,107,23.0,0,0.0,0.7859848737716675,0.6329471468925476,0.7815020084381104,0.6363636363636364,0.6575757575757576,0.0,0.0,0,0.03450513258576393,0.08149267286062233,False
train,train\Subject.8__Hop__9c3cc943__w000072_000119.npz,Subject.8__Hop__9c3cc943__w000072_000119,Subject.8/Hop,Subject.8__Hop__9c3cc943,0,72,119,23.0,0,0.0,0.7872474789619446,0.6325130462646484,0.7799517512321472,0.6363636363636364,0.6575757575757576,0.0,0.0,0,0.03293804079294205,0.07026487961411476,False
train,train\Subject.8__Hop__9c3cc943__w000084_000131.npz,Subject.8__Hop__9c3cc943__w000084_000131,Subject.8/Hop,Subject.8__Hop__9c3cc943,0,84,131,23.0,0,0.0,0.8604797720909119,0.6809504628181458,0.7803741693496704,0.6666666666666666,0.696969696969697,0.0,0.0,0,0.03067071922123432,0.06946817040443419,False
train,train\Subject.8__Hop__9c3cc943__w000096_000143.npz,Subject.8__Hop__9c3cc943__w000096_000143,Subject.8/Hop,Subject.8__Hop__9c3cc943,0,96,143,23.0,0,0.0,0.9362373948097229,0.7527490258216858,0.7991968989372253,0.7272727272727273,0.7272727272727273,0.0,0.0,0,0.03394978493452072,0.07548068277537821,False
train,train\Subject.8__Hop__9c3cc943__w000108_000155.npz,Subject.8__Hop__9c3cc943__w000108_000155,Subject.8/Hop,Subject.8__Hop__9c3cc943,0,108,155,23.0,0,0.0,0.9943181872367859,0.810762345790863,0.8144951462745667,0.9696969696969697,0.9696969696969697,0.0,0.0,0,0.03708196431398392,0.08636558204889297,False
train,train\Subject.8__Kneel__a41e77bf__w000000_000047.npz,Subject.8__Kneel__a41e77bf__w000000_000047,Subject.8/Kneel,Subject.8__Kneel__a41e77bf,0,0,47,23.0,0,0.0,0.9898989796638489,0.8394207954406738,0.8462111949920654,0.7272727272727273,0.9696969696969697,0.0,0.0,0,0.0531017892062664,0.20980893149971958,False
train,train\Subject.8__Kneel__a41e77bf__w000012_000059.npz,Subject.8__Kneel__a41e77bf__w000012_000059,Subject.8/Kneel,Subject.8__Kneel__a41e77bf,0,12,59,23.0,0,0.0,0.9924242496490479,0.8596412539482117,0.8648920655250549,0.9090909090909091,0.9696969696969697,0.0,0.0,0,0.04552295804023743,0.12081013061106177,False
train,train\Subject.8__Kneel__a41e77bf__w000024_000071.npz,Subject.8__Kneel__a41e77bf__w000024_000071,Subject.8/Kneel,Subject.8__Kneel__a41e77bf,0,24,71,23.0,0,0.0,0.9513888955116272,0.8332051634788513,0.8699965476989746,0.8181818181818182,0.8181818181818182,0.0,0.0,0,0.04693932831287384,0.11374926678836343,False
train,train\Subject.8__Kneel__a41e77bf__w000036_000083.npz,Subject.8__Kneel__a41e77bf__w000036_000083,Subject.8/Kneel,Subject.8__Kneel__a41e77bf,0,36,83,23.0,0,0.0,0.9046717286109924,0.7844301462173462,0.8584967255592346,0.7878787878787878,0.8181818181818182,0.0,0.0,0,0.04767793416976929,0.11635305434465408,False
train,train\Subject.8__Kneel__a41e77bf__w000048_000095.npz,Subject.8__Kneel__a41e77bf__w000048_000095,Subject.8/Kneel,Subject.8__Kneel__a41e77bf,0,48,95,23.0,0,0.0,0.8030303120613098,0.6948981881141663,0.8491064310073853,0.0,0.6363636363636364,0.041666666666666664,0.041666666666666664,2,0.04224372282624245,0.10038378424942491,True
train,train\Subject.8__Kneel__a41e77bf__w000060_000107.npz,Subject.8__Kneel__a41e77bf__w000060_000107,Subject.8/Kneel,Subject.8__Kneel__a41e77bf,0,60,107,23.0,0,0.0,0.560606062412262,0.4950295686721802,0.8620868921279907,0.0,0.0,0.2916666666666667,0.2916666666666667,14,0.04068533703684807,0.10424314513802524,True
train,train\Subject.8__Kneel__a41e77bf__w000072_000119.npz,Subject.8__Kneel__a41e77bf__w000072_000119,Subject.8/Kneel,Subject.8__Kneel__a41e77bf,0,72,119,23.0,0,0.0,0.3516414165496826,0.30921870470046997,0.8579162955284119,0.0,0.0,0.5416666666666666,0.5416666666666666,26,0.03112907148897648,0.1013010788708925,True
train,train\Subject.8__Kneel__a41e77bf__w000084_000131.npz,Subject.8__Kneel__a41e77bf__w000084_000131,Subject.8/Kneel,Subject.8__Kneel__a41e77bf,0,84,131,23.0,0,0.0,0.14835858345031738,0.1328812539577484,0.8601714372634888,0.0,0.0,0.7916666666666666,0.7916666666666666,38,0.018828285858035088,0.051802895590662916,True
train,train\Subject.8__Kneel__a41e77bf__w000096_000143.npz,Subject.8__Kneel__a41e77bf__w000096_000143,Subject.8/Kneel,Subject.8__Kneel__a41e77bf,0,96,143,23.0,0,0.0,0.11489898711442947,0.09556137770414352,0.8179366588592529,0.0,0.0,0.8541666666666666,0.8541666666666666,41,0.020723111927509308,0.04542149137705558,True
train,train\Subject.8__Kneel__a41e77bf__w000108_000155.npz,Subject.8__Kneel__a41e77bf__w000108_000155,Subject.8/Kneel,Subject.8__Kneel__a41e77bf,0,108,155,23.0,0,0.0,0.3194444477558136,0.28150203824043274,0.874241054058075,0.0,0.0,0.6041666666666666,0.6041666666666666,29,0.0237527284771204,0.05048522371798751,True
train,train\Subject.8__Kneel__a41e77bf__w000120_000167.npz,Subject.8__Kneel__a41e77bf__w000120_000167,Subject.8/Kneel,Subject.8__Kneel__a41e77bf,0,120,167,23.0,0,0.0,0.5239899158477783,0.47408267855644226,0.8998679518699646,0.0,0.0,0.3541666666666667,0.3541666666666667,17,0.032105281949043274,0.07512949295341968,True
train,train\Subject.8__Kneel__a41e77bf__w000132_000179.npz,Subject.8__Kneel__a41e77bf__w000132_000179,Subject.8/Kneel,Subject.8__Kneel__a41e77bf,0,132,179,23.0,0,0.0,0.7285353541374207,0.674768328666687,0.9198222160339355,0.0,0.44545454545454555,0.10416666666666667,0.10416666666666667,5,0.03902211785316467,0.08267823830246922,True
train,train\Subject.8__Kneel__a41e77bf__w000144_000191.npz,Subject.8__Kneel__a41e77bf__w000144_000191,Subject.8/Kneel,Subject.8__Kneel__a41e77bf,0,144,191,23.0,0,0.0,0.8181818127632141,0.7836080193519592,0.950634241104126,0.8181818181818182,0.8181818181818182,0.0,0.0,0,0.029605897143483162,0.10235193967819212,False
train,train\Subject.8__Kneel__a41e77bf__w000156_000203.npz,Subject.8__Kneel__a41e77bf__w000156_000203,Subject.8/Kneel,Subject.8__Kneel__a41e77bf,0,156,203,23.0,0,0.0,0.8181818127632141,0.7982335090637207,0.9678599238395691,0.8181818181818182,0.8181818181818182,0.0,0.0,0,0.028510387986898422,0.10235193967819212,False
train,train\Subject.8__Kneel__a41e77bf__w000168_000215.npz,Subject.8__Kneel__a41e77bf__w000168_000215,Subject.8/Kneel,Subject.8__Kneel__a41e77bf,0,168,215,23.0,0,0.0,0.8181818127632141,0.7981317639350891,0.9675828218460083,0.8181818181818182,0.8181818181818182,0.0,0.0,0,0.025857873260974884,0.09732641428709027,False
train,train\Subject.8__Kneel__a41e77bf__w000180_000227.npz,Subject.8__Kneel__a41e77bf__w000180_000227,Subject.8/Kneel,Subject.8__Kneel__a41e77bf,0,180,227,23.0,0,0.0,0.8181818127632141,0.7878245115280151,0.9560770988464355,0.8181818181818182,0.8181818181818182,0.0,0.0,0,0.030291657894849777,0.1231668051332235,False
train,train\Subject.8__Kneel__a41e77bf__w000192_000239.npz,Subject.8__Kneel__a41e77bf__w000192_000239,Subject.8/Kneel,Subject.8__Kneel__a41e77bf,0,192,239,23.0,0,0.0,0.8156565427780151,0.7621870040893555,0.9286627769470215,0.7878787878787878,0.8181818181818182,0.0,0.0,0,0.03252976015210152,0.11806471608579157,False
train,train\Subject.8__Kneel__a41e77bf__w000204_000251.npz,Subject.8__Kneel__a41e77bf__w000204_000251,Subject.8/Kneel,Subject.8__Kneel__a41e77bf,0,204,251,23.0,0,0.0,0.8194444179534912,0.7444044947624207,0.8993274569511414,0.7878787878787878,0.8090909090909091,0.0,0.0,0,0.04228619858622551,0.11989563331007956,False
train,train\Subject.8__Pick_up_object__c7cf223d__w000000_000047.npz,Subject.8__Pick_up_object__c7cf223d__w000000_000047,Subject.8/Pick up object,Subject.8__Pick_up_object__c7cf223d,0,0,47,23.0,0,0.0,0.5612373948097229,0.4777601659297943,0.8509177565574646,0.0,0.0,0.4375,0.4375,21,0.037008676677942276,0.08234229162335395,True
train,train\Subject.8__Pick_up_object__c7cf223d__w000012_000059.npz,Subject.8__Pick_up_object__c7cf223d__w000012_000059,Subject.8/Pick up object,Subject.8__Pick_up_object__c7cf223d,0,12,59,23.0,0,0.0,0.8112373948097229,0.6973480582237244,0.8593721389770508,0.0,0.0,0.1875,0.1875,9,0.04833066835999489,0.10855658948421476,True
train,train\Subject.8__Pick_up_object__c7cf223d__w000024_000071.npz,Subject.8__Pick_up_object__c7cf223d__w000024_000071,Subject.8/Pick up object,Subject.8__Pick_up_object__c7cf223d,0,24,71,23.0,0,0.0,0.9987373948097229,0.84795743227005,0.8487962484359741,0.9696969696969697,1.0,0.0,0.0,0,0.039261240512132645,0.09716275967657566,False
train,train\Subject.8__Pick_up_object__c7cf223d__w000036_000083.npz,Subject.8__Pick_up_object__c7cf223d__w000036_000083,Subject.8/Pick up object,Subject.8__Pick_up_object__c7cf223d,0,36,83,23.0,0,0.0,0.9545454382896423,0.8027063012123108,0.8346812725067139,0.6666666666666666,0.8181818181818182,0.0,0.0,0,0.04333064705133438,0.09422690831124776,False
train,train\Subject.8__Pick_up_object__c7cf223d__w000048_000095.npz,Subject.8__Pick_up_object__c7cf223d__w000048_000095,Subject.8/Pick up object,Subject.8__Pick_up_object__c7cf223d,0,48,95,23.0,0,0.0,0.8453282713890076,0.711942732334137,0.824804425239563,0.5151515151515151,0.5454545454545454,0.0,0.0,0,0.0419565886259079,0.08945529684424398,False
train,train\Subject.8__Pick_up_object__c7cf223d__w000060_000107.npz,Subject.8__Pick_up_object__c7cf223d__w000060_000107,Subject.8/Pick up object,Subject.8__Pick_up_object__c7cf223d,0,60,107,23.0,0,0.0,0.7102272510528564,0.6107106804847717,0.8315153121948242,0.45454545454545453,0.45454545454545453,0.0,0.25,0,0.034049149602651596,0.06613490283489226,False
train,train\Subject.8__Pick_up_object__c7cf223d__w000072_000119.npz,Subject.8__Pick_up_object__c7cf223d__w000072_000119,Subject.8/Pick up object,Subject.8__Pick_up_object__c7cf223d,0,72,119,23.0,0,0.0,0.5858585834503174,0.5335606932640076,0.8670662045478821,0.45454545454545453,0.45454545454545453,0.0,0.4166666666666667,0,0.03543100133538246,0.04782561641186476,False
train,train\Subject.8__Pick_up_object__c7cf223d__w000084_000131.npz,Subject.8__Pick_up_object__c7cf223d__w000084_000131,Subject.8/Pick up object,Subject.8__Pick_up_object__c7cf223d,0,84,131,23.0,0,0.0,0.5183081030845642,0.500455915927887,0.911679208278656,0.45454545454545453,0.45454545454545453,0.0,0.4166666666666667,0,0.03026503324508667,0.05812597684562203,False
train,train\Subject.8__Pick_up_object__c7cf223d__w000096_000143.npz,Subject.8__Pick_up_object__c7cf223d__w000096_000143,Subject.8/Pick up object,Subject.8__Pick_up_object__c7cf223d,0,96,143,23.0,0,0.0,0.5220959782600403,0.5057514905929565,0.9169865846633911,0.45454545454545453,0.45454545454545453,0.0,0.4166666666666667,0,0.02946426160633564,0.061574328504502736,False
train,train\Subject.8__Pick_up_object__c7cf223d__w000108_000155.npz,Subject.8__Pick_up_object__c7cf223d__w000108_000155,Subject.8/Pick up object,Subject.8__Pick_up_object__c7cf223d,0,108,155,23.0,0,0.0,0.5410353541374207,0.5105628371238708,0.89601069688797,0.45454545454545453,0.45454545454545453,0.0,0.16666666666666666,0,0.030399948358535767,0.061574328504502736,False
train,train\Subject.8__Pick_up_object__c7cf223d__w000120_000167.npz,Subject.8__Pick_up_object__c7cf223d__w000120_000167,Subject.8/Pick up object,Subject.8__Pick_up_object__c7cf223d,0,120,167,23.0,0,0.0,0.5429292917251587,0.5089443325996399,0.8926784992218018,0.48484848484848486,0.48484848484848486,0.0,0.125,0,0.02419111132621765,0.062367792986333326,False
train,train\Subject.8__Pick_up_object__c7cf223d__w000132_000179.npz,Subject.8__Pick_up_object__c7cf223d__w000132_000179,Subject.8/Pick up object,Subject.8__Pick_up_object__c7cf223d,0,132,179,23.0,0,0.0,0.5631313323974609,0.5139235854148865,0.8730471730232239,0.48484848484848486,0.48484848484848486,0.0,0.125,0,0.027286652475595474,0.05262353830039499,False
train,train\Subject.8__Pick_up_object__c7cf223d__w000144_000191.npz,Subject.8__Pick_up_object__c7cf223d__w000144_000191,Subject.8/Pick up object,Subject.8__Pick_up_object__c7cf223d,0,144,191,23.0,0,0.0,0.5902777910232544,0.5140339732170105,0.8360959887504578,0.48484848484848486,0.48484848484848486,0.0,0.125,0,0.034973904490470886,0.06452353298664092,False
train,train\Subject.8__Pick_up_object__c7cf223d__w000156_000203.npz,Subject.8__Pick_up_object__c7cf223d__w000156_000203,Subject.8/Pick up object,Subject.8__Pick_up_object__c7cf223d,0,156,203,23.0,0,0.0,0.5965909361839294,0.5183406472206116,0.828991174697876,0.48484848484848486,0.48484848484848486,0.0,0.125,0,0.03865453973412514,0.06567183919250963,False
train,train\Subject.8__Pick_up_object__c7cf223d__w000168_000215.npz,Subject.8__Pick_up_object__c7cf223d__w000168_000215,Subject.8/Pick up object,Subject.8__Pick_up_object__c7cf223d,0,168,215,23.0,0,0.0,0.6016414165496826,0.5227096080780029,0.825219988822937,0.48484848484848486,0.5151515151515151,0.0,0.020833333333333332,0,0.034346889704465866,0.062432476878166186,False
train,train\Subject.8__Pick_up_object__c7cf223d__w000180_000227.npz,Subject.8__Pick_up_object__c7cf223d__w000180_000227,Subject.8/Pick up object,Subject.8__Pick_up_object__c7cf223d,0,180,227,23.0,0,0.0,0.5656565427780151,0.51020348072052,0.8531311750411987,0.45454545454545453,0.45454545454545453,0.0,0.22916666666666666,0,0.0331108495593071,0.05929192043840885,False
train,train\Subject.8__Pick_up_object__c7cf223d__w000192_000239.npz,Subject.8__Pick_up_object__c7cf223d__w000192_000239,Subject.8/Pick up object,Subject.8__Pick_up_object__c7cf223d,0,192,239,23.0,0,0.0,0.5568181872367859,0.5060833096504211,0.8608109354972839,0.45454545454545453,0.45454545454545453,0.0,0.22916666666666666,0,0.03792630881071091,0.07774271368980407,False
train,train\Subject.8__Pick_up_object__c7cf223d__w000204_000251.npz,Subject.8__Pick_up_object__c7cf223d__w000204_000251,Subject.8/Pick up object,Subject.8__Pick_up_object__c7cf223d,0,204,251,23.0,0,0.0,0.6433081030845642,0.5357987284660339,0.7985958456993103,0.45454545454545453,0.45454545454545453,0.0,0.22916666666666666,0,0.054187871515750885,0.15546999350190152,False
train,train\Subject.8__Pick_up_object__c7cf223d__w000216_000263.npz,Subject.8__Pick_up_object__c7cf223d__w000216_000263,Subject.8/Pick up object,Subject.8__Pick_up_object__c7cf223d,0,216,263,23.0,0,0.0,0.7569444179534912,0.5977620482444763,0.7681282162666321,0.45454545454545453,0.45454545454545453,0.0,0.20833333333333334,0,0.0579632893204689,0.157215019315481,False
train,train\Subject.8__Sit_down__e9ca6012__w000000_000047.npz,Subject.8__Sit_down__e9ca6012__w000000_000047,Subject.8/Sit down,Subject.8__Sit_down__e9ca6012,0,0,47,23.0,0,0.0,0.20580808818340302,0.1600659042596817,0.7629522085189819,0.0,0.0,0.7708333333333334,0.7708333333333334,37,0.041838668286800385,0.1031744346022604,True
train,train\Subject.8__Sit_down__e9ca6012__w000012_000059.npz,Subject.8__Sit_down__e9ca6012__w000012_000059,Subject.8/Sit down,Subject.8__Sit_down__e9ca6012,0,12,59,23.0,0,0.0,0.40214645862579346,0.32887789607048035,0.7977222800254822,0.0,0.0,0.5208333333333334,0.5208333333333334,25,0.05118725448846817,0.10880145356059062,True
train,train\Subject.8__Sit_down__e9ca6012__w000024_000071.npz,Subject.8__Sit_down__e9ca6012__w000024_000071,Subject.8/Sit down,Subject.8__Sit_down__e9ca6012,0,24,71,23.0,0,0.0,0.6073232293128967,0.49868258833885193,0.8034148812294006,0.0,0.0,0.2708333333333333,0.2708333333333333,13,0.06063764914870262,0.12363608479499805,True
train,train\Subject.8__Sit_down__e9ca6012__w000036_000083.npz,Subject.8__Sit_down__e9ca6012__w000036_000083,Subject.8/Sit down,Subject.8__Sit_down__e9ca6012,0,36,83,23.0,0,0.0,0.8194444179534912,0.6762550473213196,0.8108856081962585,0.0,0.7575757575757576,0.020833333333333332,0.020833333333333332,1,0.04395708441734314,0.10351664535701274,True
train,train\Subject.8__Sit_down__e9ca6012__w000048_000095.npz,Subject.8__Sit_down__e9ca6012__w000048_000095,Subject.8/Sit down,Subject.8__Sit_down__e9ca6012,0,48,95,23.0,0,0.0,0.8459596037864685,0.7020319700241089,0.8170645833015442,0.7575757575757576,0.7787878787878788,0.0,0.0,0,0.03792788088321686,0.08959318399429321,False
train,train\Subject.8__Sit_down__e9ca6012__w000060_000107.npz,Subject.8__Sit_down__e9ca6012__w000060_000107,Subject.8/Sit down,Subject.8__Sit_down__e9ca6012,0,60,107,23.0,0,0.0,0.875,0.7071194052696228,0.7968232035636902,0.8181818181818182,0.8181818181818182,0.0,0.0,0,0.035845693200826645,0.08662142269313335,False
train,train\Subject.8__Sit_down__e9ca6012__w000072_000119.npz,Subject.8__Sit_down__e9ca6012__w000072_000119,Subject.8/Sit down,Subject.8__Sit_down__e9ca6012,0,72,119,23.0,0,0.0,0.8857323527336121,0.7129862904548645,0.7911683320999146,0.8484848484848485,0.8484848484848485,0.0,0.0,0,0.029485655948519707,0.07353228256106377,False
train,train\Subject.8__Sit_down__e9ca6012__w000084_000131.npz,Subject.8__Sit_down__e9ca6012__w000084_000131,Subject.8/Sit down,Subject.8__Sit_down__e9ca6012,0,84,131,23.0,0,0.0,0.9015151262283325,0.712532103061676,0.7744892835617065,0.8484848484848485,0.8484848484848485,0.0,0.0,0,0.024573110044002533,0.057904037274420256,False
train,train\Subject.8__Sit_down__e9ca6012__w000096_000143.npz,Subject.8__Sit_down__e9ca6012__w000096_000143,Subject.8/Sit down,Subject.8__Sit_down__e9ca6012,0,96,143,23.0,0,0.0,0.9166666865348816,0.7242041826248169,0.7762150764465332,0.8484848484848485,0.8484848484848485,0.0,0.0,0,0.01893141306936741,0.03973205238580699,False
train,train\Subject.8__Sit_down__e9ca6012__w000108_000155.npz,Subject.8__Sit_down__e9ca6012__w000108_000155,Subject.8/Sit down,Subject.8__Sit_down__e9ca6012,0,108,155,23.0,0,0.0,0.9412878751754761,0.7587149143218994,0.796934187412262,0.8484848484848485,0.8484848484848485,0.0,0.0,0,0.012437143363058567,0.03045791815966367,False
train,train\Subject.8__Sit_down__e9ca6012__w000120_000167.npz,Subject.8__Sit_down__e9ca6012__w000120_000167,Subject.8/Sit down,Subject.8__Sit_down__e9ca6012,0,120,167,23.0,0,0.0,0.9753788113594055,0.7945495843887329,0.8109427690505981,0.8484848484848485,0.8787878787878788,0.0,0.0,0,0.010961031541228294,0.025156071316450826,False
train,train\Subject.8__Sit_down__e9ca6012__w000132_000179.npz,Subject.8__Sit_down__e9ca6012__w000132_000179,Subject.8/Sit down,Subject.8__Sit_down__e9ca6012,0,132,179,23.0,0,0.0,0.997474730014801,0.8151394724845886,0.8167533874511719,0.9696969696969697,1.0,0.0,0.0,0,0.012326913885772228,0.04424406625330444,False
train,train\Subject.8__Sit_down__e9ca6012__w000144_000191.npz,Subject.8__Sit_down__e9ca6012__w000144_000191,Subject.8/Sit down,Subject.8__Sit_down__e9ca6012,0,144,191,23.0,0,0.0,0.9898989796638489,0.7931723594665527,0.7995206713676453,0.8484848484848485,0.9393939393939394,0.0,0.0,0,0.016423925757408142,0.05206819102168075,False
train,train\Subject.8__Sit_down__e9ca6012__w000156_000203.npz,Subject.8__Sit_down__e9ca6012__w000156_000203,Subject.8/Sit down,Subject.8__Sit_down__e9ca6012,0,156,203,23.0,0,0.0,0.9482323527336121,0.7464839816093445,0.77906733751297,0.8181818181818182,0.8181818181818182,0.0,0.0,0,0.02027381770312786,0.05382763557136051,False
train,train\Subject.8__Walk__b83516a5__w000000_000047.npz,Subject.8__Walk__b83516a5__w000000_000047,Subject.8/Walk,Subject.8__Walk__b83516a5,0,0,47,23.0,0,0.0,0.9766414165496826,0.7997974157333374,0.8156635761260986,0.8484848484848485,0.8696969696969697,0.0,0.0,0,0.05033682659268379,0.1976566791534423,False
train,train\Subject.8__Walk__b83516a5__w000012_000059.npz,Subject.8__Walk__b83516a5__w000012_000059,Subject.8/Walk,Subject.8__Walk__b83516a5,0,12,59,23.0,0,0.0,0.9324495196342468,0.7714982628822327,0.8193357586860657,0.7272727272727273,0.7878787878787878,0.0,0.0,0,0.04479166865348816,0.1676850706338882,False
train,train\Subject.8__Walk__b83516a5__w000024_000071.npz,Subject.8__Walk__b83516a5__w000024_000071,Subject.8/Walk,Subject.8__Walk__b83516a5,0,24,71,23.0,0,0.0,0.8857323527336121,0.702237069606781,0.7791855335235596,0.7272727272727273,0.7878787878787878,0.0,0.0,0,0.0432886928319931,0.17065984010696406,False
train,train\Subject.8__Walk__b83516a5__w000036_000083.npz,Subject.8__Walk__b83516a5__w000036_000083,Subject.8/Walk,Subject.8__Walk__b83516a5,0,36,83,23.0,0,0.0,0.8630050420761108,0.6663633584976196,0.7554658651351929,0.7272727272727273,0.7878787878787878,0.0,0.0,0,0.04277314990758896,0.17306822687387435,False
train,train\Subject.8__Walk__b83516a5__w000048_000095.npz,Subject.8__Walk__b83516a5__w000048_000095,Subject.8/Walk,Subject.8__Walk__b83516a5,0,48,95,23.0,0,0.0,0.876893937587738,0.6538551449775696,0.7314887046813965,0.7272727272727273,0.7878787878787878,0.0,0.0,0,0.03540826961398125,0.09825795479118818,False
train,train\Subject.8__Walk__b83516a5__w000060_000107.npz,Subject.8__Walk__b83516a5__w000060_000107,Subject.8/Walk,Subject.8__Walk__b83516a5,0,60,107,23.0,0,0.0,0.9261363744735718,0.6969068050384521,0.744242250919342,0.7575757575757576,0.7878787878787878,0.0,0.0,0,0.031198371201753616,0.09241419360041618,False
train,train\Subject.8__Walk__b83516a5__w000072_000119.npz,Subject.8__Walk__b83516a5__w000072_000119,Subject.8/Walk,Subject.8__Walk__b83516a5,0,72,119,23.0,0,0.0,0.9595959782600403,0.7380081415176392,0.7636446356773376,0.7878787878787878,0.8393939393939395,0.0,0.0,0,0.031136469915509224,0.09580069892108439,False
train,train\Subject.8__Walk__b83516a5__w000084_000131.npz,Subject.8__Walk__b83516a5__w000084_000131,Subject.8/Walk,Subject.8__Walk__b83516a5,0,84,131,23.0,0,0.0,0.9595959782600403,0.7595202326774597,0.7851983308792114,0.8484848484848485,0.8484848484848485,0.0,0.0,0,0.02529994584619999,0.0868674304336309,False
train,train\Subject.8__Walk__b83516a5__w000096_000143.npz,Subject.8__Walk__b83516a5__w000096_000143,Subject.8/Walk,Subject.8__Walk__b83516a5,0,96,143,23.0,0,0.0,0.9558081030845642,0.7787348628044128,0.8080165386199951,0.8484848484848485,0.8484848484848485,0.0,0.0,0,0.024420255795121193,0.0922197990119457,False
train,train\Subject.8__Walk__b83516a5__w000108_000155.npz,Subject.8__Walk__b83516a5__w000108_000155,Subject.8/Walk,Subject.8__Walk__b83516a5,0,108,155,23.0,0,0.0,0.9558081030845642,0.7931483387947083,0.8230963945388794,0.8484848484848485,0.8484848484848485,0.0,0.0,0,0.018955184146761894,0.05022913832217452,False
train,train\Subject.8__Walk__b83516a5__w000120_000167.npz,Subject.8__Walk__b83516a5__w000120_000167,Subject.8/Walk,Subject.8__Walk__b83516a5,0,120,167,23.0,0,0.0,0.9690656661987305,0.8206421732902527,0.8424353003501892,0.8484848484848485,0.9303030303030303,0.0,0.0,0,0.021045973524451256,0.07400550730526446,False
train,train\Subject.8__Walk__b83516a5__w000132_000179.npz,Subject.8__Walk__b83516a5__w000132_000179,Subject.8/Walk,Subject.8__Walk__b83516a5,0,132,179,23.0,0,0.0,0.9917929172515869,0.8292320966720581,0.834952175617218,0.9393939393939394,0.9696969696969697,0.0,0.0,0,0.021337540820240974,0.07343566901981828,False
train,train\Subject.8__Walk__b83516a5__w000144_000191.npz,Subject.8__Walk__b83516a5__w000144_000191,Subject.8/Walk,Subject.8__Walk__b83516a5,0,144,191,23.0,0,0.0,1.0,0.8445610404014587,0.8445610404014587,1.0,1.0,0.0,0.0,0,0.02331468276679516,0.08196911290287971,False
train,train\Subject.8__Walk__b83516a5__w000156_000203.npz,Subject.8__Walk__b83516a5__w000156_000203,Subject.8/Walk,Subject.8__Walk__b83516a5,0,156,203,23.0,0,0.0,1.0,0.8683629631996155,0.8683629631996155,1.0,1.0,0.0,0.0,0,0.02509966306388378,0.08652022145688529,False
train,train\Subject.8__Walk__b83516a5__w000168_000215.npz,Subject.8__Walk__b83516a5__w000168_000215,Subject.8/Walk,Subject.8__Walk__b83516a5,0,168,215,23.0,0,0.0,1.0,0.8797727823257446,0.8797727823257446,1.0,1.0,0.0,0.0,0,0.029237674549221992,0.08773153685033322,False
val,val\Subject.9__Fall_backwards__70b1f6b6__w000000_000047.npz,Subject.9__Fall_backwards__70b1f6b6__w000000_000047,Subject.9/Fall backwards,Subject.9__Fall_backwards__70b1f6b6,0,0,47,23.0,0,0.0,0.8882575631141663,0.6937586665153503,0.767975926399231,0.7878787878787878,0.8181818181818182,0.0,0.0,0,0.06422749906778336,0.21912636831402768,False
val,val\Subject.9__Fall_backwards__70b1f6b6__w000012_000059.npz,Subject.9__Fall_backwards__70b1f6b6__w000012_000059,Subject.9/Fall backwards,Subject.9__Fall_backwards__70b1f6b6,0,12,59,23.0,0,0.0,0.8901515007019043,0.689642071723938,0.7623263597488403,0.7878787878787878,0.8181818181818182,0.0,0.0,0,0.07636137306690216,0.21831232532858846,False
val,val\Subject.9__Fall_backwards__70b1f6b6__w000024_000071.npz,Subject.9__Fall_backwards__70b1f6b6__w000024_000071,Subject.9/Fall backwards,Subject.9__Fall_backwards__70b1f6b6,1,24,71,23.0,7,0.1458333283662796,0.935606062412262,0.7436746954917908,0.7884860038757324,0.7878787878787878,0.8181818181818182,0.0,0.0,0,0.0893147811293602,0.21674953997135157,False
val,val\Subject.9__Fall_backwards__70b1f6b6__w000036_000083.npz,Subject.9__Fall_backwards__70b1f6b6__w000036_000083,Subject.9/Fall backwards,Subject.9__Fall_backwards__70b1f6b6,1,36,83,23.0,19,0.3958333432674408,0.9797979593276978,0.7974304556846619,0.8109305500984192,0.9090909090909091,0.9303030303030303,0.0,0.0,0,0.08818616718053818,0.21406616047024724,False
val,val\Subject.9__Fall_backwards__70b1f6b6__w000048_000095.npz,Subject.9__Fall_backwards__70b1f6b6__w000048_000095,Subject.9/Fall backwards,Subject.9__Fall_backwards__70b1f6b6,1,48,95,23.0,31,0.6458333134651184,0.998106062412262,0.8485493659973145,0.8500362038612366,0.9393939393939394,1.0,0.0,0.0,0,0.07150687277317047,0.1882870279252529,False
val,val\Subject.9__Fall_backwards__70b1f6b6__w000060_000107.npz,Subject.9__Fall_backwards__70b1f6b6__w000060_000107,Subject.9/Fall backwards,Subject.9__Fall_backwards__70b1f6b6,1,60,107,23.0,43,0.8958333134651184,1.0,0.8955546617507935,0.8955546617507935,1.0,1.0,0.0,0.0,0,0.05518009141087532,0.15989712327718733,False
val,val\Subject.9__Fall_backwards__70b1f6b6__w000072_000119.npz,Subject.9__Fall_backwards__70b1f6b6__w000072_000119,Subject.9/Fall backwards,Subject.9__Fall_backwards__70b1f6b6,1,72,119,23.0,48,1.0,1.0,0.9066917300224304,0.9066917300224304,1.0,1.0,0.0,0.0,0,0.0388517752289772,0.1356702387332915,False
val,val\Subject.9__Fall_backwards__70b1f6b6__w000084_000131.npz,Subject.9__Fall_backwards__70b1f6b6__w000084_000131,Subject.9/Fall backwards,Subject.9__Fall_backwards__70b1f6b6,1,84,131,23.0,48,1.0,1.0,0.9193583130836487,0.9193583130836487,1.0,1.0,0.0,0.0,0,0.032026633620262146,0.10950682945549485,False
val,val\Subject.9__Fall_backwards__70b1f6b6__w000096_000143.npz,Subject.9__Fall_backwards__70b1f6b6__w000096_000143,Subject.9/Fall backwards,Subject.9__Fall_backwards__70b1f6b6,1,96,143,23.0,48,1.0,1.0,0.9295404553413391,0.9295404553413391,1.0,1.0,0.0,0.0,0,0.021312400698661804,0.05735198501497503,False
val,val\Subject.9__Fall_backwards__70b1f6b6__w000108_000155.npz,Subject.9__Fall_backwards__70b1f6b6__w000108_000155,Subject.9/Fall backwards,Subject.9__Fall_backwards__70b1f6b6,1,108,155,23.0,48,1.0,1.0,0.9343640804290771,0.9343640804290771,1.0,1.0,0.0,0.0,0,0.023801157251000404,0.07118082456290711,False
val,val\Subject.9__Fall_backwards__70b1f6b6__w000120_000167.npz,Subject.9__Fall_backwards__70b1f6b6__w000120_000167,Subject.9/Fall backwards,Subject.9__Fall_backwards__70b1f6b6,1,120,167,23.0,48,1.0,1.0,0.9183600544929504,0.9183600544929504,1.0,1.0,0.0,0.0,0,0.02616376429796219,0.08871693275868864,False
val,val\Subject.9__Fall_backwards__70b1f6b6__w000132_000179.npz,Subject.9__Fall_backwards__70b1f6b6__w000132_000179,Subject.9/Fall backwards,Subject.9__Fall_backwards__70b1f6b6,1,132,179,23.0,48,1.0,0.9924242496490479,0.8520761132240295,0.8576564788818359,0.9090909090909091,0.9696969696969697,0.0,0.0,0,0.030292818322777748,0.138136852532625,False
val,val\Subject.9__Fall_backwards__70b1f6b6__w000144_000191.npz,Subject.9__Fall_backwards__70b1f6b6__w000144_000191,Subject.9/Fall backwards,Subject.9__Fall_backwards__70b1f6b6,1,144,191,23.0,48,1.0,0.9229797720909119,0.7654195427894592,0.8186293840408325,0.5757575757575758,0.7000000000000001,0.0,0.0,0,0.03795746713876724,0.15514837354421596,False
val,val\Subject.9__Fall_backwards__70b1f6b6__w000156_000203.npz,Subject.9__Fall_backwards__70b1f6b6__w000156_000203,Subject.9/Fall backwards,Subject.9__Fall_backwards__70b1f6b6,1,156,203,23.0,48,1.0,0.816919207572937,0.6667010188102722,0.794067919254303,0.5757575757575758,0.5757575757575758,0.0,0.0,0,0.02840631641447544,0.0702282395213842,False
val,val\Subject.9__Fall_backwards__70b1f6b6__w000168_000215.npz,Subject.9__Fall_backwards__70b1f6b6__w000168_000215,Subject.9/Fall backwards,Subject.9__Fall_backwards__70b1f6b6,1,168,215,23.0,48,1.0,0.7108585834503174,0.565558671951294,0.7634891867637634,0.5757575757575758,0.5757575757575758,0.0,0.0,0,0.024208053946495056,0.05637898482382296,False
val,val\Subject.9__Fall_backwards__70b1f6b6__w000180_000227.npz,Subject.9__Fall_backwards__70b1f6b6__w000180_000227,Subject.9/Fall backwards,Subject.9__Fall_backwards__70b1f6b6,1,180,227,23.0,48,1.0,0.6123737096786499,0.5247775316238403,0.8120429515838623,0.5757575757575758,0.5757575757575758,0.0,0.0,0,0.015152416191995144,0.03168520033359523,False
val,val\Subject.9__Fall_backwards__70b1f6b6__w000192_000239.npz,Subject.9__Fall_backwards__70b1f6b6__w000192_000239,Subject.9/Fall backwards,Subject.9__Fall_backwards__70b1f6b6,1,192,239,23.0,48,1.0,0.5940656661987305,0.51857590675354,0.8294301629066467,0.5757575757575758,0.5757575757575758,0.0,0.0,0,0.012818151153624058,0.028535103425383502,False
val,val\Subject.9__Fall_backwards__70b1f6b6__w000204_000251.npz,Subject.9__Fall_backwards__70b1f6b6__w000204_000251,Subject.9/Fall backwards,Subject.9__Fall_backwards__70b1f6b6,1,204,251,23.0,48,1.0,0.6805555820465088,0.5609181523323059,0.7945951819419861,0.5757575757575758,0.5757575757575758,0.0,0.0,0,0.0178814847022295,0.04104791432619091,False
val,val\Subject.9__Fall_forward__6da9dbab__w000000_000047.npz,Subject.9__Fall_forward__6da9dbab__w000000_000047,Subject.9/Fall forward,Subject.9__Fall_forward__6da9dbab,0,0,47,23.0,0,0.0,0.4457070827484131,0.3435419499874115,0.7380950450897217,0.0,0.0,0.4583333333333333,0.4583333333333333,22,0.04118620604276657,0.061694970540702235,True
val,val\Subject.9__Fall_forward__6da9dbab__w000012_000059.npz,Subject.9__Fall_forward__6da9dbab__w000012_000059,Subject.9/Fall forward,Subject.9__Fall_forward__6da9dbab,1,12,59,23.0,4,0.0833333358168602,0.6395202279090881,0.49171680212020874,0.7367200255393982,0.0,0.0,0.20833333333333334,0.20833333333333334,10,0.08395000547170639,0.5513678461313247,True
val,val\Subject.9__Fall_forward__6da9dbab__w000024_000071.npz,Subject.9__Fall_forward__6da9dbab__w000024_000071,Subject.9/Fall forward,Subject.9__Fall_forward__6da9dbab,1,24,71,23.0,16,0.3333333432674408,0.8327020406723022,0.6351699233055115,0.736151933670044,0.6363636363636364,0.6575757575757576,0.0,0.0,0,0.06693487614393234,0.5082444369792938,False
val,val\Subject.9__Fall_forward__6da9dbab__w000036_000083.npz,Subject.9__Fall_forward__6da9dbab__w000036_000083,Subject.9/Fall forward,Subject.9__Fall_forward__6da9dbab,1,36,83,23.0,28,0.5833333134651184,0.8118686676025391,0.6540447473526001,0.7753691673278809,0.6363636363636364,0.6575757575757576,0.0,0.0,0,0.06340489536523819,0.5068101137876506,False
val,val\Subject.9__Fall_forward__6da9dbab__w000048_000095.npz,Subject.9__Fall_forward__6da9dbab__w000048_000095,Subject.9/Fall forward,Subject.9__Fall_forward__6da9dbab,1,48,95,23.0,40,0.8333333134651184,0.881313145160675,0.7053120732307434,0.7843466997146606,0.696969696969697,0.7575757575757576,0.0,0.0,0,0.045243214815855026,0.22481981664895873,False
val,val\Subject.9__Fall_forward__6da9dbab__w000060_000107.npz,Subject.9__Fall_forward__6da9dbab__w000060_000107,Subject.9/Fall forward,Subject.9__Fall_forward__6da9dbab,1,60,107,23.0,43,0.8958333134651184,0.9362373948097229,0.7673971652984619,0.8107920289039612,0.8484848484848485,0.8484848484848485,0.0,0.0,0,0.011846529319882393,0.047396622411906716,False
val,val\Subject.9__Fall_forward__6da9dbab__w000072_000119.npz,Subject.9__Fall_forward__6da9dbab__w000072_000119,Subject.9/Fall forward,Subject.9__Fall_forward__6da9dbab,1,72,119,23.0,31,0.6458333134651184,0.9362373948097229,0.8007103800773621,0.8454139828681946,0.8484848484848485,0.8484848484848485,0.0,0.0,0,0.006478792522102594,0.01050859568640589,False
val,val\Subject.9__Fall_forward__6da9dbab__w000084_000131.npz,Subject.9__Fall_forward__6da9dbab__w000084_000131,Subject.9/Fall forward,Subject.9__Fall_forward__6da9dbab,1,84,131,23.0,19,0.3958333432674408,0.9476010203361511,0.819586455821991,0.8568729162216187,0.8484848484848485,0.9090909090909091,0.0,0.0,0,0.003540200646966696,0.006322097219526767,False
val,val\Subject.9__Fall_forward__6da9dbab__w000096_000143.npz,Subject.9__Fall_forward__6da9dbab__w000096_000143,Subject.9/Fall forward,Subject.9__Fall_forward__6da9dbab,1,96,143,23.0,7,0.1458333283662796,0.9469696879386902,0.8219938278198242,0.8598475456237793,0.9090909090909091,0.9090909090909091,0.0,0.0,0,0.004135340917855501,0.010980961006134748,False
val,val\Subject.9__Fall_left__5f783326__w000000_000047.npz,Subject.9__Fall_left__5f783326__w000000_000047,Subject.9/Fall left,Subject.9__Fall_left__5f783326,0,0,47,23.0,0,0.0,0.8396464586257935,0.6035945415496826,0.7166703343391418,0.0,0.0,0.14583333333333334,0.14583333333333334,7,0.07838431000709534,0.21901860609650603,True
val,val\Subject.9__Fall_left__5f783326__w000012_000059.npz,Subject.9__Fall_left__5f783326__w000012_000059,Subject.9/Fall left,Subject.9__Fall_left__5f783326,1,12,59,23.0,5,0.1041666641831398,0.9640151262283325,0.6820412278175354,0.7019370794296265,0.7575757575757576,0.9303030303030303,0.0,0.0,0,0.08063384890556335,0.25414083600044246,False
val,val\Subject.9__Fall_left__5f783326__w000024_000071.npz,Subject.9__Fall_left__5f783326__w000024_000071,Subject.9/Fall left,Subject.9__Fall_left__5f783326,1,24,71,23.0,17,0.3541666567325592,0.941919207572937,0.6605848670005798,0.6923385262489319,0.7575757575757576,0.7575757575757576,0.0,0.0,0,0.09040936827659607,0.27332452088594417,False
val,val\Subject.9__Fall_left__5f783326__w000036_000083.npz,Subject.9__Fall_left__5f783326__w000036_000083,Subject.9/Fall left,Subject.9__Fall_left__5f783326,1,36,83,23.0,29,0.6041666865348816,0.9469696879386902,0.6748071312904358,0.7045530676841736,0.7575757575757576,0.7575757575757576,0.0,0.0,0,0.07825339585542679,0.270633779466152,False
val,val\Subject.9__Fall_left__5f783326__w000048_000095.npz,Subject.9__Fall_left__5f783326__w000048_000095,Subject.9/Fall left,Subject.9__Fall_left__5f783326,1,48,95,23.0,41,0.8541666865348816,0.9539141654968262,0.7092509269714355,0.7361132502555847,0.7575757575757576,0.7575757575757576,0.0,0.0,0,0.06126663088798523,0.20697183385491333,False
val,val\Subject.9__Fall_left__5f783326__w000060_000107.npz,Subject.9__Fall_left__5f783326__w000060_000107,Subject.9/Fall left,Subject.9__Fall_left__5f783326,1,60,107,23.0,48,1.0,0.9690656661987305,0.7206940054893494,0.7389177083969116,0.7575757575757576,0.9303030303030303,0.0,0.0,0,0.042899299412965775,0.11982721909880625,False
val,val\Subject.9__Fall_left__5f783326__w000072_000119.npz,Subject.9__Fall_left__5f783326__w000072_000119,Subject.9/Fall left,Subject.9__Fall_left__5f783326,1,72,119,23.0,48,1.0,0.9526515007019043,0.7023759484291077,0.7298253178596497,0.696969696969697,0.8484848484848485,0.0,0.0,0,0.03429601341485977,0.09887007437646386,False
val,val\Subject.9__Fall_left__5f783326__w000084_000131.npz,Subject.9__Fall_left__5f783326__w000084_000131,Subject.9/Fall left,Subject.9__Fall_left__5f783326,1,84,131,23.0,48,1.0,0.8560606241226196,0.6413036584854126,0.7257656455039978,0.5454545454545454,0.5454545454545454,0.0,0.0,0,0.04401997849345207,0.09826859459280955,False
val,val\Subject.9__Fall_left__5f783326__w000096_000143.npz,Subject.9__Fall_left__5f783326__w000096_000143,Subject.9/Fall left,Subject.9__Fall_left__5f783326,1,96,143,23.0,48,1.0,0.7885100841522217,0.60154128074646,0.7260599732398987,0.5454545454545454,0.5454545454545454,0.0,0.0,0,0.04064823314547539,0.08257376663386817,False
val,val\Subject.9__Fall_left__5f783326__w000108_000155.npz,Subject.9__Fall_left__5f783326__w000108_000155,Subject.9/Fall left,Subject.9__Fall_left__5f783326,1,108,155,23.0,48,1.0,0.6723484992980957,0.5641028881072998,0.778188169002533,0.48484848484848486,0.5151515151515151,0.0,0.041666666666666664,0,0.03596392646431923,0.0672709636390209,False
val,val\Subject.9__Fall_left__5f783326__w000120_000167.npz,Subject.9__Fall_left__5f783326__w000120_000167,Subject.9/Fall left,Subject.9__Fall_left__5f783326,1,120,167,23.0,48,1.0,0.5827020406723022,0.5396715402603149,0.849894106388092,0.48484848484848486,0.48484848484848486,0.0,0.2708333333333333,0,0.03400831297039986,0.04758194703608747,False
val,val\Subject.9__Fall_left__5f783326__w000132_000179.npz,Subject.9__Fall_left__5f783326__w000132_000179,Subject.9/Fall left,Subject.9__Fall_left__5f783326,1,132,179,23.0,48,1.0,0.6351010203361511,0.5521957278251648,0.8087326288223267,0.48484848484848486,0.48484848484848486,0.0,0.2708333333333333,0,0.02977488934993744,0.057797139883041346,False
val,val\Subject.9__Fall_left__5f783326__w000144_000191.npz,Subject.9__Fall_left__5f783326__w000144_000191,Subject.9/Fall left,Subject.9__Fall_left__5f783326,1,144,191,23.0,48,1.0,0.6824495196342468,0.5732219815254211,0.7916353344917297,0.48484848484848486,0.48484848484848486,0.0,0.2708333333333333,0,0.027587750926613808,0.0449011079967021,False
val,val\Subject.9__Fall_left__5f783326__w000156_000203.npz,Subject.9__Fall_left__5f783326__w000156_000203,Subject.9/Fall left,Subject.9__Fall_left__5f783326,1,156,203,23.0,48,1.0,0.7594696879386902,0.6061503291130066,0.7644075751304626,0.48484848484848486,0.48484848484848486,0.0,0.22916666666666666,0,0.0280474741011858,0.043336332589387745,False
val,val\Subject.9__Fall_right__f73e5389__w000000_000047.npz,Subject.9__Fall_right__f73e5389__w000000_000047,Subject.9/Fall right,Subject.9__Fall_right__f73e5389,0,0,47,23.0,0,0.0,0.8516414165496826,0.687526285648346,0.8067429661750793,0.0,0.0,0.14583333333333334,0.14583333333333334,7,0.0616397000849247,0.1630507044494152,True
val,val\Subject.9__Fall_right__f73e5389__w000012_000059.npz,Subject.9__Fall_right__f73e5389__w000012_000059,Subject.9/Fall right,Subject.9__Fall_right__f73e5389,1,12,59,23.0,3,0.0625,0.997474730014801,0.8030486702919006,0.804640531539917,0.9696969696969697,1.0,0.0,0.0,0,0.05637170746922493,0.15920451208949088,False
val,val\Subject.9__Fall_right__f73e5389__w000024_000071.npz,Subject.9__Fall_right__f73e5389__w000024_000071,Subject.9/Fall right,Subject.9__Fall_right__f73e5389,1,24,71,23.0,15,0.3125,0.9898989796638489,0.792258620262146,0.7989069819450378,0.9696969696969697,0.9696969696969697,0.0,0.0,0,0.06251251697540283,0.15920451208949088,False
val,val\Subject.9__Fall_right__f73e5389__w000036_000083.npz,Subject.9__Fall_right__f73e5389__w000036_000083,Subject.9/Fall right,Subject.9__Fall_right__f73e5389,1,36,83,23.0,27,0.5625,0.9766414165496826,0.7705277800559998,0.786007285118103,0.9393939393939394,0.9393939393939394,0.0,0.0,0,0.06561247259378433,0.15920451208949088,False
val,val\Subject.9__Fall_right__f73e5389__w000048_000095.npz,Subject.9__Fall_right__f73e5389__w000048_000095,Subject.9/Fall right,Subject.9__Fall_right__f73e5389,1,48,95,23.0,39,0.8125,0.941919207572937,0.752496600151062,0.7916229367256165,0.8484848484848485,0.8484848484848485,0.0,0.0,0,0.04815417528152466,0.12442576028406618,False
val,val\Subject.9__Fall_right__f73e5389__w000060_000107.npz,Subject.9__Fall_right__f73e5389__w000060_000107,Subject.9/Fall right,Subject.9__Fall_right__f73e5389,1,60,107,23.0,48,1.0,0.9065656661987305,0.7492722272872925,0.8143607974052429,0.8484848484848485,0.8484848484848485,0.0,0.0,0,0.03413979336619377,0.082488951832056,False
val,val\Subject.9__Fall_right__f73e5389__w000072_000119.npz,Subject.9__Fall_right__f73e5389__w000072_000119,Subject.9/Fall right,Subject.9__Fall_right__f73e5389,1,72,119,23.0,48,1.0,0.8895202279090881,0.7483481764793396,0.8262845277786255,0.8484848484848485,0.8484848484848485,0.0,0.0,0,0.02797660045325756,0.06791276298463345,False
val,val\Subject.9__Fall_right__f73e5389__w000084_000131.npz,Subject.9__Fall_right__f73e5389__w000084_000131,Subject.9/Fall right,Subject.9__Fall_right__f73e5389,1,84,131,23.0,48,1.0,0.8762626051902771,0.7522682547569275,0.8407341241836548,0.8484848484848485,0.8484848484848485,0.0,0.0,0,0.01996600069105625,0.04250522367656231,False
val,val\Subject.9__Fall_right__f73e5389__w000096_000143.npz,Subject.9__Fall_right__f73e5389__w000096_000143,Subject.9/Fall right,Subject.9__Fall_right__f73e5389,1,96,143,23.0,48,1.0,0.873106062412262,0.7560158967971802,0.8471861481666565,0.8484848484848485,0.8484848484848485,0.0,0.0,0,0.013418609276413918,0.027359014004468912,False
val,val\Subject.9__Fall_right__f73e5389__w000108_000155.npz,Subject.9__Fall_right__f73e5389__w000108_000155,Subject.9/Fall right,Subject.9__Fall_right__f73e5389,1,108,155,23.0,48,1.0,0.873106062412262,0.7555204629898071,0.8470038175582886,0.8484848484848485,0.8484848484848485,0.0,0.0,0,0.011065864935517311,0.01575302733108401,False
val,val\Subject.9__Fall_right__f73e5389__w000120_000167.npz,Subject.9__Fall_right__f73e5389__w000120_000167,Subject.9/Fall right,Subject.9__Fall_right__f73e5389,1,120,167,23.0,48,1.0,0.8743686676025391,0.7528634667396545,0.8429284691810608,0.8484848484848485,0.8484848484848485,0.0,0.0,0,0.009262456558644772,0.013029780331999061,False
val,val\Subject.9__Fall_right__f73e5389__w000132_000179.npz,Subject.9__Fall_right__f73e5389__w000132_000179,Subject.9/Fall right,Subject.9__Fall_right__f73e5389,1,132,179,23.0,48,1.0,0.8857323527336121,0.749755859375,0.8305187225341797,0.8484848484848485,0.8484848484848485,0.0,0.0,0,0.007625844329595566,0.014274137560278151,False
val,val\Subject.9__Fall_sitting__e8590c2c__w000000_000047.npz,Subject.9__Fall_sitting__e8590c2c__w000000_000047,Subject.9/Fall sitting,Subject.9__Fall_sitting__e8590c2c,0,0,47,23.0,0,0.0,0.9633838534355164,0.6898295283317566,0.7105244398117065,0.9090909090909091,0.9090909090909091,0.0,0.0,0,0.059784214943647385,0.30845050960779186,False
val,val\Subject.9__Fall_sitting__e8590c2c__w000012_000059.npz,Subject.9__Fall_sitting__e8590c2c__w000012_000059,Subject.9/Fall sitting,Subject.9__Fall_sitting__e8590c2c,0,12,59,23.0,0,0.0,0.9513888955116272,0.650124728679657,0.6756371855735779,0.9090909090909091,0.9090909090909091,0.0,0.0,0,0.06667190790176392,0.3087809100747108,False
val,val\Subject.9__Fall_sitting__e8590c2c__w000024_000071.npz,Subject.9__Fall_sitting__e8590c2c__w000024_000071,Subject.9/Fall sitting,Subject.9__Fall_sitting__e8590c2c,0,24,71,23.0,0,0.0,0.940025269985199,0.6584362983703613,0.6910634636878967,0.8484848484848485,0.9090909090909091,0.0,0.0,0,0.062376707792282104,0.18330300897359847,False
val,val\Subject.9__Fall_sitting__e8590c2c__w000036_000083.npz,Subject.9__Fall_sitting__e8590c2c__w000036_000083,Subject.9/Fall sitting,Subject.9__Fall_sitting__e8590c2c,0,36,83,23.0,0,0.0,0.9122474789619446,0.6885551810264587,0.7422136664390564,0.8181818181818182,0.8393939393939395,0.0,0.0,0,0.06735794246196747,0.17723385393619526,False
val,val\Subject.9__Fall_sitting__e8590c2c__w000048_000095.npz,Subject.9__Fall_sitting__e8590c2c__w000048_000095,Subject.9/Fall sitting,Subject.9__Fall_sitting__e8590c2c,1,48,95,23.0,7,0.1458333283662796,0.9015151262283325,0.704261839389801,0.7682300209999084,0.8181818181818182,0.8393939393939395,0.0,0.0,0,0.06898879259824753,0.17552569285035127,False
val,val\Subject.9__Fall_sitting__e8590c2c__w000060_000107.npz,Subject.9__Fall_sitting__e8590c2c__w000060_000107,Subject.9/Fall sitting,Subject.9__Fall_sitting__e8590c2c,1,60,107,23.0,19,0.3958333432674408,0.8989899158477783,0.7178121209144592,0.7857613563537598,0.8181818181818182,0.8393939393939395,0.0,0.0,0,0.0551123283803463,0.16121640950441352,False
val,val\Subject.9__Fall_sitting__e8590c2c__w000072_000119.npz,Subject.9__Fall_sitting__e8590c2c__w000072_000119,Subject.9/Fall sitting,Subject.9__Fall_sitting__e8590c2c,1,72,119,23.0,31,0.6458333134651184,0.8869949579238892,0.7020209431648254,0.7771055102348328,0.8181818181818182,0.8181818181818182,0.0,0.0,0,0.0422716848552227,0.11095064580440514,False
val,val\Subject.9__Fall_sitting__e8590c2c__w000084_000131.npz,Subject.9__Fall_sitting__e8590c2c__w000084_000131,Subject.9/Fall sitting,Subject.9__Fall_sitting__e8590c2c,1,84,131,23.0,43,0.8958333134651184,0.8851010203361511,0.6770566701889038,0.749970555305481,0.8181818181818182,0.8181818181818182,0.0,0.0,0,0.02770393155515194,0.09377409145236015,False
val,val\Subject.9__Fall_sitting__e8590c2c__w000096_000143.npz,Subject.9__Fall_sitting__e8590c2c__w000096_000143,Subject.9/Fall sitting,Subject.9__Fall_sitting__e8590c2c,1,96,143,23.0,48,1.0,0.8952020406723022,0.6655129194259644,0.7295817136764526,0.8181818181818182,0.8181818181818182,0.0,0.0,0,0.02219168096780777,0.0513473881408572,False
val,val\Subject.9__Fall_sitting__e8590c2c__w000108_000155.npz,Subject.9__Fall_sitting__e8590c2c__w000108_000155,Subject.9/Fall sitting,Subject.9__Fall_sitting__e8590c2c,1,108,155,23.0,48,1.0,0.9015151262283325,0.6562341451644897,0.714589536190033,0.8181818181818182,0.8181818181818182,0.0,0.0,0,0.02027231454849243,0.04450056087225675,False
val,val\Subject.9__Fall_sitting__e8590c2c__w000120_000167.npz,Subject.9__Fall_sitting__e8590c2c__w000120_000167,Subject.9/Fall sitting,Subject.9__Fall_sitting__e8590c2c,1,120,167,23.0,48,1.0,0.9242424368858337,0.6578337550163269,0.7012439370155334,0.8484848484848485,0.8484848484848485,0.0,0.0,0,0.01597585342824459,0.04085559695959088,False
val,val\Subject.9__Fall_sitting__e8590c2c__w000132_000179.npz,Subject.9__Fall_sitting__e8590c2c__w000132_000179,Subject.9/Fall sitting,Subject.9__Fall_sitting__e8590c2c,1,132,179,23.0,48,1.0,0.9387626051902771,0.6514678597450256,0.6852313876152039,0.8787878787878788,0.9090909090909091,0.0,0.0,0,0.014838091097772121,0.040539442189037794,False
val,val\Subject.9__Fall_sitting__e8590c2c__w000144_000191.npz,Subject.9__Fall_sitting__e8590c2c__w000144_000191,Subject.9/Fall sitting,Subject.9__Fall_sitting__e8590c2c,1,144,191,23.0,48,1.0,0.9286616444587708,0.63340163230896,0.6716774702072144,0.8787878787878788,0.9090909090909091,0.0,0.0,0,0.009107353165745735,0.022141753602772908,False
val,val\Subject.9__Fall_sitting__e8590c2c__w000156_000203.npz,Subject.9__Fall_sitting__e8590c2c__w000156_000203,Subject.9/Fall sitting,Subject.9__Fall_sitting__e8590c2c,1,156,203,23.0,48,1.0,0.9135100841522217,0.6185979843139648,0.6646708250045776,0.8787878787878788,0.8787878787878788,0.0,0.0,0,0.006181133445352316,0.009522047080099582,False
val,val\Subject.9__Fall_sitting__e8590c2c__w000168_000215.npz,Subject.9__Fall_sitting__e8590c2c__w000168_000215,Subject.9/Fall sitting,Subject.9__Fall_sitting__e8590c2c,1,168,215,23.0,48,1.0,0.8983585834503174,0.6052821278572083,0.6584738492965698,0.8787878787878788,0.8787878787878788,0.0,0.0,0,0.00478403689339757,0.0058914476772770254,False
val,val\Subject.9__Hop__d1f18d29__w000000_000047.npz,Subject.9__Hop__d1f18d29__w000000_000047,Subject.9/Hop,Subject.9__Hop__d1f18d29,0,0,47,23.0,0,0.0,0.9785353541374207,0.8593894839286804,0.878126323223114,0.0,1.0,0.020833333333333332,0.020833333333333332,1,0.01613434962928295,0.048291334509849536,True
val,val\Subject.9__Hop__d1f18d29__w000012_000059.npz,Subject.9__Hop__d1f18d29__w000012_000059,Subject.9/Hop,Subject.9__Hop__d1f18d29,0,12,59,23.0,0,0.0,1.0,0.9009494781494141,0.9009494781494141,1.0,1.0,0.0,0.0,0,0.020815957337617874,0.05485320929437872,False
val,val\Subject.9__Hop__d1f18d29__w000024_000071.npz,Subject.9__Hop__d1f18d29__w000024_000071,Subject.9/Hop,Subject.9__Hop__d1f18d29,0,24,71,23.0,0,0.0,1.0,0.8964177370071411,0.8964177370071411,1.0,1.0,0.0,0.0,0,0.02587384358048439,0.06821633763611312,False
val,val\Subject.9__Hop__d1f18d29__w000036_000083.npz,Subject.9__Hop__d1f18d29__w000036_000083,Subject.9/Hop,Subject.9__Hop__d1f18d29,0,36,83,23.0,0,0.0,1.0,0.8895741701126099,0.8895741701126099,1.0,1.0,0.0,0.0,0,0.02888002246618271,0.0718157462775707,False
val,val\Subject.9__Hop__d1f18d29__w000048_000095.npz,Subject.9__Hop__d1f18d29__w000048_000095,Subject.9/Hop,Subject.9__Hop__d1f18d29,0,48,95,23.0,0,0.0,1.0,0.870309054851532,0.870309054851532,1.0,1.0,0.0,0.0,0,0.029765933752059937,0.0698673628270626,False
val,val\Subject.9__Hop__d1f18d29__w000060_000107.npz,Subject.9__Hop__d1f18d29__w000060_000107,Subject.9/Hop,Subject.9__Hop__d1f18d29,0,60,107,23.0,0,0.0,1.0,0.8762617111206055,0.8762617111206055,1.0,1.0,0.0,0.0,0,0.029187703505158424,0.06882086656987665,False
val,val\Subject.9__Hop__d1f18d29__w000072_000119.npz,Subject.9__Hop__d1f18d29__w000072_000119,Subject.9/Hop,Subject.9__Hop__d1f18d29,0,72,119,23.0,0,0.0,1.0,0.8801066279411316,0.8801066279411316,1.0,1.0,0.0,0.0,0,0.028413984924554825,0.0681915901601314,False
val,val\Subject.9__Hop__d1f18d29__w000084_000131.npz,Subject.9__Hop__d1f18d29__w000084_000131,Subject.9/Hop,Subject.9__Hop__d1f18d29,0,84,131,23.0,0,0.0,1.0,0.8807002902030945,0.8807002902030945,1.0,1.0,0.0,0.0,0,0.02940399944782257,0.07256074771285057,False
val,val\Subject.9__Hop__d1f18d29__w000096_000143.npz,Subject.9__Hop__d1f18d29__w000096_000143,Subject.9/Hop,Subject.9__Hop__d1f18d29,0,96,143,23.0,0,0.0,1.0,0.8688646554946899,0.8688646554946899,1.0,1.0,0.0,0.0,0,0.031923964619636536,0.07655175812542438,False
val,val\Subject.9__Hop__d1f18d29__w000108_000155.npz,Subject.9__Hop__d1f18d29__w000108_000155,Subject.9/Hop,Subject.9__Hop__d1f18d29,0,108,155,23.0,0,0.0,0.9785353541374207,0.8269516229629517,0.8419108986854553,0.8484848484848485,0.8484848484848485,0.0,0.0,0,0.03820677474141121,0.08243023157119748,False
val,val\Subject.9__Hop__d1f18d29__w000120_000167.npz,Subject.9__Hop__d1f18d29__w000120_000167,Subject.9/Hop,Subject.9__Hop__d1f18d29,0,120,167,23.0,0,0.0,0.9406565427780151,0.7862724661827087,0.8291264772415161,0.8484848484848485,0.8484848484848485,0.0,0.0,0,0.03942199796438217,0.08877416141331196,False
val,val\Subject.9__Hop__d1f18d29__w000132_000179.npz,Subject.9__Hop__d1f18d29__w000132_000179,Subject.9/Hop,Subject.9__Hop__d1f18d29,0,132,179,23.0,0,0.0,0.8996211886405945,0.739231526851654,0.8102284073829651,0.8181818181818182,0.8181818181818182,0.0,0.0,0,0.03696789965033531,0.08981757797300809,False
val,val\Subject.9__Hop__d1f18d29__w000144_000191.npz,Subject.9__Hop__d1f18d29__w000144_000191,Subject.9/Hop,Subject.9__Hop__d1f18d29,0,144,191,23.0,0,0.0,0.8996211886405945,0.7547760009765625,0.8275071978569031,0.8181818181818182,0.8181818181818182,0.0,0.0,0,0.030817827209830284,0.07290340065956116,False
val,val\Subject.9__Hop__d1f18d29__w000156_000203.npz,Subject.9__Hop__d1f18d29__w000156_000203,Subject.9/Hop,Subject.9__Hop__d1f18d29,0,156,203,23.0,0,0.0,0.9210858345031738,0.8096460700035095,0.871173083782196,0.8181818181818182,0.8181818181818182,0.0,0.0,0,0.02354942262172699,0.06351656466722488,False
val,val\Subject.9__Kneel__ef1df7cd__w000000_000047.npz,Subject.9__Kneel__ef1df7cd__w000000_000047,Subject.9/Kneel,Subject.9__Kneel__ef1df7cd,0,0,47,23.0,0,0.0,1.0,0.8793502449989319,0.8793502449989319,1.0,1.0,0.0,0.0,0,0.019009219482541084,0.045513704232871495,False
val,val\Subject.9__Kneel__ef1df7cd__w000012_000059.npz,Subject.9__Kneel__ef1df7cd__w000012_000059,Subject.9/Kneel,Subject.9__Kneel__ef1df7cd,0,12,59,23.0,0,0.0,0.9993686676025391,0.8661041259765625,0.866526186466217,0.9696969696969697,1.0,0.0,0.0,0,0.019675930961966515,0.04065278358757494,False
val,val\Subject.9__Kneel__ef1df7cd__w000024_000071.npz,Subject.9__Kneel__ef1df7cd__w000024_000071,Subject.9/Kneel,Subject.9__Kneel__ef1df7cd,0,24,71,23.0,0,0.0,0.9785353541374207,0.8165903091430664,0.8309001922607422,0.7878787878787878,0.9303030303030303,0.0,0.0,0,0.02288241870701313,0.05975992977619167,False
val,val\Subject.9__Kneel__ef1df7cd__w000036_000083.npz,Subject.9__Kneel__ef1df7cd__w000036_000083,Subject.9/Kneel,Subject.9__Kneel__ef1df7cd,0,36,83,23.0,0,0.0,0.8983585834503174,0.7583581209182739,0.8303908109664917,0.6363636363636364,0.6363636363636364,0.0,0.0,0,0.024080319330096245,0.0575625969097018,False
val,val\Subject.9__Kneel__ef1df7cd__w000048_000095.npz,Subject.9__Kneel__ef1df7cd__w000048_000095,Subject.9/Kneel,Subject.9__Kneel__ef1df7cd,0,48,95,23.0,0,0.0,0.808080792427063,0.6770505309104919,0.815176784992218,0.6060606060606061,0.6060606060606061,0.0,0.0,0,0.025198059156537056,0.06470226161181927,False
val,val\Subject.9__Kneel__ef1df7cd__w000060_000107.npz,Subject.9__Kneel__ef1df7cd__w000060_000107,Subject.9/Kneel,Subject.9__Kneel__ef1df7cd,0,60,107,23.0,0,0.0,0.7234848737716675,0.6050037145614624,0.8028975129127502,0.6060606060606061,0.6060606060606061,0.0,0.0,0,0.023380467668175697,0.061898868344724176,False
val,val\Subject.9__Kneel__ef1df7cd__w000072_000119.npz,Subject.9__Kneel__ef1df7cd__w000072_000119,Subject.9/Kneel,Subject.9__Kneel__ef1df7cd,0,72,119,23.0,0,0.0,0.6470959782600403,0.5677466988563538,0.8329432606697083,0.6060606060606061,0.6060606060606061,0.0,0.0,0,0.017868898808956146,0.04168286435306072,False
val,val\Subject.9__Kneel__ef1df7cd__w000084_000131.npz,Subject.9__Kneel__ef1df7cd__w000084_000131,Subject.9/Kneel,Subject.9__Kneel__ef1df7cd,0,84,131,23.0,0,0.0,0.6616161465644836,0.5592585802078247,0.8087495565414429,0.6060606060606061,0.6060606060606061,0.0,0.0,0,0.015835758298635483,0.03836977723985909,False
val,val\Subject.9__Kneel__ef1df7cd__w000096_000143.npz,Subject.9__Kneel__ef1df7cd__w000096_000143,Subject.9/Kneel,Subject.9__Kneel__ef1df7cd,0,96,143,23.0,0,0.0,0.6925504803657532,0.5737238526344299,0.7975379824638367,0.6060606060606061,0.6060606060606061,0.0,0.0,0,0.020876146852970123,0.06019497979432338,False
val,val\Subject.9__Kneel__ef1df7cd__w000108_000155.npz,Subject.9__Kneel__ef1df7cd__w000108_000155,Subject.9/Kneel,Subject.9__Kneel__ef1df7cd,0,108,155,23.0,0,0.0,0.7297979593276978,0.5933217406272888,0.7894030809402466,0.6060606060606061,0.6060606060606061,0.0,0.0,0,0.02440834790468216,0.12669753581285473,False
val,val\Subject.9__Kneel__ef1df7cd__w000120_000167.npz,Subject.9__Kneel__ef1df7cd__w000120_000167,Subject.9/Kneel,Subject.9__Kneel__ef1df7cd,0,120,167,23.0,0,0.0,0.7771464586257935,0.6223015189170837,0.7864490747451782,0.6666666666666666,0.7484848484848485,0.0,0.0,0,0.025927172973752022,0.12771078199148175,False
val,val\Subject.9__Kneel__ef1df7cd__w000132_000179.npz,Subject.9__Kneel__ef1df7cd__w000132_000179,Subject.9/Kneel,Subject.9__Kneel__ef1df7cd,0,132,179,23.0,0,0.0,0.7973484992980957,0.6568047404289246,0.813568651676178,0.7575757575757576,0.7575757575757576,0.0,0.0,0,0.024155741557478905,0.12741409391164776,False
val,val\Subject.9__Kneel__ef1df7cd__w000144_000191.npz,Subject.9__Kneel__ef1df7cd__w000144_000191,Subject.9/Kneel,Subject.9__Kneel__ef1df7cd,0,144,191,23.0,0,0.0,0.8112373948097229,0.6840131282806396,0.8352166414260864,0.7878787878787878,0.7878787878787878,0.0,0.0,0,0.018405238166451454,0.045425463467836366,False
val,val\Subject.9__Kneel__ef1df7cd__w000156_000203.npz,Subject.9__Kneel__ef1df7cd__w000156_000203,Subject.9/Kneel,Subject.9__Kneel__ef1df7cd,0,156,203,23.0,0,0.0,0.8011363744735718,0.6981865763664246,0.8599698543548584,0.7575757575757576,0.7575757575757576,0.0,0.0,0,0.01530718058347702,0.041941089369356595,False
val,val\Subject.9__Kneel__ef1df7cd__w000168_000215.npz,Subject.9__Kneel__ef1df7cd__w000168_000215,Subject.9/Kneel,Subject.9__Kneel__ef1df7cd,0,168,215,23.0,0,0.0,0.7904040217399597,0.7022060751914978,0.8729747533798218,0.7575757575757576,0.7575757575757576,0.0,0.0,0,0.015593796037137508,0.042284593172371376,False
val,val\Subject.9__Pick_up_object__db2c8423__w000000_000047.npz,Subject.9__Pick_up_object__db2c8423__w000000_000047,Subject.9/Pick up object,Subject.9__Pick_up_object__db2c8423,0,0,47,23.0,0,0.0,0.8699495196342468,0.7581671476364136,0.8705672025680542,0.0,0.0,0.125,0.125,6,0.059160228818655014,0.07747746072709548,True
val,val\Subject.9__Pick_up_object__db2c8423__w000012_000059.npz,Subject.9__Pick_up_object__db2c8423__w000012_000059,Subject.9/Pick up object,Subject.9__Pick_up_object__db2c8423,0,12,59,23.0,0,0.0,1.0,0.8730858564376831,0.8730858564376831,1.0,1.0,0.0,0.0,0,0.04687214270234108,0.14394728094339365,False
val,val\Subject.9__Pick_up_object__db2c8423__w000024_000071.npz,Subject.9__Pick_up_object__db2c8423__w000024_000071,Subject.9/Pick up object,Subject.9__Pick_up_object__db2c8423,0,24,71,23.0,0,0.0,1.0,0.8627020120620728,0.8627020120620728,1.0,1.0,0.0,0.0,0,0.053701553493738174,0.15316017568111417,False
val,val\Subject.9__Pick_up_object__db2c8423__w000036_000083.npz,Subject.9__Pick_up_object__db2c8423__w000036_000083,Subject.9/Pick up object,Subject.9__Pick_up_object__db2c8423,0,36,83,23.0,0,0.0,0.9898989796638489,0.8037785887718201,0.810258686542511,0.9090909090909091,0.9606060606060607,0.0,0.0,0,0.056365907192230225,0.16531819105148315,False
val,val\Subject.9__Pick_up_object__db2c8423__w000048_000095.npz,Subject.9__Pick_up_object__db2c8423__w000048_000095,Subject.9/Pick up object,Subject.9__Pick_up_object__db2c8423,0,48,95,23.0,0,0.0,0.9779040217399597,0.7589777112007141,0.7724377512931824,0.9090909090909091,0.9090909090909091,0.0,0.0,0,0.05195094645023346,0.1695133566856384,False
val,val\Subject.9__Pick_up_object__db2c8423__w000060_000107.npz,Subject.9__Pick_up_object__db2c8423__w000060_000107,Subject.9/Pick up object,Subject.9__Pick_up_object__db2c8423,0,60,107,23.0,0,0.0,0.9779040217399597,0.75237637758255,0.7656872272491455,0.9090909090909091,0.9090909090909091,0.0,0.0,0,0.03424031287431717,0.14419197216629975,False
val,val\Subject.9__Pick_up_object__db2c8423__w000072_000119.npz,Subject.9__Pick_up_object__db2c8423__w000072_000119,Subject.9/Pick up object,Subject.9__Pick_up_object__db2c8423,0,72,119,23.0,0,0.0,0.9779040217399597,0.7353307604789734,0.7482565641403198,0.9090909090909091,0.9090909090909091,0.0,0.0,0,0.031089579686522484,0.1584707200527191,False
val,val\Subject.9__Pick_up_object__db2c8423__w000084_000131.npz,Subject.9__Pick_up_object__db2c8423__w000084_000131,Subject.9/Pick up object,Subject.9__Pick_up_object__db2c8423,0,84,131,23.0,0,0.0,0.9696969985961914,0.7368939518928528,0.7552623748779297,0.9090909090909091,0.9090909090909091,0.0,0.0,0,0.03132849186658859,0.1771418176591395,False
val,val\Subject.9__Pick_up_object__db2c8423__w000096_000143.npz,Subject.9__Pick_up_object__db2c8423__w000096_000143,Subject.9/Pick up object,Subject.9__Pick_up_object__db2c8423,0,96,143,23.0,0,0.0,0.9513888955116272,0.720145046710968,0.7504025101661682,0.8181818181818182,0.8696969696969697,0.0,0.0,0,0.031184865161776543,0.1929956376552565,False
val,val\Subject.9__Pick_up_object__db2c8423__w000108_000155.npz,Subject.9__Pick_up_object__db2c8423__w000108_000155,Subject.9/Pick up object,Subject.9__Pick_up_object__db2c8423,0,108,155,23.0,0,0.0,0.9059343338012695,0.6846387386322021,0.743934154510498,0.8181818181818182,0.8181818181818182,0.0,0.0,0,0.02865959331393242,0.1410932980477809,False
val,val\Subject.9__Pick_up_object__db2c8423__w000120_000167.npz,Subject.9__Pick_up_object__db2c8423__w000120_000167,Subject.9/Pick up object,Subject.9__Pick_up_object__db2c8423,0,120,167,23.0,0,0.0,0.8630050420761108,0.6747795939445496,0.7644001245498657,0.8181818181818182,0.8181818181818182,0.0,0.0,0,0.02546774409711361,0.09765091687440865,False
val,val\Subject.9__Pick_up_object__db2c8423__w000132_000179.npz,Subject.9__Pick_up_object__db2c8423__w000132_000179,Subject.9/Pick up object,Subject.9__Pick_up_object__db2c8423,0,132,179,23.0,0,0.0,0.8503788113594055,0.6812463402748108,0.7822296619415283,0.8181818181818182,0.8181818181818182,0.0,0.0,0,0.028843345120549202,0.10785950198769569,False
val,val\Subject.9__Pick_up_object__db2c8423__w000144_000191.npz,Subject.9__Pick_up_object__db2c8423__w000144_000191,Subject.9/Pick up object,Subject.9__Pick_up_object__db2c8423,0,144,191,23.0,0,0.0,0.879419207572937,0.7126057744026184,0.7959381341934204,0.8181818181818182,0.8181818181818182,0.0,0.0,0,0.043862637132406235,0.1371903836727142,False
val,val\Subject.9__Pick_up_object__db2c8423__w000156_000203.npz,Subject.9__Pick_up_object__db2c8423__w000156_000203,Subject.9/Pick up object,Subject.9__Pick_up_object__db2c8423,0,156,203,23.0,0,0.0,0.9248737096786499,0.7553005218505859,0.8078086376190186,0.8181818181818182,0.8181818181818182,0.0,0.0,0,0.06750274449586868,0.1970260754227637,False
val,val\Subject.9__Pick_up_object__db2c8423__w000168_000215.npz,Subject.9__Pick_up_object__db2c8423__w000168_000215,Subject.9/Pick up object,Subject.9__Pick_up_object__db2c8423,0,168,215,23.0,0,0.0,0.9678030014038086,0.7998558878898621,0.8225758671760559,0.8484848484848485,0.8484848484848485,0.0,0.0,0,0.07412337511777878,0.1919726327061653,False
val,val\Subject.9__Sit_down__f2b6234d__w000000_000047.npz,Subject.9__Sit_down__f2b6234d__w000000_000047,Subject.9/Sit down,Subject.9__Sit_down__f2b6234d,0,0,47,23.0,0,0.0,0.8352272510528564,0.7025746703147888,0.8217933773994446,0.696969696969697,0.696969696969697,0.0,0.0,0,0.034319184720516205,0.11518694125115869,False
val,val\Subject.9__Sit_down__f2b6234d__w000012_000059.npz,Subject.9__Sit_down__f2b6234d__w000012_000059,Subject.9/Sit down,Subject.9__Sit_down__f2b6234d,0,12,59,23.0,0,0.0,0.7904040217399597,0.6684228181838989,0.8237454891204834,0.696969696969697,0.696969696969697,0.0,0.0,0,0.04179307818412781,0.1701389230787753,False
val,val\Subject.9__Sit_down__f2b6234d__w000024_000071.npz,Subject.9__Sit_down__f2b6234d__w000024_000071,Subject.9/Sit down,Subject.9__Sit_down__f2b6234d,0,24,71,23.0,0,0.0,0.7941918969154358,0.6197099685668945,0.7615726590156555,0.696969696969697,0.696969696969697,0.0,0.0,0,0.06004556640982628,0.22161823511123635,False
val,val\Subject.9__Sit_down__f2b6234d__w000036_000083.npz,Subject.9__Sit_down__f2b6234d__w000036_000083,Subject.9/Sit down,Subject.9__Sit_down__f2b6234d,0,36,83,23.0,0,0.0,0.8213383555412292,0.6060911417007446,0.7214639782905579,0.7272727272727273,0.7575757575757576,0.0,0.0,0,0.06789440661668777,0.2351602755486965,False
val,val\Subject.9__Sit_down__f2b6234d__w000048_000095.npz,Subject.9__Sit_down__f2b6234d__w000048_000095,Subject.9/Sit down,Subject.9__Sit_down__f2b6234d,0,48,95,23.0,0,0.0,0.8364899158477783,0.5886470079421997,0.687676191329956,0.7575757575757576,0.7575757575757576,0.0,0.0,0,0.08066698163747787,0.24284917339682557,False
val,val\Subject.9__Sit_down__f2b6234d__w000060_000107.npz,Subject.9__Sit_down__f2b6234d__w000060_000107,Subject.9/Sit down,Subject.9__Sit_down__f2b6234d,0,60,107,23.0,0,0.0,0.8352272510528564,0.5824072360992432,0.6762835383415222,0.696969696969697,0.7575757575757576,0.0,0.0,0,0.07443512976169586,0.24931209683418265,False
val,val\Subject.9__Sit_down__f2b6234d__w000072_000119.npz,Subject.9__Sit_down__f2b6234d__w000072_000119,Subject.9/Sit down,Subject.9__Sit_down__f2b6234d,0,72,119,23.0,0,0.0,0.7929292917251587,0.6064971089363098,0.7346369028091431,0.696969696969697,0.7272727272727273,0.0,0.0,0,0.054015226662158966,0.14788681864738462,False
val,val\Subject.9__Sit_down__f2b6234d__w000084_000131.npz,Subject.9__Sit_down__f2b6234d__w000084_000131,Subject.9/Sit down,Subject.9__Sit_down__f2b6234d,0,84,131,23.0,0,0.0,0.7834596037864685,0.6167432069778442,0.7582299709320068,0.696969696969697,0.7272727272727273,0.0,0.0,0,0.043567996472120285,0.1364761464297771,False
val,val\Subject.9__Sit_down__f2b6234d__w000096_000143.npz,Subject.9__Sit_down__f2b6234d__w000096_000143,Subject.9/Sit down,Subject.9__Sit_down__f2b6234d,0,96,143,23.0,0,0.0,0.7588383555412292,0.6270959973335266,0.7946519255638123,0.696969696969697,0.7272727272727273,0.0,0.0,0,0.024826839566230774,0.06971275769174097,False
val,val\Subject.9__Sit_down__f2b6234d__w000108_000155.npz,Subject.9__Sit_down__f2b6234d__w000108_000155,Subject.9/Sit down,Subject.9__Sit_down__f2b6234d,0,108,155,23.0,0,0.0,0.7417929172515869,0.6316856741905212,0.8227466344833374,0.696969696969697,0.7272727272727273,0.0,0.0,0,0.01516285352408886,0.02594707608222961,False
val,val\Subject.9__Sit_down__f2b6234d__w000120_000167.npz,Subject.9__Sit_down__f2b6234d__w000120_000167,Subject.9/Sit down,Subject.9__Sit_down__f2b6234d,0,120,167,23.0,0,0.0,0.7411616444587708,0.6444951891899109,0.8469668030738831,0.7272727272727273,0.7272727272727273,0.0,0.0,0,0.008305544033646584,0.015247181570157382,False
val,val\Subject.9__Sit_down__f2b6234d__w000132_000179.npz,Subject.9__Sit_down__f2b6234d__w000132_000179,Subject.9/Sit down,Subject.9__Sit_down__f2b6234d,0,132,179,23.0,0,0.0,0.7272727489471436,0.649375319480896,0.87197345495224,0.7272727272727273,0.7272727272727273,0.0,0.0,0,0.00316778221167624,0.009333065897226333,False
val,val\Subject.9__Sit_down__f2b6234d__w000144_000191.npz,Subject.9__Sit_down__f2b6234d__w000144_000191,Subject.9/Sit down,Subject.9__Sit_down__f2b6234d,0,144,191,23.0,0,0.0,0.7272727489471436,0.649926483631134,0.8758054375648499,0.7272727272727273,0.7272727272727273,0.0,0.0,0,0.002936017932370305,0.008567119808867572,False
val,val\Subject.9__Sit_down__f2b6234d__w000156_000203.npz,Subject.9__Sit_down__f2b6234d__w000156_000203,Subject.9/Sit down,Subject.9__Sit_down__f2b6234d,0,156,203,23.0,0,0.0,0.7272727489471436,0.6492853164672852,0.8763173222541809,0.7272727272727273,0.7272727272727273,0.0,0.0,0,0.007037029601633549,0.031717605702579005,False
val,val\Subject.9__Sit_down__f2b6234d__w000168_000215.npz,Subject.9__Sit_down__f2b6234d__w000168_000215,Subject.9/Sit down,Subject.9__Sit_down__f2b6234d,0,168,215,23.0,0,0.0,0.7607323527336121,0.6666911840438843,0.8592623472213745,0.7272727272727273,0.7272727272727273,0.0,0.0,0,0.014851175248622894,0.036773126572370494,False
val,val\Subject.9__Sit_down__f2b6234d__w000180_000227.npz,Subject.9__Sit_down__f2b6234d__w000180_000227,Subject.9/Sit down,Subject.9__Sit_down__f2b6234d,0,180,227,23.0,0,0.0,0.8232323527336121,0.6981410980224609,0.8352047801017761,0.7272727272727273,0.7272727272727273,0.0,0.0,0,0.01859951578080654,0.04709919281303876,False
val,val\Subject.9__Walk__6ac21e64__w000000_000047.npz,Subject.9__Walk__6ac21e64__w000000_000047,Subject.9/Walk,Subject.9__Walk__6ac21e64,0,0,47,23.0,0,0.0,0.7487373948097229,0.6288943290710449,0.8353736400604248,0.0,0.0,0.22916666666666666,0.22916666666666666,11,0.04902234300971031,0.11979307234287229,True
val,val\Subject.9__Walk__6ac21e64__w000012_000059.npz,Subject.9__Walk__6ac21e64__w000012_000059,Subject.9/Walk,Subject.9__Walk__6ac21e64,0,12,59,23.0,0,0.0,0.9633838534355164,0.828829288482666,0.8576536774635315,0.0,0.9393939393939394,0.020833333333333332,0.020833333333333332,1,0.017777420580387115,0.04198845420032737,True
val,val\Subject.9__Walk__6ac21e64__w000024_000071.npz,Subject.9__Walk__6ac21e64__w000024_000071,Subject.9/Walk,Subject.9__Walk__6ac21e64,0,24,71,23.0,0,0.0,0.9993686676025391,0.8838186264038086,0.8842536211013794,0.9696969696969697,1.0,0.0,0.0,0,0.01741599105298519,0.04579190537333487,False
val,val\Subject.9__Walk__6ac21e64__w000036_000083.npz,Subject.9__Walk__6ac21e64__w000036_000083,Subject.9/Walk,Subject.9__Walk__6ac21e64,0,36,83,23.0,0,0.0,1.0,0.8827160000801086,0.8827160000801086,1.0,1.0,0.0,0.0,0,0.019672511145472527,0.05403909925371406,False
val,val\Subject.9__Walk__6ac21e64__w000048_000095.npz,Subject.9__Walk__6ac21e64__w000048_000095,Subject.9/Walk,Subject.9__Walk__6ac21e64,0,48,95,23.0,0,0.0,1.0,0.8603348135948181,0.8603348135948181,1.0,1.0,0.0,0.0,0,0.02133740298449993,0.05091494619846342,False
val,val\Subject.9__Walk__6ac21e64__w000060_000107.npz,Subject.9__Walk__6ac21e64__w000060_000107,Subject.9/Walk,Subject.9__Walk__6ac21e64,0,60,107,23.0,0,0.0,0.9930555820465088,0.8057388663291931,0.8101434707641602,0.8484848484848485,1.0,0.0,0.0,0,0.025769054889678955,0.0599145507439971,False
val,val\Subject.9__Walk__6ac21e64__w000072_000119.npz,Subject.9__Walk__6ac21e64__w000072_000119,Subject.9/Walk,Subject.9__Walk__6ac21e64,0,72,119,23.0,0,0.0,0.9078282713890076,0.7321022152900696,0.7932499051094055,0.6060606060606061,0.6363636363636364,0.0,0.0,0,0.033537108451128006,0.07452840022742747,False
val,val\Subject.9__Walk__6ac21e64__w000084_000131.npz,Subject.9__Walk__6ac21e64__w000084_000131,Subject.9/Walk,Subject.9__Walk__6ac21e64,0,84,131,23.0,0,0.0,0.8207070827484131,0.6564425230026245,0.7746708989143372,0.6060606060606061,0.6363636363636364,0.0,0.0,0,0.034212809056043625,0.07963459491729735,False
val,val\Subject.9__Walk__6ac21e64__w000096_000143.npz,Subject.9__Walk__6ac21e64__w000096_000143,Subject.9/Walk,Subject.9__Walk__6ac21e64,0,96,143,23.0,0,0.0,0.7304292917251587,0.5912695527076721,0.7704823613166809,0.6060606060606061,0.6272727272727273,0.0,0.0,0,0.035381101071834564,0.08312787972390637,False
val,val\Subject.9__Walk__6ac21e64__w000108_000155.npz,Subject.9__Walk__6ac21e64__w000108_000155,Subject.9/Walk,Subject.9__Walk__6ac21e64,0,108,155,23.0,0,0.0,0.6515151262283325,0.5539814829826355,0.7996535301208496,0.6060606060606061,0.6272727272727273,0.0,0.0,0,0.028999043628573418,0.07452840022742747,False
val,val\Subject.9__Walk__6ac21e64__w000120_000167.npz,Subject.9__Walk__6ac21e64__w000120_000167,Subject.9/Walk,Subject.9__Walk__6ac21e64,0,120,167,23.0,0,0.0,0.6780303120613098,0.5590046644210815,0.7853394746780396,0.6060606060606061,0.6363636363636364,0.0,0.0,0,0.02270341105759144,0.04597432259470223,False
val,val\Subject.9__Walk__6ac21e64__w000132_000179.npz,Subject.9__Walk__6ac21e64__w000132_000179,Subject.9/Walk,Subject.9__Walk__6ac21e64,0,132,179,23.0,0,0.0,0.7348484992980957,0.5834066271781921,0.7672441005706787,0.6060606060606061,0.6363636363636364,0.0,0.0,0,0.019843362271785736,0.044903695024549925,False
val,val\Subject.9__Walk__6ac21e64__w000144_000191.npz,Subject.9__Walk__6ac21e64__w000144_000191,Subject.9/Walk,Subject.9__Walk__6ac21e64,0,144,191,23.0,0,0.0,0.814393937587738,0.6279113292694092,0.7547629475593567,0.6363636363636364,0.6575757575757576,0.0,0.0,0,0.01808798871934414,0.04697100482881068,False
val,val\Subject.9__Walk__6ac21e64__w000156_000203.npz,Subject.9__Walk__6ac21e64__w000156_000203,Subject.9/Walk,Subject.9__Walk__6ac21e64,0,156,203,23.0,0,0.0,0.8939393758773804,0.6852045059204102,0.756906270980835,0.6363636363636364,0.7575757575757576,0.0,0.0,0,0.01982416957616806,0.049192000739276404,False
val,val\Subject.9__Walk__6ac21e64__w000168_000215.npz,Subject.9__Walk__6ac21e64__w000168_000215,Subject.9/Walk,Subject.9__Walk__6ac21e64,0,168,215,23.0,0,0.0,0.9217171669006348,0.718727171421051,0.7705852389335632,0.8484848484848485,0.8484848484848485,0.0,0.0,0,0.0178593248128891,0.053295364230871105,False
val,val\Subject.9__Walk__6ac21e64__w000180_000227.npz,Subject.9__Walk__6ac21e64__w000180_000227,Subject.9/Walk,Subject.9__Walk__6ac21e64,0,180,227,23.0,0,0.0,0.9172979593276978,0.732905387878418,0.7893273830413818,0.8484848484848485,0.8484848484848485,0.0,0.0,0,0.01586989499628544,0.04626966603100299,False
test,test\Subject.6__Fall_backwards__50ade5e9__w000000_000047.npz,Subject.6__Fall_backwards__50ade5e9__w000000_000047,Subject.6/Fall backwards,Subject.6__Fall_backwards__50ade5e9,0,0,47,23.0,0,0.0,0.7070707082748413,0.5943918228149414,0.8239895701408386,0.0,0.6666666666666666,0.020833333333333332,0.020833333333333332,1,0.009726395830512047,0.03076190259307622,True
test,test\Subject.6__Fall_backwards__50ade5e9__w000012_000059.npz,Subject.6__Fall_backwards__50ade5e9__w000012_000059,Subject.6/Fall backwards,Subject.6__Fall_backwards__50ade5e9,0,12,59,23.0,0,0.0,0.689393937587738,0.5835679769515991,0.8257762789726257,0.6363636363636364,0.6363636363636364,0.0,0.0,0,0.018142763525247574,0.061026649922132456,False
test,test\Subject.6__Fall_backwards__50ade5e9__w000024_000071.npz,Subject.6__Fall_backwards__50ade5e9__w000024_000071,Subject.6/Fall backwards,Subject.6__Fall_backwards__50ade5e9,0,24,71,23.0,0,0.0,0.7026515007019043,0.5790559649467468,0.8051544427871704,0.6363636363636364,0.6363636363636364,0.0,0.0,0,0.02636254020035267,0.0815778587013483,False
test,test\Subject.6__Fall_backwards__50ade5e9__w000036_000083.npz,Subject.6__Fall_backwards__50ade5e9__w000036_000083,Subject.6/Fall backwards,Subject.6__Fall_backwards__50ade5e9,0,36,83,23.0,0,0.0,0.7215909361839294,0.5843798518180847,0.791815996170044,0.6363636363636364,0.6363636363636364,0.0,0.0,0,0.035567447543144226,0.09789312742650501,False
test,test\Subject.6__Fall_backwards__50ade5e9__w000048_000095.npz,Subject.6__Fall_backwards__50ade5e9__w000048_000095,Subject.6/Fall backwards,Subject.6__Fall_backwards__50ade5e9,1,48,95,23.0,5,0.1041666641831398,0.7613636255264282,0.6171191334724426,0.7925284504890442,0.6363636363636364,0.6363636363636364,0.0,0.0,0,0.051482778042554855,0.12661709412932382,False
test,test\Subject.6__Fall_backwards__50ade5e9__w000060_000107.npz,Subject.6__Fall_backwards__50ade5e9__w000060_000107,Subject.6/Fall backwards,Subject.6__Fall_backwards__50ade5e9,1,60,107,23.0,17,0.3541666567325592,0.7992424368858337,0.6622288227081299,0.813285231590271,0.7272727272727273,0.7272727272727273,0.0,0.0,0,0.05608683079481125,0.15252733379602426,False
test,test\Subject.6__Fall_backwards__50ade5e9__w000072_000119.npz,Subject.6__Fall_backwards__50ade5e9__w000072_000119,Subject.6/Fall backwards,Subject.6__Fall_backwards__50ade5e9,1,72,119,23.0,29,0.6041666865348816,0.8320707082748413,0.7119842171669006,0.8427044153213501,0.7272727272727273,0.7575757575757576,0.0,0.0,0,0.060284171253442764,0.1678368709981441,False
test,test\Subject.6__Fall_backwards__50ade5e9__w000084_000131.npz,Subject.6__Fall_backwards__50ade5e9__w000084_000131,Subject.6/Fall backwards,Subject.6__Fall_backwards__50ade5e9,1,84,131,23.0,41,0.8541666865348816,0.8952020406723022,0.7897192239761353,0.8737596869468689,0.7575757575757576,0.8393939393939395,0.0,0.0,0,0.0642976313829422,0.1915857195854187,False
test,test\Subject.6__Fall_backwards__50ade5e9__w000096_000143.npz,Subject.6__Fall_backwards__50ade5e9__w000096_000143,Subject.6/Fall backwards,Subject.6__Fall_backwards__50ade5e9,1,96,143,23.0,48,1.0,0.939393937587738,0.8507419228553772,0.9012480974197388,0.8484848484848485,0.8484848484848485,0.0,0.0,0,0.06443516165018082,0.2651334777474398,False
test,test\Subject.6__Fall_backwards__50ade5e9__w000108_000155.npz,Subject.6__Fall_backwards__50ade5e9__w000108_000155,Subject.6/Fall backwards,Subject.6__Fall_backwards__50ade5e9,1,108,155,23.0,48,1.0,0.9772727489471436,0.9019143581390381,0.9208827614784241,0.8484848484848485,0.8484848484848485,0.0,0.0,0,0.05490623787045479,0.3249585926532745,False
test,test\Subject.6__Fall_backwards__50ade5e9__w000120_000167.npz,Subject.6__Fall_backwards__50ade5e9__w000120_000167,Subject.6/Fall backwards,Subject.6__Fall_backwards__50ade5e9,1,120,167,23.0,48,1.0,1.0,0.9382549524307251,0.9382549524307251,1.0,1.0,0.0,0.0,0,0.05179116129875183,0.34009215533733367,False
test,test\Subject.6__Fall_backwards__50ade5e9__w000132_000179.npz,Subject.6__Fall_backwards__50ade5e9__w000132_000179,Subject.6/Fall backwards,Subject.6__Fall_backwards__50ade5e9,1,132,179,23.0,48,1.0,1.0,0.9512953162193298,0.9512953162193298,1.0,1.0,0.0,0.0,0,0.03637751191854477,0.22523952573537814,False
test,test\Subject.6__Fall_backwards__50ade5e9__w000144_000191.npz,Subject.6__Fall_backwards__50ade5e9__w000144_000191,Subject.6/Fall backwards,Subject.6__Fall_backwards__50ade5e9,1,144,191,23.0,48,1.0,1.0,0.9602226614952087,0.9602226614952087,1.0,1.0,0.0,0.0,0,0.01918148249387741,0.09875907190144062,False
test,test\Subject.6__Fall_backwards__50ade5e9__w000156_000203.npz,Subject.6__Fall_backwards__50ade5e9__w000156_000203,Subject.6/Fall backwards,Subject.6__Fall_backwards__50ade5e9,1,156,203,23.0,48,1.0,1.0,0.9644485712051392,0.9644485712051392,1.0,1.0,0.0,0.0,0,0.014910666272044182,0.048720978759229094,False
test,test\Subject.6__Fall_backwards__50ade5e9__w000168_000215.npz,Subject.6__Fall_backwards__50ade5e9__w000168_000215,Subject.6/Fall backwards,Subject.6__Fall_backwards__50ade5e9,1,168,215,23.0,48,1.0,1.0,0.9662688374519348,0.9662688374519348,1.0,1.0,0.0,0.0,0,0.0067466977052390575,0.025663806311786167,False
test,test\Subject.6__Fall_backwards__50ade5e9__w000180_000227.npz,Subject.6__Fall_backwards__50ade5e9__w000180_000227,Subject.6/Fall backwards,Subject.6__Fall_backwards__50ade5e9,1,180,227,23.0,48,1.0,1.0,0.9646753072738647,0.9646753072738647,1.0,1.0,0.0,0.0,0,0.012833543121814728,0.06258125063031911,False
test,test\Subject.6__Fall_backwards__50ade5e9__w000192_000239.npz,Subject.6__Fall_backwards__50ade5e9__w000192_000239,Subject.6/Fall backwards,Subject.6__Fall_backwards__50ade5e9,1,192,239,23.0,48,1.0,1.0,0.9412133097648621,0.9412133097648621,1.0,1.0,0.0,0.0,0,0.017151018604636192,0.07259537391364573,False
test,test\Subject.6__Fall_backwards__50ade5e9__w000204_000251.npz,Subject.6__Fall_backwards__50ade5e9__w000204_000251,Subject.6/Fall backwards,Subject.6__Fall_backwards__50ade5e9,1,204,251,23.0,48,1.0,1.0,0.9188904166221619,0.9188904166221619,1.0,1.0,0.0,0.0,0,0.019382894039154053,0.07879473976790893,False
test,test\Subject.6__Fall_forward__aa6b2a95__w000000_000047.npz,Subject.6__Fall_forward__aa6b2a95__w000000_000047,Subject.6/Fall forward,Subject.6__Fall_forward__aa6b2a95,0,0,47,23.0,0,0.0,0.6041666865348816,0.4973502457141876,0.8232003450393677,0.0,0.0,0.3958333333333333,0.3958333333333333,19,0.05670036002993584,0.1690824761986731,True
test,test\Subject.6__Fall_forward__aa6b2a95__w000012_000059.npz,Subject.6__Fall_forward__aa6b2a95__w000012_000059,Subject.6/Fall forward,Subject.6__Fall_forward__aa6b2a95,0,12,59,23.0,0,0.0,0.8541666865348816,0.7278493046760559,0.8521161675453186,0.0,0.0,0.14583333333333334,0.14583333333333334,7,0.06272950023412704,0.1690824761986731,True
test,test\Subject.6__Fall_forward__aa6b2a95__w000024_000071.npz,Subject.6__Fall_forward__aa6b2a95__w000024_000071,Subject.6/Fall forward,Subject.6__Fall_forward__aa6b2a95,0,24,71,23.0,0,0.0,1.0,0.8685479164123535,0.8685479164123535,1.0,1.0,0.0,0.0,0,0.03525593876838684,0.11267715319991099,False
test,test\Subject.6__Fall_forward__aa6b2a95__w000036_000083.npz,Subject.6__Fall_forward__aa6b2a95__w000036_000083,Subject.6/Fall forward,Subject.6__Fall_forward__aa6b2a95,1,36,83,23.0,1,0.02083333395421505,1.0,0.8809531331062317,0.8809531331062317,1.0,1.0,0.0,0.0,0,0.049698490649461746,0.15082674622535705,False
test,test\Subject.6__Fall_forward__aa6b2a95__w000048_000095.npz,Subject.6__Fall_forward__aa6b2a95__w000048_000095,Subject.6/Fall forward,Subject.6__Fall_forward__aa6b2a95,1,48,95,23.0,13,0.2708333432674408,1.0,0.8439904451370239,0.8439904451370239,1.0,1.0,0.0,0.0,0,0.0829431340098381,0.26159884631633756,False
test,test\Subject.6__Fall_forward__aa6b2a95__w000060_000107.npz,Subject.6__Fall_forward__aa6b2a95__w000060_000107,Subject.6/Fall forward,Subject.6__Fall_forward__aa6b2a95,1,60,107,23.0,25,0.5208333134651184,1.0,0.7906538844108582,0.7906538844108582,1.0,1.0,0.0,0.0,0,0.12348148971796036,0.5466195434331892,False
test,test\Subject.6__Fall_forward__aa6b2a95__w000072_000119.npz,Subject.6__Fall_forward__aa6b2a95__w000072_000119,Subject.6/Fall forward,Subject.6__Fall_forward__aa6b2a95,1,72,119,23.0,37,0.7708333134651184,1.0,0.7615161538124084,0.7615161538124084,1.0,1.0,0.0,0.0,0,0.10861282050609589,0.5466195434331892,False
test,test\Subject.6__Fall_forward__aa6b2a95__w000084_000131.npz,Subject.6__Fall_forward__aa6b2a95__w000084_000131,Subject.6/Fall forward,Subject.6__Fall_forward__aa6b2a95,1,84,131,23.0,48,1.0,1.0,0.7705291509628296,0.7705291509628296,1.0,1.0,0.0,0.0,0,0.08711591362953186,0.5466195434331892,False
test,test\Subject.6__Fall_forward__aa6b2a95__w000096_000143.npz,Subject.6__Fall_forward__aa6b2a95__w000096_000143,Subject.6/Fall forward,Subject.6__Fall_forward__aa6b2a95,1,96,143,23.0,48,1.0,1.0,0.8044291734695435,0.8044291734695435,1.0,1.0,0.0,0.0,0,0.0429580956697464,0.2832220688462255,False
test,test\Subject.6__Fall_forward__aa6b2a95__w000108_000155.npz,Subject.6__Fall_forward__aa6b2a95__w000108_000155,Subject.6/Fall forward,Subject.6__Fall_forward__aa6b2a95,1,108,155,23.0,48,1.0,1.0,0.8485350012779236,0.8485350012779236,1.0,1.0,0.0,0.0,0,0.007046518847346306,0.01922426465898752,False
test,test\Subject.6__Fall_forward__aa6b2a95__w000120_000167.npz,Subject.6__Fall_forward__aa6b2a95__w000120_000167,Subject.6/Fall forward,Subject.6__Fall_forward__aa6b2a95,1,120,167,23.0,48,1.0,1.0,0.8700515031814575,0.8700515031814575,1.0,1.0,0.0,0.0,0,0.005788019392639399,0.016995157580822703,False
test,test\Subject.6__Fall_forward__aa6b2a95__w000132_000179.npz,Subject.6__Fall_forward__aa6b2a95__w000132_000179,Subject.6/Fall forward,Subject.6__Fall_forward__aa6b2a95,1,132,179,23.0,48,1.0,1.0,0.8682234883308411,0.8682234883308411,1.0,1.0,0.0,0.0,0,0.005279228091239929,0.01907479595392942,False
test,test\Subject.6__Fall_forward__aa6b2a95__w000144_000191.npz,Subject.6__Fall_forward__aa6b2a95__w000144_000191,Subject.6/Fall forward,Subject.6__Fall_forward__aa6b2a95,1,144,191,23.0,48,1.0,1.0,0.8596822619438171,0.8596822619438171,1.0,1.0,0.0,0.0,0,0.00460090534761548,0.018998072110116452,False
test,test\Subject.6__Fall_left__81dc36f3__w000000_000047.npz,Subject.6__Fall_left__81dc36f3__w000000_000047,Subject.6/Fall left,Subject.6__Fall_left__81dc36f3,0,0,47,23.0,0,0.0,0.9753788113594055,0.7558948397636414,0.774291455745697,0.0,0.9696969696969697,0.020833333333333332,0.020833333333333332,1,0.06316906213760376,0.20760873779654498,True
test,test\Subject.6__Fall_left__81dc36f3__w000012_000059.npz,Subject.6__Fall_left__81dc36f3__w000012_000059,Subject.6/Fall left,Subject.6__Fall_left__81dc36f3,1,12,59,23.0,9,0.1875,0.8295454382896423,0.6327189207077026,0.761925220489502,0.0,0.0,0.16666666666666666,0.16666666666666666,8,0.08782259374856949,0.24796963110566136,True
test,test\Subject.6__Fall_left__81dc36f3__w000024_000071.npz,Subject.6__Fall_left__81dc36f3__w000024_000071,Subject.6/Fall left,Subject.6__Fall_left__81dc36f3,1,24,71,23.0,21,0.4375,0.5833333134651184,0.4474121630191803,0.7669923305511475,0.0,0.0,0.4166666666666667,0.4166666666666667,20,0.07795281708240509,0.24640471041202539,True
test,test\Subject.6__Fall_left__81dc36f3__w000036_000083.npz,Subject.6__Fall_left__81dc36f3__w000036_000083,Subject.6/Fall left,Subject.6__Fall_left__81dc36f3,1,36,83,23.0,33,0.6875,0.3333333432674408,0.25030165910720825,0.7509050369262695,0.0,0.0,0.6666666666666666,0.6666666666666666,32,0.05729788541793823,0.21750258728861804,True
test,test\Subject.6__Fall_left__81dc36f3__w000048_000095.npz,Subject.6__Fall_left__81dc36f3__w000048_000095,Subject.6/Fall left,Subject.6__Fall_left__81dc36f3,1,48,95,23.0,45,0.9375,0.0833333358168602,0.0585208460688591,0.7022501230239868,0.0,0.0,0.9166666666666666,0.9166666666666666,44,0.027405008673667908,0.11462037116289117,True
test,test\Subject.6__Fall_left__81dc36f3__w000060_000107.npz,Subject.6__Fall_left__81dc36f3__w000060_000107,Subject.6/Fall left,Subject.6__Fall_left__81dc36f3,1,60,107,23.0,48,1.0,0.0,0.0,nan,0.0,0.0,1.0,1.0,48,0.0,0.0,True
test,test\Subject.6__Fall_left__81dc36f3__w000072_000119.npz,Subject.6__Fall_left__81dc36f3__w000072_000119,Subject.6/Fall left,Subject.6__Fall_left__81dc36f3,1,72,119,23.0,48,1.0,0.0,0.0,nan,0.0,0.0,1.0,1.0,48,0.0,0.0,True
test,test\Subject.6__Fall_left__81dc36f3__w000084_000131.npz,Subject.6__Fall_left__81dc36f3__w000084_000131,Subject.6/Fall left,Subject.6__Fall_left__81dc36f3,1,84,131,23.0,48,1.0,0.0,0.0,nan,0.0,0.0,1.0,1.0,48,0.0,0.0,True
test,test\Subject.6__Fall_left__81dc36f3__w000096_000143.npz,Subject.6__Fall_left__81dc36f3__w000096_000143,Subject.6/Fall left,Subject.6__Fall_left__81dc36f3,1,96,143,23.0,48,1.0,0.0,0.0,nan,0.0,0.0,1.0,1.0,48,0.0,0.0,True
test,test\Subject.6__Fall_left__81dc36f3__w000108_000155.npz,Subject.6__Fall_left__81dc36f3__w000108_000155,Subject.6/Fall left,Subject.6__Fall_left__81dc36f3,1,108,155,23.0,48,1.0,0.0,0.0,nan,0.0,0.0,1.0,1.0,48,0.0,0.0,True
test,test\Subject.6__Fall_left__81dc36f3__w000120_000167.npz,Subject.6__Fall_left__81dc36f3__w000120_000167,Subject.6/Fall left,Subject.6__Fall_left__81dc36f3,1,120,167,23.0,48,1.0,0.0,0.0,nan,0.0,0.0,1.0,1.0,48,0.0,0.0,True
test,test\Subject.6__Fall_left__81dc36f3__w000132_000179.npz,Subject.6__Fall_left__81dc36f3__w000132_000179,Subject.6/Fall left,Subject.6__Fall_left__81dc36f3,1,132,179,23.0,48,1.0,0.0,0.0,nan,0.0,0.0,1.0,1.0,48,0.0,0.0,True
test,test\Subject.6__Fall_left__81dc36f3__w000144_000191.npz,Subject.6__Fall_left__81dc36f3__w000144_000191,Subject.6/Fall left,Subject.6__Fall_left__81dc36f3,1,144,191,23.0,48,1.0,0.0,0.0,nan,0.0,0.0,1.0,1.0,48,0.0,0.0,True
test,test\Subject.6__Fall_left__81dc36f3__w000156_000203.npz,Subject.6__Fall_left__81dc36f3__w000156_000203,Subject.6/Fall left,Subject.6__Fall_left__81dc36f3,1,156,203,23.0,48,1.0,0.0,0.0,nan,0.0,0.0,1.0,1.0,48,0.0,0.0,True
test,test\Subject.6__Fall_left__81dc36f3__w000168_000215.npz,Subject.6__Fall_left__81dc36f3__w000168_000215,Subject.6/Fall left,Subject.6__Fall_left__81dc36f3,1,168,215,23.0,48,1.0,0.0,0.0,nan,0.0,0.0,1.0,1.0,48,0.0,0.0,True
test,test\Subject.6__Fall_left__81dc36f3__w000180_000227.npz,Subject.6__Fall_left__81dc36f3__w000180_000227,Subject.6/Fall left,Subject.6__Fall_left__81dc36f3,1,180,227,23.0,48,1.0,0.0,0.0,nan,0.0,0.0,1.0,1.0,48,0.0,0.0,True
test,test\Subject.6__Fall_right__bf92b1cb__w000000_000047.npz,Subject.6__Fall_right__bf92b1cb__w000000_000047,Subject.6/Fall right,Subject.6__Fall_right__bf92b1cb,0,0,47,23.0,0,0.0,1.0,0.9082701802253723,0.9082701802253723,1.0,1.0,0.0,0.0,0,0.022562166675925255,0.050339135155081684,False
test,test\Subject.6__Fall_right__bf92b1cb__w000012_000059.npz,Subject.6__Fall_right__bf92b1cb__w000012_000059,Subject.6/Fall right,Subject.6__Fall_right__bf92b1cb,0,12,59,23.0,0,0.0,1.0,0.924106240272522,0.924106240272522,1.0,1.0,0.0,0.0,0,0.024707254022359848,0.0559667650610208,False
test,test\Subject.6__Fall_right__bf92b1cb__w000024_000071.npz,Subject.6__Fall_right__bf92b1cb__w000024_000071,Subject.6/Fall right,Subject.6__Fall_right__bf92b1cb,0,24,71,23.0,0,0.0,0.9943181872367859,0.8966596126556396,0.9009906053543091,0.9696969696969697,0.9696969696969697,0.0,0.0,0,0.05412775278091431,0.22063967883586869,False
test,test\Subject.6__Fall_right__bf92b1cb__w000036_000083.npz,Subject.6__Fall_right__bf92b1cb__w000036_000083,Subject.6/Fall right,Subject.6__Fall_right__bf92b1cb,1,36,83,23.0,3,0.0625,0.9589646458625793,0.8487058877944946,0.8797080516815186,0.8484848484848485,0.8484848484848485,0.0,0.0,0,0.06695611774921417,0.23148393332958217,False
test,test\Subject.6__Fall_right__bf92b1cb__w000048_000095.npz,Subject.6__Fall_right__bf92b1cb__w000048_000095,Subject.6/Fall right,Subject.6__Fall_right__bf92b1cb,1,48,95,23.0,15,0.3125,0.9267676472663879,0.7870083451271057,0.8403021097183228,0.8484848484848485,0.8484848484848485,0.0,0.0,0,0.07654128223657608,0.2415947049856183,False
test,test\Subject.6__Fall_right__bf92b1cb__w000060_000107.npz,Subject.6__Fall_right__bf92b1cb__w000060_000107,Subject.6/Fall right,Subject.6__Fall_right__bf92b1cb,1,60,107,23.0,27,0.5625,0.9267676472663879,0.7764073610305786,0.8288633823394775,0.8484848484848485,0.8484848484848485,0.0,0.0,0,0.07455657422542572,0.2415947049856183,False
test,test\Subject.6__Fall_right__bf92b1cb__w000072_000119.npz,Subject.6__Fall_right__bf92b1cb__w000072_000119,Subject.6/Fall right,Subject.6__Fall_right__bf92b1cb,1,72,119,23.0,39,0.8125,0.9324495196342468,0.8032955527305603,0.85349440574646,0.8484848484848485,0.8484848484848485,0.0,0.0,0,0.04745282977819443,0.13583523482084256,False
test,test\Subject.6__Fall_right__bf92b1cb__w000084_000131.npz,Subject.6__Fall_right__bf92b1cb__w000084_000131,Subject.6/Fall right,Subject.6__Fall_right__bf92b1cb,1,84,131,23.0,48,1.0,0.9678030014038086,0.8251261115074158,0.8493252396583557,0.8484848484848485,0.8484848484848485,0.0,0.0,0,0.03853902593255043,0.12545100301504133,False
test,test\Subject.6__Fall_right__bf92b1cb__w000096_000143.npz,Subject.6__Fall_right__bf92b1cb__w000096_000143,Subject.6/Fall right,Subject.6__Fall_right__bf92b1cb,1,96,143,23.0,48,1.0,0.995580792427063,0.8553517460823059,0.858350932598114,0.9696969696969697,0.9696969696969697,0.0,0.0,0,0.02813984639942646,0.13931210264563554,False
test,test\Subject.6__Fall_right__bf92b1cb__w000108_000155.npz,Subject.6__Fall_right__bf92b1cb__w000108_000155,Subject.6/Fall right,Subject.6__Fall_right__bf92b1cb,1,108,155,23.0,48,1.0,0.9880050420761108,0.8555536866188049,0.8637268543243408,0.9696969696969697,0.9696969696969697,0.0,0.0,0,0.024194519966840744,0.1330267839133737,False
test,test\Subject.6__Fall_right__bf92b1cb__w000120_000167.npz,Subject.6__Fall_right__bf92b1cb__w000120_000167,Subject.6/Fall right,Subject.6__Fall_right__bf92b1cb,1,120,167,23.0,48,1.0,0.9873737096786499,0.8420889377593994,0.8505170941352844,0.9696969696969697,0.9696969696969697,0.0,0.0,0,0.022980358451604843,0.1032322723418474,False
test,test\Subject.6__Fall_right__bf92b1cb__w000132_000179.npz,Subject.6__Fall_right__bf92b1cb__w000132_000179,Subject.6/Fall right,Subject.6__Fall_right__bf92b1cb,1,132,179,23.0,48,1.0,0.9873737096786499,0.8584840297698975,0.8671218752861023,0.9696969696969697,0.9696969696969697,0.0,0.0,0,0.020084986463189125,0.0811859432607889,False
test,test\Subject.6__Fall_right__bf92b1cb__w000144_000191.npz,Subject.6__Fall_right__bf92b1cb__w000144_000191,Subject.6/Fall right,Subject.6__Fall_right__bf92b1cb,1,144,191,23.0,48,1.0,0.9917929172515869,0.8864126205444336,0.8922185301780701,0.9696969696969697,0.9696969696969697,0.0,0.0,0,0.01835605688393116,0.0591671442613004,False
test,test\Subject.6__Fall_right__bf92b1cb__w000156_000203.npz,Subject.6__Fall_right__bf92b1cb__w000156_000203,Subject.6/Fall right,Subject.6__Fall_right__bf92b1cb,1,156,203,23.0,48,1.0,0.9993686676025391,0.91710364818573,0.9175592660903931,0.9696969696969697,1.0,0.0,0.0,0,0.017458166927099228,0.049913170933723425,False
test,test\Subject.6__Fall_right__bf92b1cb__w000168_000215.npz,Subject.6__Fall_right__bf92b1cb__w000168_000215,Subject.6/Fall right,Subject.6__Fall_right__bf92b1cb,1,168,215,23.0,48,1.0,1.0,0.9468556642532349,0.9468556642532349,1.0,1.0,0.0,0.0,0,0.012596162036061287,0.033648836985230426,False
test,test\Subject.6__Fall_right__bf92b1cb__w000180_000227.npz,Subject.6__Fall_right__bf92b1cb__w000180_000227,Subject.6/Fall right,Subject.6__Fall_right__bf92b1cb,1,180,227,23.0,48,1.0,1.0,0.9636700749397278,0.9636700749397278,1.0,1.0,0.0,0.0,0,0.009461209177970886,0.028047103341668832,False
test,test\Subject.6__Fall_sitting__e7f484db__w000000_000047.npz,Subject.6__Fall_sitting__e7f484db__w000000_000047,Subject.6/Fall sitting,Subject.6__Fall_sitting__e7f484db,0,0,47,23.0,0,0.0,0.875,0.6709986329078674,0.7532488703727722,0.7575757575757576,0.7575757575757576,0.0,0.0,0,0.04366995021700859,0.19280591681599615,False
test,test\Subject.6__Fall_sitting__e7f484db__w000012_000059.npz,Subject.6__Fall_sitting__e7f484db__w000012_000059,Subject.6/Fall sitting,Subject.6__Fall_sitting__e7f484db,0,12,59,23.0,0,0.0,0.8345959782600403,0.6440165638923645,0.7535375356674194,0.7575757575757576,0.7575757575757576,0.0,0.0,0,0.03929440304636955,0.14434315338730788,False
test,test\Subject.6__Fall_sitting__e7f484db__w000024_000071.npz,Subject.6__Fall_sitting__e7f484db__w000024_000071,Subject.6/Fall sitting,Subject.6__Fall_sitting__e7f484db,0,24,71,23.0,0,0.0,0.7297979593276978,0.5648000240325928,0.7545765042304993,0.0,0.5090909090909093,0.10416666666666667,0.10416666666666667,5,0.05517543479800224,0.20389327630400628,True
test,test\Subject.6__Fall_sitting__e7f484db__w000036_000083.npz,Subject.6__Fall_sitting__e7f484db__w000036_000083,Subject.6/Fall sitting,Subject.6__Fall_sitting__e7f484db,0,36,83,23.0,0,0.0,0.5593434572219849,0.43101027607917786,0.7504763007164001,0.0,0.0,0.3125,0.3125,15,0.06996897608041763,0.30574612617492675,True
test,test\Subject.6__Fall_sitting__e7f484db__w000048_000095.npz,Subject.6__Fall_sitting__e7f484db__w000048_000095,Subject.6/Fall sitting,Subject.6__Fall_sitting__e7f484db,0,48,95,23.0,0,0.0,0.5549242496490479,0.4140310287475586,0.7237534523010254,0.0,0.0,0.3125,0.3125,15,0.07765549421310425,0.28233626484870644,True
test,test\Subject.6__Fall_sitting__e7f484db__w000060_000107.npz,Subject.6__Fall_sitting__e7f484db__w000060_000107,Subject.6/Fall sitting,Subject.6__Fall_sitting__e7f484db,1,60,107,23.0,1,0.02083333395421505,0.556186854839325,0.4093875288963318,0.710131824016571,0.0,0.0,0.3125,0.3125,15,0.08475833386182785,0.24909479916095734,True
test,test\Subject.6__Fall_sitting__e7f484db__w000072_000119.npz,Subject.6__Fall_sitting__e7f484db__w000072_000119,Subject.6/Fall sitting,Subject.6__Fall_sitting__e7f484db,1,72,119,23.0,13,0.2708333432674408,0.6546717286109924,0.4870562255382538,0.7190330028533936,0.0,0.0,0.20833333333333334,0.20833333333333334,10,0.07567889988422394,0.18986498787999112,True
test,test\Subject.6__Fall_sitting__e7f484db__w000084_000131.npz,Subject.6__Fall_sitting__e7f484db__w000084_000131,Subject.6/Fall sitting,Subject.6__Fall_sitting__e7f484db,1,84,131,23.0,25,0.5208333134651184,0.8377525210380554,0.6542960405349731,0.7572349905967712,0.696969696969697,0.7484848484848485,0.0,0.0,0,0.06157730519771576,0.14930158331990237,False
test,test\Subject.6__Fall_sitting__e7f484db__w000096_000143.npz,Subject.6__Fall_sitting__e7f484db__w000096_000143,Subject.6/Fall sitting,Subject.6__Fall_sitting__e7f484db,1,96,143,23.0,37,0.7708333134651184,0.8863636255264282,0.7169020175933838,0.7919036149978638,0.7575757575757576,0.8484848484848485,0.0,0.0,0,0.04632119461894035,0.14218577668070792,False
test,test\Subject.6__Fall_sitting__e7f484db__w000108_000155.npz,Subject.6__Fall_sitting__e7f484db__w000108_000155,Subject.6/Fall sitting,Subject.6__Fall_sitting__e7f484db,1,108,155,23.0,48,1.0,0.9179292917251587,0.7693465948104858,0.8262590169906616,0.8484848484848485,0.8484848484848485,0.0,0.0,0,0.0294374730437994,0.08007040545344346,False
test,test\Subject.6__Fall_sitting__e7f484db__w000120_000167.npz,Subject.6__Fall_sitting__e7f484db__w000120_000167,Subject.6/Fall sitting,Subject.6__Fall_sitting__e7f484db,1,120,167,23.0,48,1.0,0.943813145160675,0.8056442737579346,0.8457642197608948,0.8484848484848485,0.8484848484848485,0.0,0.0,0,0.02381758764386177,0.08059215396642667,False
test,test\Subject.6__Fall_sitting__e7f484db__w000132_000179.npz,Subject.6__Fall_sitting__e7f484db__w000132_000179,Subject.6/Fall sitting,Subject.6__Fall_sitting__e7f484db,1,132,179,23.0,48,1.0,0.9696969985961914,0.8089247345924377,0.8298306465148926,0.9393939393939394,0.9696969696969697,0.0,0.0,0,0.027515893802046776,0.1600403748452663,False
test,test\Subject.6__Fall_sitting__e7f484db__w000144_000191.npz,Subject.6__Fall_sitting__e7f484db__w000144_000191,Subject.6/Fall sitting,Subject.6__Fall_sitting__e7f484db,1,144,191,23.0,48,1.0,0.9728535413742065,0.7965911030769348,0.8145346641540527,0.9696969696969697,0.9696969696969697,0.0,0.0,0,0.03763889521360397,0.20313364788889882,False
test,test\Subject.6__Fall_sitting__e7f484db__w000156_000203.npz,Subject.6__Fall_sitting__e7f484db__w000156_000203,Subject.6/Fall sitting,Subject.6__Fall_sitting__e7f484db,1,156,203,23.0,48,1.0,0.9760100841522217,0.769463300704956,0.7844871282577515,0.9696969696969697,0.9696969696969697,0.0,0.0,0,0.04446415975689888,0.21327199637889863,False
test,test\Subject.6__Fall_sitting__e7f484db__w000168_000215.npz,Subject.6__Fall_sitting__e7f484db__w000168_000215,Subject.6/Fall sitting,Subject.6__Fall_sitting__e7f484db,1,168,215,23.0,48,1.0,0.9602272510528564,0.7277340888977051,0.7514110207557678,0.8181818181818182,0.9090909090909091,0.0,0.0,0,0.04838564991950989,0.2147759914398193,False
test,test\Subject.6__Fall_sitting__e7f484db__w000180_000227.npz,Subject.6__Fall_sitting__e7f484db__w000180_000227,Subject.6/Fall sitting,Subject.6__Fall_sitting__e7f484db,1,180,227,23.0,48,1.0,0.9286616444587708,0.7008357048034668,0.7440153956413269,0.8181818181818182,0.8484848484848485,0.0,0.0,0,0.03920590877532959,0.19207036718726156,False
test,test\Subject.6__Fall_sitting__e7f484db__w000192_000239.npz,Subject.6__Fall_sitting__e7f484db__w000192_000239,Subject.6/Fall sitting,Subject.6__Fall_sitting__e7f484db,1,192,239,23.0,48,1.0,0.9135100841522217,0.681951642036438,0.7344156503677368,0.8181818181818182,0.8484848484848485,0.0,0.0,0,0.03510095924139023,0.114252622425556,False
test,test\Subject.6__Hop__a53fae5b__w000000_000047.npz,Subject.6__Hop__a53fae5b__w000000_000047,Subject.6/Hop,Subject.6__Hop__a53fae5b,0,0,47,23.0,0,0.0,0.4375,0.3589439392089844,0.8204433917999268,0.0,0.0,0.5625,0.5625,27,0.022789541631937027,0.047679157555103296,True
test,test\Subject.6__Hop__a53fae5b__w000012_000059.npz,Subject.6__Hop__a53fae5b__w000012_000059,Subject.6/Hop,Subject.6__Hop__a53fae5b,0,12,59,23.0,0,0.0,0.6875,0.5894206762313843,0.857339084148407,0.0,0.0,0.3125,0.3125,15,0.02872791886329651,0.06242469251155853,True
test,test\Subject.6__Hop__a53fae5b__w000024_000071.npz,Subject.6__Hop__a53fae5b__w000024_000071,Subject.6/Hop,Subject.6__Hop__a53fae5b,0,24,71,23.0,0,0.0,0.9375,0.8162374496459961,0.8706533312797546,0.0,1.0,0.0625,0.0625,3,0.03775949031114578,0.07545744776725767,True
test,test\Subject.6__Hop__a53fae5b__w000036_000083.npz,Subject.6__Hop__a53fae5b__w000036_000083,Subject.6/Hop,Subject.6__Hop__a53fae5b,0,36,83,23.0,0,0.0,1.0,0.8994782567024231,0.8994782567024231,1.0,1.0,0.0,0.0,0,0.029252972453832626,0.07535143345594406,False
test,test\Subject.6__Hop__a53fae5b__w000048_000095.npz,Subject.6__Hop__a53fae5b__w000048_000095,Subject.6/Hop,Subject.6__Hop__a53fae5b,0,48,95,23.0,0,0.0,1.0,0.9071694016456604,0.9071694016456604,1.0,1.0,0.0,0.0,0,0.03256364166736603,0.07842039689421651,False
test,test\Subject.6__Hop__a53fae5b__w000060_000107.npz,Subject.6__Hop__a53fae5b__w000060_000107,Subject.6/Hop,Subject.6__Hop__a53fae5b,0,60,107,23.0,0,0.0,1.0,0.8917267322540283,0.8917267322540283,1.0,1.0,0.0,0.0,0,0.036425840109586716,0.08505069985985754,False
test,test\Subject.6__Hop__a53fae5b__w000072_000119.npz,Subject.6__Hop__a53fae5b__w000072_000119,Subject.6/Hop,Subject.6__Hop__a53fae5b,0,72,119,23.0,0,0.0,0.9962121248245239,0.8715273141860962,0.874221920967102,0.9696969696969697,0.9696969696969697,0.0,0.0,0,0.03642118722200394,0.0841881014406681,False
test,test\Subject.6__Hop__a53fae5b__w000084_000131.npz,Subject.6__Hop__a53fae5b__w000084_000131,Subject.6/Hop,Subject.6__Hop__a53fae5b,0,84,131,23.0,0,0.0,0.9886363744735718,0.844600260257721,0.8527246713638306,0.9696969696969697,0.9696969696969697,0.0,0.0,0,0.0340975783765316,0.08294677585363387,False
test,test\Subject.6__Hop__a53fae5b__w000096_000143.npz,Subject.6__Hop__a53fae5b__w000096_000143,Subject.6/Hop,Subject.6__Hop__a53fae5b,0,96,143,23.0,0,0.0,0.9867424368858337,0.8336373567581177,0.8429127931594849,0.9696969696969697,0.9696969696969697,0.0,0.0,0,0.0315680131316185,0.07968980111181734,False
test,test\Subject.6__Hop__a53fae5b__w000108_000155.npz,Subject.6__Hop__a53fae5b__w000108_000155,Subject.6/Hop,Subject.6__Hop__a53fae5b,0,108,155,23.0,0,0.0,0.9867424368858337,0.8518249988555908,0.8613448143005371,0.9696969696969697,0.9696969696969697,0.0,0.0,0,0.02839677222073078,0.07093779109418388,False
test,test\Subject.6__Kneel__554bdadf__w000000_000047.npz,Subject.6__Kneel__554bdadf__w000000_000047,Subject.6/Kneel,Subject.6__Kneel__554bdadf,0,0,47,23.0,0,0.0,0.9766414165496826,0.8082159757614136,0.8241461515426636,0.7878787878787878,0.9090909090909091,0.0,0.0,0,0.03051787242293358,0.06854934468865392,False
test,test\Subject.6__Kneel__554bdadf__w000012_000059.npz,Subject.6__Kneel__554bdadf__w000012_000059,Subject.6/Kneel,Subject.6__Kneel__554bdadf,0,12,59,23.0,0,0.0,0.8901515007019043,0.723063051700592,0.7984198331832886,0.6363636363636364,0.6363636363636364,0.0,0.0,0,0.03129274398088455,0.06768649592995643,False
test,test\Subject.6__Kneel__554bdadf__w000024_000071.npz,Subject.6__Kneel__554bdadf__w000024_000071,Subject.6/Kneel,Subject.6__Kneel__554bdadf,0,24,71,23.0,0,0.0,0.7885100841522217,0.6502043604850769,0.7992327809333801,0.5757575757575758,0.5757575757575758,0.0,0.0,0,0.027797304093837738,0.06766756959259508,False
test,test\Subject.6__Kneel__554bdadf__w000036_000083.npz,Subject.6__Kneel__554bdadf__w000036_000083,Subject.6/Kneel,Subject.6__Kneel__554bdadf,0,36,83,23.0,0,0.0,0.7133838534355164,0.5955257415771484,0.7995295524597168,0.5757575757575758,0.5757575757575758,0.0,0.0,0,0.02507198229432106,0.0663942895829677,False
test,test\Subject.6__Kneel__554bdadf__w000048_000095.npz,Subject.6__Kneel__554bdadf__w000048_000095,Subject.6/Kneel,Subject.6__Kneel__554bdadf,0,48,95,23.0,0,0.0,0.6691918969154358,0.5787100791931152,0.8262799978256226,0.5757575757575758,0.5757575757575758,0.0,0.0,0,0.02028355747461319,0.05468464959412812,False
test,test\Subject.6__Kneel__554bdadf__w000060_000107.npz,Subject.6__Kneel__554bdadf__w000060_000107,Subject.6/Kneel,Subject.6__Kneel__554bdadf,0,60,107,23.0,0,0.0,0.6875,0.5765034556388855,0.8094045519828796,0.5757575757575758,0.5757575757575758,0.0,0.0,0,0.018607093021273613,0.053142954409122464,False
test,test\Subject.6__Kneel__554bdadf__w000072_000119.npz,Subject.6__Kneel__554bdadf__w000072_000119,Subject.6/Kneel,Subject.6__Kneel__554bdadf,0,72,119,23.0,0,0.0,0.7241161465644836,0.598848819732666,0.804292619228363,0.5757575757575758,0.7272727272727273,0.0,0.0,0,0.019660096615552902,0.059352303855121094,False
test,test\Subject.6__Kneel__554bdadf__w000084_000131.npz,Subject.6__Kneel__554bdadf__w000084_000131,Subject.6/Kneel,Subject.6__Kneel__554bdadf,0,84,131,23.0,0,0.0,0.7405303120613098,0.612461268901825,0.8069250583648682,0.7272727272727273,0.7272727272727273,0.0,0.0,0,0.017912084236741066,0.06740619838237759,False
test,test\Subject.6__Kneel__554bdadf__w000096_000143.npz,Subject.6__Kneel__554bdadf__w000096_000143,Subject.6/Kneel,Subject.6__Kneel__554bdadf,0,96,143,23.0,0,0.0,0.7430555820465088,0.611393928527832,0.8007980585098267,0.7272727272727273,0.7272727272727273,0.0,0.0,0,0.019775407388806343,0.08602552562952033,False
test,test\Subject.6__Kneel__554bdadf__w000108_000155.npz,Subject.6__Kneel__554bdadf__w000108_000155,Subject.6/Kneel,Subject.6__Kneel__554bdadf,0,108,155,23.0,0,0.0,0.5757575631141663,0.4765414595603943,0.8040645122528076,0.0,0.0,0.22916666666666666,0.22916666666666666,11,0.031665679067373276,0.11342853754758832,True
test,test\Subject.6__Kneel__554bdadf__w000120_000167.npz,Subject.6__Kneel__554bdadf__w000120_000167,Subject.6/Kneel,Subject.6__Kneel__554bdadf,0,120,167,23.0,0,0.0,0.39078283309936523,0.32023492455482483,0.7950761914253235,0.0,0.0,0.4791666666666667,0.4791666666666667,23,0.03816748037934303,0.12279761657118794,True
test,test\Subject.6__Kneel__554bdadf__w000132_000179.npz,Subject.6__Kneel__554bdadf__w000132_000179,Subject.6/Kneel,Subject.6__Kneel__554bdadf,0,132,179,23.0,0,0.0,0.38257575035095215,0.3034549951553345,0.7626042366027832,0.0,0.0,0.4791666666666667,0.4791666666666667,23,0.04869665205478668,0.17306415736675249,True
test,test\Subject.6__Pick_up_object__cf2426e8__w000000_000047.npz,Subject.6__Pick_up_object__cf2426e8__w000000_000047,Subject.6/Pick up object,Subject.6__Pick_up_object__cf2426e8,0,0,47,23.0,0,0.0,0.9324495196342468,0.7566854357719421,0.8107361197471619,0.0,1.0,0.0625,0.0625,3,0.033517178148031235,0.05937652103602884,True
test,test\Subject.6__Pick_up_object__cf2426e8__w000012_000059.npz,Subject.6__Pick_up_object__cf2426e8__w000012_000059,Subject.6/Pick up object,Subject.6__Pick_up_object__cf2426e8,0,12,59,23.0,0,0.0,1.0,0.8141064047813416,0.8141064047813416,1.0,1.0,0.0,0.0,0,0.028430385515093803,0.11159370206296423,False
test,test\Subject.6__Pick_up_object__cf2426e8__w000024_000071.npz,Subject.6__Pick_up_object__cf2426e8__w000024_000071,Subject.6/Pick up object,Subject.6__Pick_up_object__cf2426e8,0,24,71,23.0,0,0.0,0.75,0.5966202616691589,0.7954936623573303,0.0,0.0,0.25,0.25,12,0.03568200767040253,0.13448188006877898,True
test,test\Subject.6__Pick_up_object__cf2426e8__w000036_000083.npz,Subject.6__Pick_up_object__cf2426e8__w000036_000083,Subject.6/Pick up object,Subject.6__Pick_up_object__cf2426e8,0,36,83,23.0,0,0.0,0.5,0.39659881591796875,0.7931976318359375,0.0,0.0,0.5,0.5,24,0.030973780900239944,0.13448188006877898,True
test,test\Subject.6__Pick_up_object__cf2426e8__w000048_000095.npz,Subject.6__Pick_up_object__cf2426e8__w000048_000095,Subject.6/Pick up object,Subject.6__Pick_up_object__cf2426e8,0,48,95,23.0,0,0.0,0.25,0.19800730049610138,0.7920292019844055,0.0,0.0,0.75,0.75,36,0.02458839677274227,0.13448188006877898,True
test,test\Subject.6__Pick_up_object__cf2426e8__w000060_000107.npz,Subject.6__Pick_up_object__cf2426e8__w000060_000107,Subject.6/Pick up object,Subject.6__Pick_up_object__cf2426e8,0,60,107,23.0,0,0.0,0.0,0.0,nan,0.0,0.0,1.0,1.0,48,0.010872301645576954,0.0,True
test,test\Subject.6__Pick_up_object__cf2426e8__w000072_000119.npz,Subject.6__Pick_up_object__cf2426e8__w000072_000119,Subject.6/Pick up object,Subject.6__Pick_up_object__cf2426e8,0,72,119,23.0,0,0.0,0.0,0.0,nan,0.0,0.0,1.0,1.0,48,0.0,0.0,True
test,test\Subject.6__Pick_up_object__cf2426e8__w000084_000131.npz,Subject.6__Pick_up_object__cf2426e8__w000084_000131,Subject.6/Pick up object,Subject.6__Pick_up_object__cf2426e8,0,84,131,23.0,0,0.0,0.0,0.0,nan,0.0,0.0,1.0,1.0,48,0.0,0.0,True
test,test\Subject.6__Pick_up_object__cf2426e8__w000096_000143.npz,Subject.6__Pick_up_object__cf2426e8__w000096_000143,Subject.6/Pick up object,Subject.6__Pick_up_object__cf2426e8,0,96,143,23.0,0,0.0,0.0,0.0,nan,0.0,0.0,1.0,1.0,48,0.0,0.0,True
test,test\Subject.6__Pick_up_object__cf2426e8__w000108_000155.npz,Subject.6__Pick_up_object__cf2426e8__w000108_000155,Subject.6/Pick up object,Subject.6__Pick_up_object__cf2426e8,0,108,155,23.0,0,0.0,0.125,0.09306532889604568,0.7445225715637207,0.0,0.0,0.875,0.875,42,0.02448243275284767,0.10447627194225788,True
test,test\Subject.6__Pick_up_object__cf2426e8__w000120_000167.npz,Subject.6__Pick_up_object__cf2426e8__w000120_000167,Subject.6/Pick up object,Subject.6__Pick_up_object__cf2426e8,0,120,167,23.0,0,0.0,0.375,0.27526384592056274,0.7340368032455444,0.0,0.0,0.625,0.625,30,0.04895573854446411,0.32540736198425285,True
test,test\Subject.6__Pick_up_object__cf2426e8__w000132_000179.npz,Subject.6__Pick_up_object__cf2426e8__w000132_000179,Subject.6/Pick up object,Subject.6__Pick_up_object__cf2426e8,0,132,179,23.0,0,0.0,0.625,0.4959617853164673,0.7935389280319214,0.0,0.0,0.375,0.375,18,0.05297708138823509,0.32540736198425285,True
test,test\Subject.6__Pick_up_object__cf2426e8__w000144_000191.npz,Subject.6__Pick_up_object__cf2426e8__w000144_000191,Subject.6/Pick up object,Subject.6__Pick_up_object__cf2426e8,0,144,191,23.0,0,0.0,0.875,0.7298371195793152,0.8340995907783508,0.0,0.0,0.125,0.125,6,0.05762769654393196,0.32540736198425285,True
test,test\Subject.6__Sit_down__c72d113c__w000000_000047.npz,Subject.6__Sit_down__c72d113c__w000000_000047,Subject.6/Sit down,Subject.6__Sit_down__c72d113c,0,0,47,23.0,0,0.0,0.9191918969154358,0.7255430817604065,0.7793422937393188,0.8181818181818182,0.8181818181818182,0.0,0.0,0,0.050308141857385635,0.16457155570387838,False
test,test\Subject.6__Sit_down__c72d113c__w000012_000059.npz,Subject.6__Sit_down__c72d113c__w000012_000059,Subject.6/Sit down,Subject.6__Sit_down__c72d113c,0,12,59,23.0,0,0.0,0.8661616444587708,0.6838181614875793,0.7751817107200623,0.7575757575757576,0.7575757575757576,0.0,0.0,0,0.03703632578253746,0.08557417802512642,False
test,test\Subject.6__Sit_down__c72d113c__w000024_000071.npz,Subject.6__Sit_down__c72d113c__w000024_000071,Subject.6/Sit down,Subject.6__Sit_down__c72d113c,0,24,71,23.0,0,0.0,0.8308081030845642,0.6523645520210266,0.7701514363288879,0.7272727272727273,0.7575757575757576,0.0,0.0,0,0.04858071357011795,0.15925032496452324,False
test,test\Subject.6__Sit_down__c72d113c__w000036_000083.npz,Subject.6__Sit_down__c72d113c__w000036_000083,Subject.6/Sit down,Subject.6__Sit_down__c72d113c,0,36,83,23.0,0,0.0,0.7758838534355164,0.6071171760559082,0.7619873881340027,0.696969696969697,0.696969696969697,0.0,0.0,0,0.04836152866482735,0.15828893333673466,False
test,test\Subject.6__Sit_down__c72d113c__w000048_000095.npz,Subject.6__Sit_down__c72d113c__w000048_000095,Subject.6/Sit down,Subject.6__Sit_down__c72d113c,0,48,95,23.0,0,0.0,0.7575757503509521,0.5799930095672607,0.7427613139152527,0.6666666666666666,0.696969696969697,0.0,0.0,0,0.053725406527519226,0.1633037485182285,False
test,test\Subject.6__Sit_down__c72d113c__w000060_000107.npz,Subject.6__Sit_down__c72d113c__w000060_000107,Subject.6/Sit down,Subject.6__Sit_down__c72d113c,0,60,107,23.0,0,0.0,0.751893937587738,0.5724117159843445,0.7319666743278503,0.6666666666666666,0.696969696969697,0.0,0.0,0,0.062407515943050385,0.16659462079405782,False
test,test\Subject.6__Sit_down__c72d113c__w000072_000119.npz,Subject.6__Sit_down__c72d113c__w000072_000119,Subject.6/Sit down,Subject.6__Sit_down__c72d113c,0,72,119,23.0,0,0.0,0.756313145160675,0.5735551714897156,0.7252613306045532,0.6666666666666666,0.696969696969697,0.0,0.0,0,0.048675522208213806,0.14020629227161407,False
test,test\Subject.6__Sit_down__c72d113c__w000084_000131.npz,Subject.6__Sit_down__c72d113c__w000084_000131,Subject.6/Sit down,Subject.6__Sit_down__c72d113c,0,84,131,23.0,0,0.0,0.818813145160675,0.6232549548149109,0.7352349162101746,0.6666666666666666,0.696969696969697,0.0,0.0,0,0.041780732572078705,0.1253234814852474,False
test,test\Subject.6__Sit_down__c72d113c__w000096_000143.npz,Subject.6__Sit_down__c72d113c__w000096_000143,Subject.6/Sit down,Subject.6__Sit_down__c72d113c,0,96,143,23.0,0,0.0,0.8680555820465088,0.6732738614082336,0.7555506825447083,0.7272727272727273,0.7272727272727273,0.0,0.0,0,0.03304477408528328,0.1147350471466778,False
test,test\Subject.6__Sit_down__c72d113c__w000108_000155.npz,Subject.6__Sit_down__c72d113c__w000108_000155,Subject.6/Sit down,Subject.6__Sit_down__c72d113c,0,108,155,23.0,0,0.0,0.9071969985961914,0.7205072045326233,0.7823308706283569,0.7272727272727273,0.8333333333333334,0.0,0.0,0,0.017627136781811714,0.05259041823446748,False
test,test\Subject.6__Sit_down__c72d113c__w000120_000167.npz,Subject.6__Sit_down__c72d113c__w000120_000167,Subject.6/Sit down,Subject.6__Sit_down__c72d113c,0,120,167,23.0,0,0.0,0.9305555820465088,0.7643653154373169,0.8141253590583801,0.8787878787878788,0.9090909090909091,0.0,0.0,0,0.011815055273473263,0.030315485969185804,False
test,test\Subject.6__Sit_down__c72d113c__w000132_000179.npz,Subject.6__Sit_down__c72d113c__w000132_000179,Subject.6/Sit down,Subject.6__Sit_down__c72d113c,0,132,179,23.0,0,0.0,0.9204545617103577,0.7750850915908813,0.8348408937454224,0.9090909090909091,0.9090909090909091,0.0,0.0,0,0.01274111494421959,0.052930135838687394,False
test,test\Subject.6__Walk__2dae7b75__w000000_000047.npz,Subject.6__Walk__2dae7b75__w000000_000047,Subject.6/Walk,Subject.6__Walk__2dae7b75,0,0,47,23.0,0,0.0,0.9829545617103577,0.8597521781921387,0.8719205856323242,0.7272727272727273,0.990909090909091,0.0,0.0,0,0.02738274447619915,0.09381718710064882,False
test,test\Subject.6__Walk__2dae7b75__w000012_000059.npz,Subject.6__Walk__2dae7b75__w000012_000059,Subject.6/Walk,Subject.6__Walk__2dae7b75,0,12,59,23.0,0,0.0,1.0,0.9053555727005005,0.9053555727005005,1.0,1.0,0.0,0.0,0,0.017625724896788597,0.04822071604430667,False
test,test\Subject.6__Walk__2dae7b75__w000024_000071.npz,Subject.6__Walk__2dae7b75__w000024_000071,Subject.6/Walk,Subject.6__Walk__2dae7b75,0,24,71,23.0,0,0.0,1.0,0.8958258628845215,0.8958258628845215,1.0,1.0,0.0,0.0,0,0.020691042765975,0.04746849853545427,False
test,test\Subject.6__Walk__2dae7b75__w000036_000083.npz,Subject.6__Walk__2dae7b75__w000036_000083,Subject.6/Walk,Subject.6__Walk__2dae7b75,0,36,83,23.0,0,0.0,1.0,0.8807323575019836,0.8807323575019836,1.0,1.0,0.0,0.0,0,0.028004886582493782,0.08128510937094686,False
test,test\Subject.6__Walk__2dae7b75__w000048_000095.npz,Subject.6__Walk__2dae7b75__w000048_000095,Subject.6/Walk,Subject.6__Walk__2dae7b75,0,48,95,23.0,0,0.0,1.0,0.8342692255973816,0.8342692255973816,1.0,1.0,0.0,0.0,0,0.04484609141945839,0.20185353159904446,False
test,test\Subject.6__Walk__2dae7b75__w000060_000107.npz,Subject.6__Walk__2dae7b75__w000060_000107,Subject.6/Walk,Subject.6__Walk__2dae7b75,0,60,107,23.0,0,0.0,0.9968434572219849,0.7767457365989685,0.7786446809768677,0.9090909090909091,1.0,0.0,0.0,0,0.05894622579216957,0.24109655618667583,False
test,test\Subject.6__Walk__2dae7b75__w000072_000119.npz,Subject.6__Walk__2dae7b75__w000072_000119,Subject.6/Walk,Subject.6__Walk__2dae7b75,0,72,119,23.0,0,0.0,0.8876262903213501,0.699008047580719,0.7707236409187317,0.5151515151515151,0.5151515151515151,0.0,0.0,0,0.06939393281936646,0.27037852853536587,False
test,test\Subject.6__Walk__2dae7b75__w000084_000131.npz,Subject.6__Walk__2dae7b75__w000084_000131,Subject.6/Walk,Subject.6__Walk__2dae7b75,0,84,131,23.0,0,0.0,0.7601010203361511,0.6117528676986694,0.7729191184043884,0.45454545454545453,0.48484848484848486,0.0,0.14583333333333334,0,0.06091288849711418,0.2640352115035057,False
test,test\Subject.6__Walk__2dae7b75__w000096_000143.npz,Subject.6__Walk__2dae7b75__w000096_000143,Subject.6/Walk,Subject.6__Walk__2dae7b75,0,96,143,23.0,0,0.0,0.6237373948097229,0.5424253940582275,0.8201151490211487,0.45454545454545453,0.45454545454545453,0.0,0.3958333333333333,0,0.04242275655269623,0.13202724829316137,False
test,test\Subject.6__Walk__2dae7b75__w000108_000155.npz,Subject.6__Walk__2dae7b75__w000108_000155,Subject.6/Walk,Subject.6__Walk__2dae7b75,0,108,155,23.0,0,0.0,0.5031565427780151,0.5025279521942139,0.9253281354904175,0.45454545454545453,0.45454545454545453,0.0,0.5625,0,0.02792292833328247,0.05283539500087499,False
test,test\Subject.6__Walk__2dae7b75__w000120_000167.npz,Subject.6__Walk__2dae7b75__w000120_000167,Subject.6/Walk,Subject.6__Walk__2dae7b75,0,120,167,23.0,0,0.0,0.5290403962135315,0.5051575899124146,0.8997346758842468,0.45454545454545453,0.45454545454545453,0.0,0.5625,0,0.018574567511677742,0.036984242685139175,False
test,test\Subject.6__Walk__2dae7b75__w000132_000179.npz,Subject.6__Walk__2dae7b75__w000132_000179,Subject.6/Walk,Subject.6__Walk__2dae7b75,0,132,179,23.0,0,0.0,0.5864899158477783,0.5240572690963745,0.8540588021278381,0.45454545454545453,0.45454545454545453,0.0,0.4166666666666667,0,0.017897456884384155,0.0364748679101467,False
test,test\Subject.6__Walk__2dae7b75__w000144_000191.npz,Subject.6__Walk__2dae7b75__w000144_000191,Subject.6/Walk,Subject.6__Walk__2dae7b75,0,144,191,23.0,0,0.0,0.6881313323974609,0.5671521425247192,0.7930907011032104,0.45454545454545453,0.47575757575757577,0.0,0.16666666666666666,0,0.021423259750008583,0.04671802073717117,False
test,test\Subject.6__Walk__2dae7b75__w000156_000203.npz,Subject.6__Walk__2dae7b75__w000156_000203,Subject.6/Walk,Subject.6__Walk__2dae7b75,0,156,203,23.0,0,0.0,0.7828282713890076,0.6269103288650513,0.7771905660629272,0.6060606060606061,0.6363636363636364,0.0,0.0,0,0.02012784220278263,0.04586177095770836,False
test,test\Subject.6__Walk__2dae7b75__w000168_000215.npz,Subject.6__Walk__2dae7b75__w000168_000215,Subject.6/Walk,Subject.6__Walk__2dae7b75,0,168,215,23.0,0,0.0,0.8390151262283325,0.6849212646484375,0.7983585000038147,0.696969696969697,0.7272727272727273,0.0,0.0,0,0.01847541145980358,0.0443161705508828,False
test,test\Subject.6__Walk__2dae7b75__w000180_000227.npz,Subject.6__Walk__2dae7b75__w000180_000227,Subject.6/Walk,Subject.6__Walk__2dae7b75,0,180,227,23.0,0,0.0,0.8743686676025391,0.7236871719360352,0.8105144500732422,0.7272727272727273,0.8484848484848485,0.0,0.0,0,0.018968580290675163,0.04576974380761384,False
test,test\Subject.6__Walk__2dae7b75__w000192_000239.npz,Subject.6__Walk__2dae7b75__w000192_000239,Subject.6/Walk,Subject.6__Walk__2dae7b75,0,192,239,23.0,0,0.0,0.9065656661987305,0.7598729729652405,0.8265813589096069,0.8484848484848485,0.8484848484848485,0.0,0.0,0,0.016222365200519562,0.041571880877017964,False
test,test\Subject.6__Walk__2dae7b75__w000204_000251.npz,Subject.6__Walk__2dae7b75__w000204_000251,Subject.6/Walk,Subject.6__Walk__2dae7b75,0,204,251,23.0,0,0.0,0.935606062412262,0.7977973222732544,0.8454300761222839,0.8484848484848485,0.8484848484848485,0.0,0.0,0,0.014115625061094761,0.040375534445047365,False
test,test\Subject.6__Walk__2dae7b75__w000216_000263.npz,Subject.6__Walk__2dae7b75__w000216_000263,Subject.6/Walk,Subject.6__Walk__2dae7b75,0,216,263,23.0,0,0.0,0.9627525210380554,0.8308586478233337,0.8591894507408142,0.8484848484848485,0.8484848484848485,0.0,0.0,0,0.012611065059900284,0.03300687856972209,False
