{
  "summary": {
    "caucafall_tcn:OP-1": {
      "TP": 12,
      "TN": 0,
      "FP": 12,
      "FN": 0,
      "n_videos": 24,
      "accuracy": 0.5,
      "recall": 1.0,
      "specificity": 0.0
    },
    "caucafall_tcn:OP-2": {
      "TP": 12,
      "TN": 10,
      "FP": 2,
      "FN": 0,
      "n_videos": 24,
      "accuracy": 0.9166666666666666,
      "recall": 1.0,
      "specificity": 0.8333333333333334
    },
    "caucafall_tcn:OP-3": {
      "TP": 11,
      "TN": 8,
      "FP": 4,
      "FN": 1,
      "n_videos": 24,
      "accuracy": 0.7916666666666666,
      "recall": 0.9166666666666666,
      "specificity": 0.6666666666666666
    },
    "caucafall_gcn:OP-1": {
      "TP": 5,
      "TN": 10,
      "FP": 2,
      "FN": 7,
      "n_videos": 24,
      "accuracy": 0.625,
      "recall": 0.4166666666666667,
      "specificity": 0.8333333333333334
    },
    "caucafall_gcn:OP-2": {
      "TP": 5,
      "TN": 11,
      "FP": 1,
      "FN": 7,
      "n_videos": 24,
      "accuracy": 0.6666666666666666,
      "recall": 0.4166666666666667,
      "specificity": 0.9166666666666666
    },
    "caucafall_gcn:OP-3": {
      "TP": 2,
      "TN": 12,
      "FP": 0,
      "FN": 10,
      "n_videos": 24,
      "accuracy": 0.5833333333333334,
      "recall": 0.16666666666666666,
      "specificity": 1.0
    },
    "le2i_tcn:OP-1": {
      "TP": 2,
      "TN": 12,
      "FP": 0,
      "FN": 10,
      "n_videos": 24,
      "accuracy": 0.5833333333333334,
      "recall": 0.16666666666666666,
      "specificity": 1.0
    },
    "le2i_tcn:OP-2": {
      "TP": 1,
      "TN": 12,
      "FP": 0,
      "FN": 11,
      "n_videos": 24,
      "accuracy": 0.5416666666666666,
      "recall": 0.08333333333333333,
      "specificity": 1.0
    },
    "le2i_tcn:OP-3": {
      "TP": 2,
      "TN": 12,
      "FP": 0,
      "FN": 10,
      "n_videos": 24,
      "accuracy": 0.5833333333333334,
      "recall": 0.16666666666666666,
      "specificity": 1.0
    },
    "le2i_gcn:OP-1": {
      "TP": 2,
      "TN": 12,
      "FP": 0,
      "FN": 10,
      "n_videos": 24,
      "accuracy": 0.5833333333333334,
      "recall": 0.16666666666666666,
      "specificity": 1.0
    },
    "le2i_gcn:OP-2": {
      "TP": 2,
      "TN": 12,
      "FP": 0,
      "FN": 10,
      "n_videos": 24,
      "accuracy": 0.5833333333333334,
      "recall": 0.16666666666666666,
      "specificity": 1.0
    },
    "le2i_gcn:OP-3": {
      "TP": 2,
      "TN": 12,
      "FP": 0,
      "FN": 10,
      "n_videos": 24,
      "accuracy": 0.5833333333333334,
      "recall": 0.16666666666666666,
      "specificity": 1.0
    }
  },
  "rows": [
    {
      "dataset": "caucafall",
      "arch": "TCN",
      "spec_key": "caucafall_tcn",
      "op_code": "OP-1",
      "tp": 12,
      "tn": 0,
      "fp": 12,
      "fn": 0,
      "correct": 12,
      "n_videos": 24,
      "accuracy": 0.5,
      "recall": 1.0,
      "specificity": 0.0
    },
    {
      "dataset": "caucafall",
      "arch": "TCN",
      "spec_key": "caucafall_tcn",
      "op_code": "OP-2",
      "tp": 12,
      "tn": 10,
      "fp": 2,
      "fn": 0,
      "correct": 22,
      "n_videos": 24,
      "accuracy": 0.9166666666666666,
      "recall": 1.0,
      "specificity": 0.8333333333333334
    },
    {
      "dataset": "caucafall",
      "arch": "TCN",
      "spec_key": "caucafall_tcn",
      "op_code": "OP-3",
      "tp": 11,
      "tn": 8,
      "fp": 4,
      "fn": 1,
      "correct": 19,
      "n_videos": 24,
      "accuracy": 0.7916666666666666,
      "recall": 0.9166666666666666,
      "specificity": 0.6666666666666666
    },
    {
      "dataset": "caucafall",
      "arch": "GCN",
      "spec_key": "caucafall_gcn",
      "op_code": "OP-1",
      "tp": 5,
      "tn": 10,
      "fp": 2,
      "fn": 7,
      "correct": 15,
      "n_videos": 24,
      "accuracy": 0.625,
      "recall": 0.4166666666666667,
      "specificity": 0.8333333333333334
    },
    {
      "dataset": "caucafall",
      "arch": "GCN",
      "spec_key": "caucafall_gcn",
      "op_code": "OP-2",
      "tp": 5,
      "tn": 11,
      "fp": 1,
      "fn": 7,
      "correct": 16,
      "n_videos": 24,
      "accuracy": 0.6666666666666666,
      "recall": 0.4166666666666667,
      "specificity": 0.9166666666666666
    },
    {
      "dataset": "caucafall",
      "arch": "GCN",
      "spec_key": "caucafall_gcn",
      "op_code": "OP-3",
      "tp": 2,
      "tn": 12,
      "fp": 0,
      "fn": 10,
      "correct": 14,
      "n_videos": 24,
      "accuracy": 0.5833333333333334,
      "recall": 0.16666666666666666,
      "specificity": 1.0
    },
    {
      "dataset": "le2i",
      "arch": "TCN",
      "spec_key": "le2i_tcn",
      "op_code": "OP-1",
      "tp": 2,
      "tn": 12,
      "fp": 0,
      "fn": 10,
      "correct": 14,
      "n_videos": 24,
      "accuracy": 0.5833333333333334,
      "recall": 0.16666666666666666,
      "specificity": 1.0
    },
    {
      "dataset": "le2i",
      "arch": "TCN",
      "spec_key": "le2i_tcn",
      "op_code": "OP-2",
      "tp": 1,
      "tn": 12,
      "fp": 0,
      "fn": 11,
      "correct": 13,
      "n_videos": 24,
      "accuracy": 0.5416666666666666,
      "recall": 0.08333333333333333,
      "specificity": 1.0
    },
    {
      "dataset": "le2i",
      "arch": "TCN",
      "spec_key": "le2i_tcn",
      "op_code": "OP-3",
      "tp": 2,
      "tn": 12,
      "fp": 0,
      "fn": 10,
      "correct": 14,
      "n_videos": 24,
      "accuracy": 0.5833333333333334,
      "recall": 0.16666666666666666,
      "specificity": 1.0
    },
    {
      "dataset": "le2i",
      "arch": "GCN",
      "spec_key": "le2i_gcn",
      "op_code": "OP-1",
      "tp": 2,
      "tn": 12,
      "fp": 0,
      "fn": 10,
      "correct": 14,
      "n_videos": 24,
      "accuracy": 0.5833333333333334,
      "recall": 0.16666666666666666,
      "specificity": 1.0
    },
    {
      "dataset": "le2i",
      "arch": "GCN",
      "spec_key": "le2i_gcn",
      "op_code": "OP-2",
      "tp": 2,
      "tn": 12,
      "fp": 0,
      "fn": 10,
      "correct": 14,
      "n_videos": 24,
      "accuracy": 0.5833333333333334,
      "recall": 0.16666666666666666,
      "specificity": 1.0
    },
    {
      "dataset": "le2i",
      "arch": "GCN",
      "spec_key": "le2i_gcn",
      "op_code": "OP-3",
      "tp": 2,
      "tn": 12,
      "fp": 0,
      "fn": 10,
      "correct": 14,
      "n_videos": 24,
      "accuracy": 0.5833333333333334,
      "recall": 0.16666666666666666,
      "specificity": 1.0
    }
  ]
}