label,in_ap,cross_ap,delta_ap,in_f1,cross_f1,delta_f1,in_recall,cross_recall,delta_recall,in_fa24h,cross_fa24h,delta_fa24h
TCN LE2i->CAUCAFall,0.854059234461485,0.8873284612156589,0.033269226754173875,0.823529411764706,0.888888888888889,0.065359477124183,0.7777777777777778,0.8,0.022222222222222254,581.5843243262096,0.0,-581.5843243262096
TCN CAUCAFall->LE2i,0.9818646947415329,0.5796673397260564,-0.4021973550154765,0.888888888888889,0.0,-0.888888888888889,0.8,0.0,-0.8,0.0,1163.1686486524193,1163.1686486524193
GCN LE2i->CAUCAFall,0.7523456617469939,0.8264776763087747,0.07413201456178076,0.75,0.888888888888889,0.13888888888888895,0.6666666666666666,0.8,0.13333333333333341,581.5843243262096,0.0,-581.5843243262096
GCN CAUCAFall->LE2i,0.9811796596693898,0.468694380289174,-0.5124852793802158,0.5714285714285715,0.0,-0.5714285714285715,0.4,0.0,-0.4,0.0,581.5843243262096,581.5843243262096
