{
  "aggregate": [
    {
      "arch": "gcn",
      "dataset": "caucafall",
      "op": "op1",
      "n": 5,
      "f1_mean": 0.5873015873015874,
      "f1_std": 0.1976174539363291,
      "f1_ci95": 0.17321933573248957,
      "recall_mean": 0.44000000000000006,
      "recall_std": 0.21908902300206642,
      "recall_ci95": 0.19203999583420112,
      "precision_mean": 1.0,
      "precision_std": 0.0,
      "precision_ci95": 0.0,
      "fa24h_mean": 0.0,
      "fa24h_std": 0.0,
      "fa24h_ci95": 0.0,
      "tau_high_mean": 0.8259999632835389,
      "tau_high_std": 0.08590693326243513,
      "tau_high_ci95": 0.07530074706523035,
      "tau_low_mean": 0.6442799687385559,
      "tau_low_std": 0.06700742499899516,
      "tau_low_ci95": 0.058734597659629004
    },
    {
      "arch": "gcn",
      "dataset": "caucafall",
      "op": "op2",
      "n": 5,
      "f1_mean": 0.5873015873015874,
      "f1_std": 0.1976174539363291,
      "f1_ci95": 0.17321933573248957,
      "recall_mean": 0.44000000000000006,
      "recall_std": 0.21908902300206642,
      "recall_ci95": 0.19203999583420112,
      "precision_mean": 1.0,
      "precision_std": 0.0,
      "precision_ci95": 0.0,
      "fa24h_mean": 0.0,
      "fa24h_std": 0.0,
      "fa24h_ci95": 0.0,
      "tau_high_mean": 0.8259999632835389,
      "tau_high_std": 0.08590693326243513,
      "tau_high_ci95": 0.07530074706523035,
      "tau_low_mean": 0.6442799687385559,
      "tau_low_std": 0.06700742499899516,
      "tau_low_ci95": 0.058734597659629004
    },
    {
      "arch": "gcn",
      "dataset": "caucafall",
      "op": "op3",
      "n": 5,
      "f1_mean": 0.5873015873015874,
      "f1_std": 0.1976174539363291,
      "f1_ci95": 0.17321933573248957,
      "recall_mean": 0.44000000000000006,
      "recall_std": 0.21908902300206642,
      "recall_ci95": 0.19203999583420112,
      "precision_mean": 1.0,
      "precision_std": 0.0,
      "precision_ci95": 0.0,
      "fa24h_mean": 0.0,
      "fa24h_std": 0.0,
      "fa24h_ci95": 0.0,
      "tau_high_mean": 0.8259999632835389,
      "tau_high_std": 0.08590693326243513,
      "tau_high_ci95": 0.07530074706523035,
      "tau_low_mean": 0.6442799687385559,
      "tau_low_std": 0.06700742499899516,
      "tau_low_ci95": 0.058734597659629004
    },
    {
      "arch": "gcn",
      "dataset": "le2i",
      "op": "op1",
      "n": 5,
      "f1_mean": 0.75,
      "f1_std": 0.0,
      "f1_ci95": 0.0,
      "recall_mean": 0.6666666666666666,
      "recall_std": 0.0,
      "recall_ci95": 0.0,
      "precision_mean": 0.8571428571428571,
      "precision_std": 0.0,
      "precision_ci95": 0.0,
      "fa24h_mean": 581.5843243262096,
      "fa24h_std": 0.0,
      "fa24h_ci95": 0.0,
      "tau_high_mean": 0.537999975681305,
      "tau_high_std": 0.058051695016434285,
      "tau_high_ci95": 0.05088455421620647,
      "tau_low_mean": 0.41963998079299925,
      "tau_low_std": 0.045280327133631004,
      "tau_low_ci95": 0.03968995668957703
    },
    {
      "arch": "gcn",
      "dataset": "le2i",
      "op": "op2",
      "n": 5,
      "f1_mean": 0.75,
      "f1_std": 0.0,
      "f1_ci95": 0.0,
      "recall_mean": 0.6666666666666666,
      "recall_std": 0.0,
      "recall_ci95": 0.0,
      "precision_mean": 0.8571428571428571,
      "precision_std": 0.0,
      "precision_ci95": 0.0,
      "fa24h_mean": 581.5843243262096,
      "fa24h_std": 0.0,
      "fa24h_ci95": 0.0,
      "tau_high_mean": 0.537999975681305,
      "tau_high_std": 0.058051695016434285,
      "tau_high_ci95": 0.05088455421620647,
      "tau_low_mean": 0.41963998079299925,
      "tau_low_std": 0.045280327133631004,
      "tau_low_ci95": 0.03968995668957703
    },
    {
      "arch": "gcn",
      "dataset": "le2i",
      "op": "op3",
      "n": 5,
      "f1_mean": 0.6369047619047619,
      "f1_std": 0.07482026839271748,
      "f1_ci95": 0.06558285683859091,
      "recall_mean": 0.5333333333333334,
      "recall_std": 0.09296222517045284,
      "recall_ci95": 0.08148498308974361,
      "precision_mean": 0.800952380952381,
      "precision_std": 0.0541267513843155,
      "precision_ci95": 0.04744418943465163,
      "fa24h_mean": 697.9011891914516,
      "fa24h_std": 260.09241676833784,
      "fa24h_ci95": 227.98105513587416,
      "tau_high_mean": 0.5819999873638153,
      "tau_high_std": 0.05403703182299419,
      "tau_high_ci95": 0.04736554677174548,
      "tau_low_mean": 0.453959983587265,
      "tau_low_std": 0.04214888432557065,
      "tau_low_ci95": 0.03694512604687853
    },
    {
      "arch": "tcn",
      "dataset": "caucafall",
      "op": "op1",
      "n": 5,
      "f1_mean": 0.861111111111111,
      "f1_std": 0.06211299937499424,
      "f1_ci95": 0.05444444444444452,
      "recall_mean": 0.76,
      "recall_std": 0.08944271909999163,
      "recall_ci95": 0.07840000000000003,
      "precision_mean": 1.0,
      "precision_std": 0.0,
      "precision_ci95": 0.0,
      "fa24h_mean": 0.0,
      "fa24h_std": 0.0,
      "fa24h_ci95": 0.0,
      "tau_high_mean": 0.865999948978424,
      "tau_high_std": 0.005477220351562305,
      "tau_high_ci95": 0.004800995317264735,
      "tau_low_mean": 0.6754799604415893,
      "tau_low_std": 0.004272226650729242,
      "tau_low_ci95": 0.0037447717688761993
    },
    {
      "arch": "tcn",
      "dataset": "caucafall",
      "op": "op2",
      "n": 5,
      "f1_mean": 0.861111111111111,
      "f1_std": 0.06211299937499424,
      "f1_ci95": 0.05444444444444452,
      "recall_mean": 0.76,
      "recall_std": 0.08944271909999163,
      "recall_ci95": 0.07840000000000003,
      "precision_mean": 1.0,
      "precision_std": 0.0,
      "precision_ci95": 0.0,
      "fa24h_mean": 0.0,
      "fa24h_std": 0.0,
      "fa24h_ci95": 0.0,
      "tau_high_mean": 0.865999948978424,
      "tau_high_std": 0.005477220351562305,
      "tau_high_ci95": 0.004800995317264735,
      "tau_low_mean": 0.6754799604415893,
      "tau_low_std": 0.004272226650729242,
      "tau_low_ci95": 0.0037447717688761993
    },
    {
      "arch": "tcn",
      "dataset": "caucafall",
      "op": "op3",
      "n": 5,
      "f1_mean": 0.861111111111111,
      "f1_std": 0.06211299937499424,
      "f1_ci95": 0.05444444444444452,
      "recall_mean": 0.76,
      "recall_std": 0.08944271909999163,
      "recall_ci95": 0.07840000000000003,
      "precision_mean": 1.0,
      "precision_std": 0.0,
      "precision_ci95": 0.0,
      "fa24h_mean": 0.0,
      "fa24h_std": 0.0,
      "fa24h_ci95": 0.0,
      "tau_high_mean": 0.865999948978424,
      "tau_high_std": 0.005477220351562305,
      "tau_high_ci95": 0.004800995317264735,
      "tau_low_mean": 0.6754799604415893,
      "tau_low_std": 0.004272226650729242,
      "tau_low_ci95": 0.0037447717688761993
    },
    {
      "arch": "tcn",
      "dataset": "le2i",
      "op": "op1",
      "n": 5,
      "f1_mean": 0.823529411764706,
      "f1_std": 0.0,
      "f1_ci95": 0.0,
      "recall_mean": 0.7777777777777778,
      "recall_std": 0.0,
      "recall_ci95": 0.0,
      "precision_mean": 0.875,
      "precision_std": 0.0,
      "precision_ci95": 0.0,
      "fa24h_mean": 581.5843243262096,
      "fa24h_std": 0.0,
      "fa24h_ci95": 0.0,
      "tau_high_mean": 0.5879999756813049,
      "tau_high_std": 0.0216794627135123,
      "tau_high_ci95": 0.019002886918489538,
      "tau_low_mean": 0.45863999128341676,
      "tau_low_std": 0.0169099849855886,
      "tau_low_ci95": 0.014822255363100549
    },
    {
      "arch": "tcn",
      "dataset": "le2i",
      "op": "op2",
      "n": 5,
      "f1_mean": 0.823529411764706,
      "f1_std": 0.0,
      "f1_ci95": 0.0,
      "recall_mean": 0.7777777777777778,
      "recall_std": 0.0,
      "recall_ci95": 0.0,
      "precision_mean": 0.875,
      "precision_std": 0.0,
      "precision_ci95": 0.0,
      "fa24h_mean": 581.5843243262096,
      "fa24h_std": 0.0,
      "fa24h_ci95": 0.0,
      "tau_high_mean": 0.5879999756813049,
      "tau_high_std": 0.0216794627135123,
      "tau_high_ci95": 0.019002886918489538,