{
  "datasets": {
    "caucafall": {
      "fps_effective_mean": 23.0,
      "n_windows": 300,
      "stride_seconds": 0.5217391304347826,
      "window_frames_mean": 48.0,
      "window_seconds": 2.0869565217391304
    },
    "le2i": {
      "fps_effective_mean": 24.90003833770752,
      "n_windows": 300,
      "stride_seconds": 0.48192696883633823,
      "window_frames_mean": 48.0,
      "window_seconds": 1.927707875345353
    }
  },
  "failures": []
}
